<annotation>
   <folder>416multip416</folder>
   <filename>0004.jpg</filename>
   <path>E:\416multip416\0004.jpg</path>
   <source>
      <database>Unknow</database>
   </source>
   <size>
      <width>416</width>
      <height>416</height>
      <depth>3</depth>
   </size>
   <segmented>0</segmented>
   <object>
      <name>head</name>
      <pose>Unspecified</pose>
      <truncated>0</truncated>
      <difficult>0</difficult>
      <bndbox>
         <xmin>95</xmin>
         <ymin>1</ymin>
         <xmax>292</xmax>
         <ymax>291</ymax>
      </bndbox>
   </object>
   <object>
      <name>mouth</name>
      <pose>Unspecified</pose>
      <truncated>0</truncated>
      <difficult>0</difficult>
      <bndbox>
         <xmin>164</xmin>
         <ymin>215</ymin>
         <xmax>223</xmax>
         <ymax>237</ymax>
      </bndbox>
   </object>
   <object>
      <name>nose</name>
      <pose>Unspecified</pose>
      <truncated>0</truncated>
      <difficult>0</difficult>
      <bndbox>
         <xmin>170</xmin>
         <ymin>173</ymin>
         <xmax>221</xmax>
         <ymax>207</ymax>
      </bndbox>
   </object>
   <object>
      <name>leftiris</name>
      <pose>Unspecified</pose>
      <truncated>0</truncated>
      <difficult>0</difficult>
      <bndbox>
         <xmin>218</xmin>
         <ymin>144</ymin>
         <xmax>231</xmax>
         <ymax>153</ymax>
      </bndbox>
   </object>
   <object>
      <name>righteye</name>
      <pose>Unspecified</pose>
      <truncated>0</truncated>
      <difficult>0</difficult>
      <bndbox>
         <xmin>145</xmin>
         <ymin>141</ymin>
         <xmax>178</xmax>
         <ymax>156</ymax>
      </bndbox>
   </object>
   <object>
      <name>lefteye</name>
      <pose>Unspecified</pose>
      <truncated>0</truncated>
      <difficult>0</difficult>
      <bndbox>
         <xmin>210</xmin>
         <ymin>142</ymin>
         <xmax>245</xmax>
         <ymax>155</ymax>
      </bndbox>
   </object>
   <object>
      <name>rightiris</name>
      <pose>Unspecified</pose>
      <truncated>0</truncated>
      <difficult>0</difficult>
      <bndbox>
         <xmin>158</xmin>
         <ymin>144</ymin>
         <xmax>170</xmax>
         <ymax>153</ymax>
      </bndbox>
   </object>
</annotation>
