<annotation>
   <folder>416multip416</folder>
   <filename>0005.jpg</filename>
   <path>E:\416multip416\0005.jpg</path>
   <source>
      <database>Unknow</database>
   </source>
   <size>
      <width>416</width>
      <height>416</height>
      <depth>3</depth>
   </size>
   <segmented>0</segmented>
   <object>
      <name>head</name>
      <pose>Unspecified</pose>
      <truncated>0</truncated>
      <difficult>0</difficult>
      <bndbox>
         <xmin>76</xmin>
         <ymin>4</ymin>
         <xmax>268</xmax>
         <ymax>266</ymax>
      </bndbox>
   </object>
   <object>
      <name>mouth</name>
      <pose>Unspecified</pose>
      <truncated>0</truncated>
      <difficult>0</difficult>
      <bndbox>
         <xmin>144</xmin>
         <ymin>191</ymin>
         <xmax>208</xmax>
         <ymax>226</ymax>
      </bndbox>
   </object>
   <object>
      <name>nose</name>
      <pose>Unspecified</pose>
      <truncated>0</truncated>
      <difficult>0</difficult>
      <bndbox>
         <xmin>154</xmin>
         <ymin>150</ymin>
         <xmax>197</xmax>
         <ymax>178</ymax>
      </bndbox>
   </object>
   <object>
      <name>leftiris</name>
      <pose>Unspecified</pose>
      <truncated>0</truncated>
      <difficult>0</difficult>
      <bndbox>
         <xmin>199</xmin>
         <ymin>113</ymin>
         <xmax>212</xmax>
         <ymax>125</ymax>
      </bndbox>
   </object>
   <object>
      <name>righteye</name>
      <pose>Unspecified</pose>
      <truncated>0</truncated>
      <difficult>0</difficult>
      <bndbox>
         <xmin>123</xmin>
         <ymin>108</ymin>
         <xmax>159</xmax>
         <ymax>127</ymax>
      </bndbox>
   </object>
   <object>
      <name>lefteye</name>
      <pose>Unspecified</pose>
      <truncated>0</truncated>
      <difficult>0</difficult>
      <bndbox>
         <xmin>190</xmin>
         <ymin>110</ymin>
         <xmax>228</xmax>
         <ymax>128</ymax>
      </bndbox>
   </object>
   <object>
      <name>rightiris</name>
      <pose>Unspecified</pose>
      <truncated>0</truncated>
      <difficult>0</difficult>
      <bndbox>
         <xmin>137</xmin>
         <ymin>111</ymin>
         <xmax>150</xmax>
         <ymax>123</ymax>
      </bndbox>
   </object>
</annotation>
