<annotation>
   <folder>416multip416</folder>
   <filename>0010.jpg</filename>
   <path>E:\416multip416\0010.jpg</path>
   <source>
      <database>Unknow</database>
   </source>
   <size>
      <width>416</width>
      <height>416</height>
      <depth>3</depth>
   </size>
   <segmented>0</segmented>
   <object>
      <name>head</name>
      <pose>Unspecified</pose>
      <truncated>0</truncated>
      <difficult>0</difficult>
      <bndbox>
         <xmin>99</xmin>
         <ymin>52</ymin>
         <xmax>298</xmax>
         <ymax>299</ymax>
      </bndbox>
   </object>
   <object>
      <name>mouth</name>
      <pose>Unspecified</pose>
      <truncated>0</truncated>
      <difficult>0</difficult>
      <bndbox>
         <xmin>170</xmin>
         <ymin>248</ymin>
         <xmax>225</xmax>
         <ymax>281</ymax>
      </bndbox>
   </object>
   <object>
      <name>nose</name>
      <pose>Unspecified</pose>
      <truncated>0</truncated>
      <difficult>0</difficult>
      <bndbox>
         <xmin>171</xmin>
         <ymin>212</ymin>
         <xmax>220</xmax>
         <ymax>242</ymax>
      </bndbox>
   </object>
   <object>
      <name>leftiris</name>
      <pose>Unspecified</pose>
      <truncated>0</truncated>
      <difficult>0</difficult>
      <bndbox>
         <xmin>218</xmin>
         <ymin>177</ymin>
         <xmax>232</xmax>
         <ymax>189</ymax>
      </bndbox>
   </object>
   <object>
      <name>righteye</name>
      <pose>Unspecified</pose>
      <truncated>0</truncated>
      <difficult>0</difficult>
      <bndbox>
         <xmin>146</xmin>
         <ymin>177</ymin>
         <xmax>179</xmax>
         <ymax>194</ymax>
      </bndbox>
   </object>
   <object>
      <name>lefteye</name>
      <pose>Unspecified</pose>
      <truncated>0</truncated>
      <difficult>0</difficult>
      <bndbox>
         <xmin>210</xmin>
         <ymin>174</ymin>
         <xmax>241</xmax>
         <ymax>192</ymax>
      </bndbox>
   </object>
   <object>
      <name>rightiris</name>
      <pose>Unspecified</pose>
      <truncated>0</truncated>
      <difficult>0</difficult>
      <bndbox>
         <xmin>156</xmin>
         <ymin>180</ymin>
         <xmax>170</xmax>
         <ymax>193</ymax>
      </bndbox>
   </object>
</annotation>
