<annotation>
   <folder>416multip416</folder>
   <filename>0012.jpg</filename>
   <path>E:\416multip416\0012.jpg</path>
   <source>
      <database>Unknow</database>
   </source>
   <size>
      <width>416</width>
      <height>416</height>
      <depth>3</depth>
   </size>
   <segmented>0</segmented>
   <object>
      <name>head</name>
      <pose>Unspecified</pose>
      <truncated>0</truncated>
      <difficult>0</difficult>
      <bndbox>
         <xmin>91</xmin>
         <ymin>3</ymin>
         <xmax>313</xmax>
         <ymax>300</ymax>
      </bndbox>
   </object>
   <object>
      <name>mouth</name>
      <pose>Unspecified</pose>
      <truncated>0</truncated>
      <difficult>0</difficult>
      <bndbox>
         <xmin>168</xmin>
         <ymin>214</ymin>
         <xmax>229</xmax>
         <ymax>248</ymax>
      </bndbox>
   </object>
   <object>
      <name>nose</name>
      <pose>Unspecified</pose>
      <truncated>0</truncated>
      <difficult>0</difficult>
      <bndbox>
         <xmin>170</xmin>
         <ymin>173</ymin>
         <xmax>220</xmax>
         <ymax>207</ymax>
      </bndbox>
   </object>
   <object>
      <name>leftiris</name>
      <pose>Unspecified</pose>
      <truncated>0</truncated>
      <difficult>0</difficult>
      <bndbox>
         <xmin>225</xmin>
         <ymin>139</ymin>
         <xmax>239</xmax>
         <ymax>149</ymax>
      </bndbox>
   </object>
   <object>
      <name>righteye</name>
      <pose>Unspecified</pose>
      <truncated>0</truncated>
      <difficult>0</difficult>
      <bndbox>
         <xmin>140</xmin>
         <ymin>136</ymin>
         <xmax>176</xmax>
         <ymax>150</ymax>
      </bndbox>
   </object>
   <object>
      <name>lefteye</name>
      <pose>Unspecified</pose>
      <truncated>0</truncated>
      <difficult>0</difficult>
      <bndbox>
         <xmin>215</xmin>
         <ymin>136</ymin>
         <xmax>251</xmax>
         <ymax>151</ymax>
      </bndbox>
   </object>
   <object>
      <name>rightiris</name>
      <pose>Unspecified</pose>
      <truncated>0</truncated>
      <difficult>0</difficult>
      <bndbox>
         <xmin>152</xmin>
         <ymin>139</ymin>
         <xmax>168</xmax>
         <ymax>148</ymax>
      </bndbox>
   </object>
</annotation>
