<annotation>
   <folder>416multip416</folder>
   <filename>0020.jpg</filename>
   <path>E:\416multip416\0020.jpg</path>
   <source>
      <database>Unknow</database>
   </source>
   <size>
      <width>416</width>
      <height>416</height>
      <depth>3</depth>
   </size>
   <segmented>0</segmented>
   <object>
      <name>head</name>
      <pose>Unspecified</pose>
      <truncated>0</truncated>
      <difficult>0</difficult>
      <bndbox>
         <xmin>61</xmin>
         <ymin>2</ymin>
         <xmax>306</xmax>
         <ymax>274</ymax>
      </bndbox>
   </object>
   <object>
      <name>mouth</name>
      <pose>Unspecified</pose>
      <truncated>0</truncated>
      <difficult>0</difficult>
      <bndbox>
         <xmin>140</xmin>
         <ymin>188</ymin>
         <xmax>211</xmax>
         <ymax>225</ymax>
      </bndbox>
   </object>
   <object>
      <name>nose</name>
      <pose>Unspecified</pose>
      <truncated>0</truncated>
      <difficult>0</difficult>
      <bndbox>
         <xmin>141</xmin>
         <ymin>141</ymin>
         <xmax>202</xmax>
         <ymax>179</ymax>
      </bndbox>
   </object>
   <object>
      <name>leftiris</name>
      <pose>Unspecified</pose>
      <truncated>0</truncated>
      <difficult>0</difficult>
      <bndbox>
         <xmin>204</xmin>
         <ymin>97</ymin>
         <xmax>220</xmax>
         <ymax>110</ymax>
      </bndbox>
   </object>
   <object>
      <name>righteye</name>
      <pose>Unspecified</pose>
      <truncated>0</truncated>
      <difficult>0</difficult>
      <bndbox>
         <xmin>114</xmin>
         <ymin>99</ymin>
         <xmax>154</xmax>
         <ymax>116</ymax>
      </bndbox>
   </object>
   <object>
      <name>lefteye</name>
      <pose>Unspecified</pose>
      <truncated>0</truncated>
      <difficult>0</difficult>
      <bndbox>
         <xmin>191</xmin>
         <ymin>95</ymin>
         <xmax>233</xmax>
         <ymax>112</ymax>
      </bndbox>
   </object>
   <object>
      <name>rightiris</name>
      <pose>Unspecified</pose>
      <truncated>0</truncated>
      <difficult>0</difficult>
      <bndbox>
         <xmin>129</xmin>
         <ymin>102</ymin>
         <xmax>145</xmax>
         <ymax>115</ymax>
      </bndbox>
   </object>
</annotation>
