<annotation>
   <folder>416multip416</folder>
   <filename>0022.jpg</filename>
   <path>E:\416multip416\0022.jpg</path>
   <source>
      <database>Unknow</database>
   </source>
   <size>
      <width>416</width>
      <height>416</height>
      <depth>3</depth>
   </size>
   <segmented>0</segmented>
   <object>
      <name>head</name>
      <pose>Unspecified</pose>
      <truncated>0</truncated>
      <difficult>0</difficult>
      <bndbox>
         <xmin>60</xmin>
         <ymin>2</ymin>
         <xmax>279</xmax>
         <ymax>297</ymax>
      </bndbox>
   </object>
   <object>
      <name>mouth</name>
      <pose>Unspecified</pose>
      <truncated>0</truncated>
      <difficult>0</difficult>
      <bndbox>
         <xmin>145</xmin>
         <ymin>225</ymin>
         <xmax>213</xmax>
         <ymax>262</ymax>
      </bndbox>
   </object>
   <object>
      <name>nose</name>
      <pose>Unspecified</pose>
      <truncated>0</truncated>
      <difficult>0</difficult>
      <bndbox>
         <xmin>151</xmin>
         <ymin>188</ymin>
         <xmax>205</xmax>
         <ymax>221</ymax>
      </bndbox>
   </object>
   <object>
      <name>leftiris</name>
      <pose>Unspecified</pose>
      <truncated>0</truncated>
      <difficult>0</difficult>
      <bndbox>
         <xmin>203</xmin>
         <ymin>151</ymin>
         <xmax>217</xmax>
         <ymax>163</ymax>
      </bndbox>
   </object>
   <object>
      <name>righteye</name>
      <pose>Unspecified</pose>
      <truncated>0</truncated>
      <difficult>0</difficult>
      <bndbox>
         <xmin>118</xmin>
         <ymin>152</ymin>
         <xmax>160</xmax>
         <ymax>168</ymax>
      </bndbox>
   </object>
   <object>
      <name>lefteye</name>
      <pose>Unspecified</pose>
      <truncated>0</truncated>
      <difficult>0</difficult>
      <bndbox>
         <xmin>194</xmin>
         <ymin>149</ymin>
         <xmax>231</xmax>
         <ymax>165</ymax>
      </bndbox>
   </object>
   <object>
      <name>rightiris</name>
      <pose>Unspecified</pose>
      <truncated>0</truncated>
      <difficult>0</difficult>
      <bndbox>
         <xmin>133</xmin>
         <ymin>155</ymin>
         <xmax>148</xmax>
         <ymax>166</ymax>
      </bndbox>
   </object>
</annotation>
