<annotation>
   <folder>416multip416</folder>
   <filename>0023.jpg</filename>
   <path>E:\416multip416\0023.jpg</path>
   <source>
      <database>Unknow</database>
   </source>
   <size>
      <width>416</width>
      <height>416</height>
      <depth>3</depth>
   </size>
   <segmented>0</segmented>
   <object>
      <name>head</name>
      <pose>Unspecified</pose>
      <truncated>0</truncated>
      <difficult>0</difficult>
      <bndbox>
         <xmin>52</xmin>
         <ymin>1</ymin>
         <xmax>270</xmax>
         <ymax>229</ymax>
      </bndbox>
   </object>
   <object>
      <name>mouth</name>
      <pose>Unspecified</pose>
      <truncated>0</truncated>
      <difficult>0</difficult>
      <bndbox>
         <xmin>133</xmin>
         <ymin>140</ymin>
         <xmax>197</xmax>
         <ymax>176</ymax>
      </bndbox>
   </object>
   <object>
      <name>nose</name>
      <pose>Unspecified</pose>
      <truncated>0</truncated>
      <difficult>0</difficult>
      <bndbox>
         <xmin>140</xmin>
         <ymin>97</ymin>
         <xmax>191</xmax>
         <ymax>133</ymax>
      </bndbox>
   </object>
   <object>
      <name>leftiris</name>
      <pose>Unspecified</pose>
      <truncated>0</truncated>
      <difficult>0</difficult>
      <bndbox>
         <xmin>193</xmin>
         <ymin>68</ymin>
         <xmax>207</xmax>
         <ymax>78</ymax>
      </bndbox>
   </object>
   <object>
      <name>righteye</name>
      <pose>Unspecified</pose>
      <truncated>0</truncated>
      <difficult>0</difficult>
      <bndbox>
         <xmin>112</xmin>
         <ymin>64</ymin>
         <xmax>148</xmax>
         <ymax>78</ymax>
      </bndbox>
   </object>
   <object>
      <name>lefteye</name>
      <pose>Unspecified</pose>
      <truncated>0</truncated>
      <difficult>0</difficult>
      <bndbox>
         <xmin>185</xmin>
         <ymin>65</ymin>
         <xmax>219</xmax>
         <ymax>80</ymax>
      </bndbox>
   </object>
   <object>
      <name>rightiris</name>
      <pose>Unspecified</pose>
      <truncated>0</truncated>
      <difficult>0</difficult>
      <bndbox>
         <xmin>124</xmin>
         <ymin>66</ymin>
         <xmax>138</xmax>
         <ymax>76</ymax>
      </bndbox>
   </object>
</annotation>
