<annotation>
   <folder>416multip416</folder>
   <filename>0024.jpg</filename>
   <path>E:\416multip416\0024.jpg</path>
   <source>
      <database>Unknow</database>
   </source>
   <size>
      <width>416</width>
      <height>416</height>
      <depth>3</depth>
   </size>
   <segmented>0</segmented>
   <object>
      <name>head</name>
      <pose>Unspecified</pose>
      <truncated>0</truncated>
      <difficult>0</difficult>
      <bndbox>
         <xmin>58</xmin>
         <ymin>3</ymin>
         <xmax>266</xmax>
         <ymax>295</ymax>
      </bndbox>
   </object>
   <object>
      <name>mouth</name>
      <pose>Unspecified</pose>
      <truncated>0</truncated>
      <difficult>0</difficult>
      <bndbox>
         <xmin>137</xmin>
         <ymin>218</ymin>
         <xmax>200</xmax>
         <ymax>256</ymax>
      </bndbox>
   </object>
   <object>
      <name>nose</name>
      <pose>Unspecified</pose>
      <truncated>0</truncated>
      <difficult>0</difficult>
      <bndbox>
         <xmin>140</xmin>
         <ymin>178</ymin>
         <xmax>192</xmax>
         <ymax>212</ymax>
      </bndbox>
   </object>
   <object>
      <name>leftiris</name>
      <pose>Unspecified</pose>
      <truncated>0</truncated>
      <difficult>0</difficult>
      <bndbox>
         <xmin>191</xmin>
         <ymin>146</ymin>
         <xmax>203</xmax>
         <ymax>156</ymax>
      </bndbox>
   </object>
   <object>
      <name>righteye</name>
      <pose>Unspecified</pose>
      <truncated>0</truncated>
      <difficult>0</difficult>
      <bndbox>
         <xmin>116</xmin>
         <ymin>142</ymin>
         <xmax>150</xmax>
         <ymax>159</ymax>
      </bndbox>
   </object>
   <object>
      <name>lefteye</name>
      <pose>Unspecified</pose>
      <truncated>0</truncated>
      <difficult>0</difficult>
      <bndbox>
         <xmin>181</xmin>
         <ymin>143</ymin>
         <xmax>214</xmax>
         <ymax>158</ymax>
      </bndbox>
   </object>
   <object>
      <name>rightiris</name>
      <pose>Unspecified</pose>
      <truncated>0</truncated>
      <difficult>0</difficult>
      <bndbox>
         <xmin>128</xmin>
         <ymin>147</ymin>
         <xmax>140</xmax>
         <ymax>157</ymax>
      </bndbox>
   </object>
</annotation>
