<annotation>
   <folder>416multip416</folder>
   <filename>0025.jpg</filename>
   <path>E:\416multip416\0025.jpg</path>
   <source>
      <database>Unknow</database>
   </source>
   <size>
      <width>416</width>
      <height>416</height>
      <depth>3</depth>
   </size>
   <segmented>0</segmented>
   <object>
      <name>head</name>
      <pose>Unspecified</pose>
      <truncated>0</truncated>
      <difficult>0</difficult>
      <bndbox>
         <xmin>83</xmin>
         <ymin>16</ymin>
         <xmax>288</xmax>
         <ymax>300</ymax>
      </bndbox>
   </object>
   <object>
      <name>mouth</name>
      <pose>Unspecified</pose>
      <truncated>0</truncated>
      <difficult>0</difficult>
      <bndbox>
         <xmin>164</xmin>
         <ymin>229</ymin>
         <xmax>221</xmax>
         <ymax>264</ymax>
      </bndbox>
   </object>
   <object>
      <name>nose</name>
      <pose>Unspecified</pose>
      <truncated>0</truncated>
      <difficult>0</difficult>
      <bndbox>
         <xmin>171</xmin>
         <ymin>194</ymin>
         <xmax>215</xmax>
         <ymax>226</ymax>
      </bndbox>
   </object>
   <object>
      <name>leftiris</name>
      <pose>Unspecified</pose>
      <truncated>0</truncated>
      <difficult>0</difficult>
      <bndbox>
         <xmin>217</xmin>
         <ymin>158</ymin>
         <xmax>230</xmax>
         <ymax>169</ymax>
      </bndbox>
   </object>
   <object>
      <name>righteye</name>
      <pose>Unspecified</pose>
      <truncated>0</truncated>
      <difficult>0</difficult>
      <bndbox>
         <xmin>145</xmin>
         <ymin>156</ymin>
         <xmax>176</xmax>
         <ymax>172</ymax>
      </bndbox>
   </object>
   <object>
      <name>lefteye</name>
      <pose>Unspecified</pose>
      <truncated>0</truncated>
      <difficult>0</difficult>
      <bndbox>
         <xmin>210</xmin>
         <ymin>157</ymin>
         <xmax>242</xmax>
         <ymax>171</ymax>
      </bndbox>
   </object>
   <object>
      <name>rightiris</name>
      <pose>Unspecified</pose>
      <truncated>0</truncated>
      <difficult>0</difficult>
      <bndbox>
         <xmin>155</xmin>
         <ymin>159</ymin>
         <xmax>169</xmax>
         <ymax>171</ymax>
      </bndbox>
   </object>
</annotation>
