<annotation>
   <folder>416multip416</folder>
   <filename>0027.jpg</filename>
   <path>E:\416multip416\0027.jpg</path>
   <source>
      <database>Unknow</database>
   </source>
   <size>
      <width>416</width>
      <height>416</height>
      <depth>3</depth>
   </size>
   <segmented>0</segmented>
   <object>
      <name>head</name>
      <pose>Unspecified</pose>
      <truncated>0</truncated>
      <difficult>0</difficult>
      <bndbox>
         <xmin>68</xmin>
         <ymin>10</ymin>
         <xmax>287</xmax>
         <ymax>300</ymax>
      </bndbox>
   </object>
   <object>
      <name>mouth</name>
      <pose>Unspecified</pose>
      <truncated>0</truncated>
      <difficult>0</difficult>
      <bndbox>
         <xmin>145</xmin>
         <ymin>235</ymin>
         <xmax>211</xmax>
         <ymax>270</ymax>
      </bndbox>
   </object>
   <object>
      <name>nose</name>
      <pose>Unspecified</pose>
      <truncated>0</truncated>
      <difficult>0</difficult>
      <bndbox>
         <xmin>155</xmin>
         <ymin>192</ymin>
         <xmax>203</xmax>
         <ymax>228</ymax>
      </bndbox>
   </object>
   <object>
      <name>leftiris</name>
      <pose>Unspecified</pose>
      <truncated>0</truncated>
      <difficult>0</difficult>
      <bndbox>
         <xmin>207</xmin>
         <ymin>158</ymin>
         <xmax>221</xmax>
         <ymax>167</ymax>
      </bndbox>
   </object>
   <object>
      <name>righteye</name>
      <pose>Unspecified</pose>
      <truncated>0</truncated>
      <difficult>0</difficult>
      <bndbox>
         <xmin>123</xmin>
         <ymin>154</ymin>
         <xmax>159</xmax>
         <ymax>169</ymax>
      </bndbox>
   </object>
   <object>
      <name>lefteye</name>
      <pose>Unspecified</pose>
      <truncated>0</truncated>
      <difficult>0</difficult>
      <bndbox>
         <xmin>199</xmin>
         <ymin>155</ymin>
         <xmax>236</xmax>
         <ymax>169</ymax>
      </bndbox>
   </object>
   <object>
      <name>rightiris</name>
      <pose>Unspecified</pose>
      <truncated>0</truncated>
      <difficult>0</difficult>
      <bndbox>
         <xmin>137</xmin>
         <ymin>157</ymin>
         <xmax>151</xmax>
         <ymax>167</ymax>
      </bndbox>
   </object>
</annotation>
