<annotation>
   <folder>416multip416</folder>
   <filename>0033.jpg</filename>
   <path>E:\416multip416\0033.jpg</path>
   <source>
      <database>Unknow</database>
   </source>
   <size>
      <width>416</width>
      <height>416</height>
      <depth>3</depth>
   </size>
   <segmented>0</segmented>
   <object>
      <name>head</name>
      <pose>Unspecified</pose>
      <truncated>0</truncated>
      <difficult>0</difficult>
      <bndbox>
         <xmin>62</xmin>
         <ymin>2</ymin>
         <xmax>295</xmax>
         <ymax>300</ymax>
      </bndbox>
   </object>
   <object>
      <name>mouth</name>
      <pose>Unspecified</pose>
      <truncated>0</truncated>
      <difficult>0</difficult>
      <bndbox>
         <xmin>145</xmin>
         <ymin>213</ymin>
         <xmax>210</xmax>
         <ymax>245</ymax>
      </bndbox>
   </object>
   <object>
      <name>nose</name>
      <pose>Unspecified</pose>
      <truncated>0</truncated>
      <difficult>0</difficult>
      <bndbox>
         <xmin>143</xmin>
         <ymin>168</ymin>
         <xmax>207</xmax>
         <ymax>201</ymax>
      </bndbox>
   </object>
   <object>
      <name>leftiris</name>
      <pose>Unspecified</pose>
      <truncated>0</truncated>
      <difficult>0</difficult>
      <bndbox>
         <xmin>204</xmin>
         <ymin>125</ymin>
         <xmax>219</xmax>
         <ymax>137</ymax>
      </bndbox>
   </object>
   <object>
      <name>righteye</name>
      <pose>Unspecified</pose>
      <truncated>0</truncated>
      <difficult>0</difficult>
      <bndbox>
         <xmin>117</xmin>
         <ymin>130</ymin>
         <xmax>155</xmax>
         <ymax>146</ymax>
      </bndbox>
   </object>
   <object>
      <name>lefteye</name>
      <pose>Unspecified</pose>
      <truncated>0</truncated>
      <difficult>0</difficult>
      <bndbox>
         <xmin>192</xmin>
         <ymin>123</ymin>
         <xmax>230</xmax>
         <ymax>139</ymax>
      </bndbox>
   </object>
   <object>
      <name>rightiris</name>
      <pose>Unspecified</pose>
      <truncated>0</truncated>
      <difficult>0</difficult>
      <bndbox>
         <xmin>130</xmin>
         <ymin>133</ymin>
         <xmax>145</xmax>
         <ymax>144</ymax>
      </bndbox>
   </object>
</annotation>
