<annotation>
   <folder>416multip416</folder>
   <filename>0036.jpg</filename>
   <path>E:\416multip416\0036.jpg</path>
   <source>
      <database>Unknow</database>
   </source>
   <size>
      <width>416</width>
      <height>416</height>
      <depth>3</depth>
   </size>
   <segmented>0</segmented>
   <object>
      <name>head</name>
      <pose>Unspecified</pose>
      <truncated>0</truncated>
      <difficult>0</difficult>
      <bndbox>
         <xmin>77</xmin>
         <ymin>2</ymin>
         <xmax>309</xmax>
         <ymax>269</ymax>
      </bndbox>
   </object>
   <object>
      <name>mouth</name>
      <pose>Unspecified</pose>
      <truncated>0</truncated>
      <difficult>0</difficult>
      <bndbox>
         <xmin>165</xmin>
         <ymin>190</ymin>
         <xmax>230</xmax>
         <ymax>221</ymax>
      </bndbox>
   </object>
   <object>
      <name>nose</name>
      <pose>Unspecified</pose>
      <truncated>0</truncated>
      <difficult>0</difficult>
      <bndbox>
         <xmin>167</xmin>
         <ymin>142</ymin>
         <xmax>225</xmax>
         <ymax>183</ymax>
      </bndbox>
   </object>
   <object>
      <name>leftiris</name>
      <pose>Unspecified</pose>
      <truncated>0</truncated>
      <difficult>0</difficult>
      <bndbox>
         <xmin>221</xmin>
         <ymin>114</ymin>
         <xmax>235</xmax>
         <ymax>123</ymax>
      </bndbox>
   </object>
   <object>
      <name>righteye</name>
      <pose>Unspecified</pose>
      <truncated>0</truncated>
      <difficult>0</difficult>
      <bndbox>
         <xmin>140</xmin>
         <ymin>112</ymin>
         <xmax>177</xmax>
         <ymax>126</ymax>
      </bndbox>
   </object>
   <object>
      <name>lefteye</name>
      <pose>Unspecified</pose>
      <truncated>0</truncated>
      <difficult>0</difficult>
      <bndbox>
         <xmin>213</xmin>
         <ymin>112</ymin>
         <xmax>248</xmax>
         <ymax>125</ymax>
      </bndbox>
   </object>
   <object>
      <name>rightiris</name>
      <pose>Unspecified</pose>
      <truncated>0</truncated>
      <difficult>0</difficult>
      <bndbox>
         <xmin>153</xmin>
         <ymin>115</ymin>
         <xmax>167</xmax>
         <ymax>124</ymax>
      </bndbox>
   </object>
</annotation>
