<annotation>
   <folder>416multip416</folder>
   <filename>0040.jpg</filename>
   <path>E:\416multip416\0040.jpg</path>
   <source>
      <database>Unknow</database>
   </source>
   <size>
      <width>416</width>
      <height>416</height>
      <depth>3</depth>
   </size>
   <segmented>0</segmented>
   <object>
      <name>head</name>
      <pose>Unspecified</pose>
      <truncated>0</truncated>
      <difficult>0</difficult>
      <bndbox>
         <xmin>41</xmin>
         <ymin>3</ymin>
         <xmax>256</xmax>
         <ymax>299</ymax>
      </bndbox>
   </object>
   <object>
      <name>mouth</name>
      <pose>Unspecified</pose>
      <truncated>0</truncated>
      <difficult>0</difficult>
      <bndbox>
         <xmin>106</xmin>
         <ymin>218</ymin>
         <xmax>172</xmax>
         <ymax>256</ymax>
      </bndbox>
   </object>
   <object>
      <name>nose</name>
      <pose>Unspecified</pose>
      <truncated>0</truncated>
      <difficult>0</difficult>
      <bndbox>
         <xmin>115</xmin>
         <ymin>176</ymin>
         <xmax>166</xmax>
         <ymax>210</ymax>
      </bndbox>
   </object>
   <object>
      <name>leftiris</name>
      <pose>Unspecified</pose>
      <truncated>0</truncated>
      <difficult>0</difficult>
      <bndbox>
         <xmin>168</xmin>
         <ymin>148</ymin>
         <xmax>182</xmax>
         <ymax>158</ymax>
      </bndbox>
   </object>
   <object>
      <name>righteye</name>
      <pose>Unspecified</pose>
      <truncated>0</truncated>
      <difficult>0</difficult>
      <bndbox>
         <xmin>92</xmin>
         <ymin>144</ymin>
         <xmax>126</xmax>
         <ymax>159</ymax>
      </bndbox>
   </object>
   <object>
      <name>lefteye</name>
      <pose>Unspecified</pose>
      <truncated>0</truncated>
      <difficult>0</difficult>
      <bndbox>
         <xmin>159</xmin>
         <ymin>145</ymin>
         <xmax>196</xmax>
         <ymax>160</ymax>
      </bndbox>
   </object>
   <object>
      <name>rightiris</name>
      <pose>Unspecified</pose>
      <truncated>0</truncated>
      <difficult>0</difficult>
      <bndbox>
         <xmin>104</xmin>
         <ymin>147</ymin>
         <xmax>117</xmax>
         <ymax>157</ymax>
      </bndbox>
   </object>
</annotation>
