<annotation>
   <folder>416multip416</folder>
   <filename>0045.jpg</filename>
   <path>E:\416multip416\0045.jpg</path>
   <source>
      <database>Unknow</database>
   </source>
   <size>
      <width>416</width>
      <height>416</height>
      <depth>3</depth>
   </size>
   <segmented>0</segmented>
   <object>
      <name>head</name>
      <pose>Unspecified</pose>
      <truncated>0</truncated>
      <difficult>0</difficult>
      <bndbox>
         <xmin>86</xmin>
         <ymin>2</ymin>
         <xmax>311</xmax>
         <ymax>297</ymax>
      </bndbox>
   </object>
   <object>
      <name>mouth</name>
      <pose>Unspecified</pose>
      <truncated>0</truncated>
      <difficult>0</difficult>
      <bndbox>
         <xmin>160</xmin>
         <ymin>206</ymin>
         <xmax>235</xmax>
         <ymax>251</ymax>
      </bndbox>
   </object>
   <object>
      <name>nose</name>
      <pose>Unspecified</pose>
      <truncated>0</truncated>
      <difficult>0</difficult>
      <bndbox>
         <xmin>164</xmin>
         <ymin>158</ymin>
         <xmax>227</xmax>
         <ymax>199</ymax>
      </bndbox>
   </object>
   <object>
      <name>leftiris</name>
      <pose>Unspecified</pose>
      <truncated>0</truncated>
      <difficult>0</difficult>
      <bndbox>
         <xmin>231</xmin>
         <ymin>114</ymin>
         <xmax>247</xmax>
         <ymax>127</ymax>
      </bndbox>
   </object>
   <object>
      <name>righteye</name>
      <pose>Unspecified</pose>
      <truncated>0</truncated>
      <difficult>0</difficult>
      <bndbox>
         <xmin>130</xmin>
         <ymin>115</ymin>
         <xmax>172</xmax>
         <ymax>132</ymax>
      </bndbox>
   </object>
   <object>
      <name>lefteye</name>
      <pose>Unspecified</pose>
      <truncated>0</truncated>
      <difficult>0</difficult>
      <bndbox>
         <xmin>219</xmin>
         <ymin>110</ymin>
         <xmax>261</xmax>
         <ymax>129</ymax>
      </bndbox>
   </object>
   <object>
      <name>rightiris</name>
      <pose>Unspecified</pose>
      <truncated>0</truncated>
      <difficult>0</difficult>
      <bndbox>
         <xmin>145</xmin>
         <ymin>118</ymin>
         <xmax>161</xmax>
         <ymax>130</ymax>
      </bndbox>
   </object>
</annotation>
