<annotation>
   <folder>416multip416</folder>
   <filename>0047.jpg</filename>
   <path>E:\416multip416\0047.jpg</path>
   <source>
      <database>Unknow</database>
   </source>
   <size>
      <width>416</width>
      <height>416</height>
      <depth>3</depth>
   </size>
   <segmented>0</segmented>
   <object>
      <name>head</name>
      <pose>Unspecified</pose>
      <truncated>0</truncated>
      <difficult>0</difficult>
      <bndbox>
         <xmin>120</xmin>
         <ymin>2</ymin>
         <xmax>347</xmax>
         <ymax>300</ymax>
      </bndbox>
   </object>
   <object>
      <name>mouth</name>
      <pose>Unspecified</pose>
      <truncated>0</truncated>
      <difficult>0</difficult>
      <bndbox>
         <xmin>197</xmin>
         <ymin>226</ymin>
         <xmax>271</xmax>
         <ymax>261</ymax>
      </bndbox>
   </object>
   <object>
      <name>nose</name>
      <pose>Unspecified</pose>
      <truncated>0</truncated>
      <difficult>0</difficult>
      <bndbox>
         <xmin>203</xmin>
         <ymin>176</ymin>
         <xmax>261</xmax>
         <ymax>213</ymax>
      </bndbox>
   </object>
   <object>
      <name>leftiris</name>
      <pose>Unspecified</pose>
      <truncated>0</truncated>
      <difficult>0</difficult>
      <bndbox>
         <xmin>260</xmin>
         <ymin>128</ymin>
         <xmax>276</xmax>
         <ymax>141</ymax>
      </bndbox>
   </object>
   <object>
      <name>righteye</name>
      <pose>Unspecified</pose>
      <truncated>0</truncated>
      <difficult>0</difficult>
      <bndbox>
         <xmin>171</xmin>
         <ymin>131</ymin>
         <xmax>210</xmax>
         <ymax>148</ymax>
      </bndbox>
   </object>
   <object>
      <name>lefteye</name>
      <pose>Unspecified</pose>
      <truncated>0</truncated>
      <difficult>0</difficult>
      <bndbox>
         <xmin>250</xmin>
         <ymin>124</ymin>
         <xmax>295</xmax>
         <ymax>144</ymax>
      </bndbox>
   </object>
   <object>
      <name>rightiris</name>
      <pose>Unspecified</pose>
      <truncated>0</truncated>
      <difficult>0</difficult>
      <bndbox>
         <xmin>183</xmin>
         <ymin>134</ymin>
         <xmax>199</xmax>
         <ymax>146</ymax>
      </bndbox>
   </object>
</annotation>
