<annotation>
   <folder>416multip416</folder>
   <filename>0050.jpg</filename>
   <path>E:\416multip416\0050.jpg</path>
   <source>
      <database>Unknow</database>
   </source>
   <size>
      <width>416</width>
      <height>416</height>
      <depth>3</depth>
   </size>
   <segmented>0</segmented>
   <object>
      <name>head</name>
      <pose>Unspecified</pose>
      <truncated>0</truncated>
      <difficult>0</difficult>
      <bndbox>
         <xmin>29</xmin>
         <ymin>2</ymin>
         <xmax>262</xmax>
         <ymax>300</ymax>
      </bndbox>
   </object>
   <object>
      <name>mouth</name>
      <pose>Unspecified</pose>
      <truncated>0</truncated>
      <difficult>0</difficult>
      <bndbox>
         <xmin>112</xmin>
         <ymin>242</ymin>
         <xmax>193</xmax>
         <ymax>285</ymax>
      </bndbox>
   </object>
   <object>
      <name>nose</name>
      <pose>Unspecified</pose>
      <truncated>0</truncated>
      <difficult>0</difficult>
      <bndbox>
         <xmin>116</xmin>
         <ymin>189</ymin>
         <xmax>183</xmax>
         <ymax>229</ymax>
      </bndbox>
   </object>
   <object>
      <name>leftiris</name>
      <pose>Unspecified</pose>
      <truncated>0</truncated>
      <difficult>0</difficult>
      <bndbox>
         <xmin>177</xmin>
         <ymin>148</ymin>
         <xmax>193</xmax>
         <ymax>161</ymax>
      </bndbox>
   </object>
   <object>
      <name>righteye</name>
      <pose>Unspecified</pose>
      <truncated>0</truncated>
      <difficult>0</difficult>
      <bndbox>
         <xmin>78</xmin>
         <ymin>151</ymin>
         <xmax>124</xmax>
         <ymax>172</ymax>
      </bndbox>
   </object>
   <object>
      <name>lefteye</name>
      <pose>Unspecified</pose>
      <truncated>0</truncated>
      <difficult>0</difficult>
      <bndbox>
         <xmin>167</xmin>
         <ymin>146</ymin>
         <xmax>209</xmax>
         <ymax>164</ymax>
      </bndbox>
   </object>
   <object>
      <name>rightiris</name>
      <pose>Unspecified</pose>
      <truncated>0</truncated>
      <difficult>0</difficult>
      <bndbox>
         <xmin>96</xmin>
         <ymin>155</ymin>
         <xmax>111</xmax>
         <ymax>168</ymax>
      </bndbox>
   </object>
</annotation>
