<annotation>
   <folder>416multip416</folder>
   <filename>0051.jpg</filename>
   <path>E:\416multip416\0051.jpg</path>
   <source>
      <database>Unknow</database>
   </source>
   <size>
      <width>416</width>
      <height>416</height>
      <depth>3</depth>
   </size>
   <segmented>0</segmented>
   <object>
      <name>head</name>
      <pose>Unspecified</pose>
      <truncated>0</truncated>
      <difficult>0</difficult>
      <bndbox>
         <xmin>107</xmin>
         <ymin>2</ymin>
         <xmax>332</xmax>
         <ymax>279</ymax>
      </bndbox>
   </object>
   <object>
      <name>mouth</name>
      <pose>Unspecified</pose>
      <truncated>0</truncated>
      <difficult>0</difficult>
      <bndbox>
         <xmin>173</xmin>
         <ymin>179</ymin>
         <xmax>242</xmax>
         <ymax>219</ymax>
      </bndbox>
   </object>
   <object>
      <name>nose</name>
      <pose>Unspecified</pose>
      <truncated>0</truncated>
      <difficult>0</difficult>
      <bndbox>
         <xmin>181</xmin>
         <ymin>130</ymin>
         <xmax>232</xmax>
         <ymax>170</ymax>
      </bndbox>
   </object>
   <object>
      <name>leftiris</name>
      <pose>Unspecified</pose>
      <truncated>0</truncated>
      <difficult>0</difficult>
      <bndbox>
         <xmin>233</xmin>
         <ymin>92</ymin>
         <xmax>250</xmax>
         <ymax>102</ymax>
      </bndbox>
   </object>
   <object>
      <name>righteye</name>
      <pose>Unspecified</pose>
      <truncated>0</truncated>
      <difficult>0</difficult>
      <bndbox>
         <xmin>151</xmin>
         <ymin>91</ymin>
         <xmax>189</xmax>
         <ymax>105</ymax>
      </bndbox>
   </object>
   <object>
      <name>lefteye</name>
      <pose>Unspecified</pose>
      <truncated>0</truncated>
      <difficult>0</difficult>
      <bndbox>
         <xmin>228</xmin>
         <ymin>89</ymin>
         <xmax>266</xmax>
         <ymax>104</ymax>
      </bndbox>
   </object>
   <object>
      <name>rightiris</name>
      <pose>Unspecified</pose>
      <truncated>0</truncated>
      <difficult>0</difficult>
      <bndbox>
         <xmin>165</xmin>
         <ymin>94</ymin>
         <xmax>181</xmax>
         <ymax>103</ymax>
      </bndbox>
   </object>
</annotation>
