<annotation>
   <folder>416multip416</folder>
   <filename>0054.jpg</filename>
   <path>E:\416multip416\0054.jpg</path>
   <source>
      <database>Unknow</database>
   </source>
   <size>
      <width>416</width>
      <height>416</height>
      <depth>3</depth>
   </size>
   <segmented>0</segmented>
   <object>
      <name>head</name>
      <pose>Unspecified</pose>
      <truncated>0</truncated>
      <difficult>0</difficult>
      <bndbox>
         <xmin>77</xmin>
         <ymin>6</ymin>
         <xmax>325</xmax>
         <ymax>301</ymax>
      </bndbox>
   </object>
   <object>
      <name>mouth</name>
      <pose>Unspecified</pose>
      <truncated>0</truncated>
      <difficult>0</difficult>
      <bndbox>
         <xmin>162</xmin>
         <ymin>257</ymin>
         <xmax>227</xmax>
         <ymax>298</ymax>
      </bndbox>
   </object>
   <object>
      <name>nose</name>
      <pose>Unspecified</pose>
      <truncated>0</truncated>
      <difficult>0</difficult>
      <bndbox>
         <xmin>169</xmin>
         <ymin>204</ymin>
         <xmax>222</xmax>
         <ymax>244</ymax>
      </bndbox>
   </object>
   <object>
      <name>leftiris</name>
      <pose>Unspecified</pose>
      <truncated>0</truncated>
      <difficult>0</difficult>
      <bndbox>
         <xmin>222</xmin>
         <ymin>164</ymin>
         <xmax>237</xmax>
         <ymax>176</ymax>
      </bndbox>
   </object>
   <object>
      <name>righteye</name>
      <pose>Unspecified</pose>
      <truncated>0</truncated>
      <difficult>0</difficult>
      <bndbox>
         <xmin>142</xmin>
         <ymin>162</ymin>
         <xmax>178</xmax>
         <ymax>181</ymax>
      </bndbox>
   </object>
   <object>
      <name>lefteye</name>
      <pose>Unspecified</pose>
      <truncated>0</truncated>
      <difficult>0</difficult>
      <bndbox>
         <xmin>214</xmin>
         <ymin>161</ymin>
         <xmax>253</xmax>
         <ymax>179</ymax>
      </bndbox>
   </object>
   <object>
      <name>rightiris</name>
      <pose>Unspecified</pose>
      <truncated>0</truncated>
      <difficult>0</difficult>
      <bndbox>
         <xmin>153</xmin>
         <ymin>166</ymin>
         <xmax>168</xmax>
         <ymax>178</ymax>
      </bndbox>
   </object>
</annotation>
