<annotation>
   <folder>416multip416</folder>
   <filename>0056.jpg</filename>
   <path>E:\416multip416\0056.jpg</path>
   <source>
      <database>Unknow</database>
   </source>
   <size>
      <width>416</width>
      <height>416</height>
      <depth>3</depth>
   </size>
   <segmented>0</segmented>
   <object>
      <name>head</name>
      <pose>Unspecified</pose>
      <truncated>0</truncated>
      <difficult>0</difficult>
      <bndbox>
         <xmin>90</xmin>
         <ymin>12</ymin>
         <xmax>309</xmax>
         <ymax>300</ymax>
      </bndbox>
   </object>
   <object>
      <name>mouth</name>
      <pose>Unspecified</pose>
      <truncated>0</truncated>
      <difficult>0</difficult>
      <bndbox>
         <xmin>170</xmin>
         <ymin>254</ymin>
         <xmax>237</xmax>
         <ymax>295</ymax>
      </bndbox>
   </object>
   <object>
      <name>nose</name>
      <pose>Unspecified</pose>
      <truncated>0</truncated>
      <difficult>0</difficult>
      <bndbox>
         <xmin>176</xmin>
         <ymin>204</ymin>
         <xmax>229</xmax>
         <ymax>244</ymax>
      </bndbox>
   </object>
   <object>
      <name>leftiris</name>
      <pose>Unspecified</pose>
      <truncated>0</truncated>
      <difficult>0</difficult>
      <bndbox>
         <xmin>228</xmin>
         <ymin>172</ymin>
         <xmax>243</xmax>
         <ymax>183</ymax>
      </bndbox>
   </object>
   <object>
      <name>righteye</name>
      <pose>Unspecified</pose>
      <truncated>0</truncated>
      <difficult>0</difficult>
      <bndbox>
         <xmin>144</xmin>
         <ymin>172</ymin>
         <xmax>183</xmax>
         <ymax>188</ymax>
      </bndbox>
   </object>
   <object>
      <name>lefteye</name>
      <pose>Unspecified</pose>
      <truncated>0</truncated>
      <difficult>0</difficult>
      <bndbox>
         <xmin>221</xmin>
         <ymin>168</ymin>
         <xmax>259</xmax>
         <ymax>185</ymax>
      </bndbox>
   </object>
   <object>
      <name>rightiris</name>
      <pose>Unspecified</pose>
      <truncated>0</truncated>
      <difficult>0</difficult>
      <bndbox>
         <xmin>159</xmin>
         <ymin>176</ymin>
         <xmax>174</xmax>
         <ymax>186</ymax>
      </bndbox>
   </object>
</annotation>
