<annotation>
   <folder>416multip416</folder>
   <filename>0060.jpg</filename>
   <path>E:\416multip416\0060.jpg</path>
   <source>
      <database>Unknow</database>
   </source>
   <size>
      <width>416</width>
      <height>416</height>
      <depth>3</depth>
   </size>
   <segmented>0</segmented>
   <object>
      <name>head</name>
      <pose>Unspecified</pose>
      <truncated>0</truncated>
      <difficult>0</difficult>
      <bndbox>
         <xmin>88</xmin>
         <ymin>18</ymin>
         <xmax>320</xmax>
         <ymax>300</ymax>
      </bndbox>
   </object>
   <object>
      <name>nose</name>
      <pose>Unspecified</pose>
      <truncated>0</truncated>
      <difficult>0</difficult>
      <bndbox>
         <xmin>182</xmin>
         <ymin>241</ymin>
         <xmax>239</xmax>
         <ymax>281</ymax>
      </bndbox>
   </object>
   <object>
      <name>leftiris</name>
      <pose>Unspecified</pose>
      <truncated>0</truncated>
      <difficult>0</difficult>
      <bndbox>
         <xmin>237</xmin>
         <ymin>201</ymin>
         <xmax>252</xmax>
         <ymax>210</ymax>
      </bndbox>
   </object>
   <object>
      <name>righteye</name>
      <pose>Unspecified</pose>
      <truncated>0</truncated>
      <difficult>0</difficult>
      <bndbox>
         <xmin>149</xmin>
         <ymin>205</ymin>
         <xmax>189</xmax>
         <ymax>217</ymax>
      </bndbox>
   </object>
   <object>
      <name>lefteye</name>
      <pose>Unspecified</pose>
      <truncated>0</truncated>
      <difficult>0</difficult>
      <bndbox>
         <xmin>228</xmin>
         <ymin>199</ymin>
         <xmax>266</xmax>
         <ymax>211</ymax>
      </bndbox>
   </object>
   <object>
      <name>rightiris</name>
      <pose>Unspecified</pose>
      <truncated>0</truncated>
      <difficult>0</difficult>
      <bndbox>
         <xmin>164</xmin>
         <ymin>207</ymin>
         <xmax>180</xmax>
         <ymax>216</ymax>
      </bndbox>
   </object>
</annotation>
