<annotation>
   <folder>416multip416</folder>
   <filename>0064.jpg</filename>
   <path>E:\416multip416\0064.jpg</path>
   <source>
      <database>Unknow</database>
   </source>
   <size>
      <width>416</width>
      <height>416</height>
      <depth>3</depth>
   </size>
   <segmented>0</segmented>
   <object>
      <name>head</name>
      <pose>Unspecified</pose>
      <truncated>0</truncated>
      <difficult>0</difficult>
      <bndbox>
         <xmin>82</xmin>
         <ymin>2</ymin>
         <xmax>330</xmax>
         <ymax>301</ymax>
      </bndbox>
   </object>
   <object>
      <name>mouth</name>
      <pose>Unspecified</pose>
      <truncated>0</truncated>
      <difficult>0</difficult>
      <bndbox>
         <xmin>167</xmin>
         <ymin>279</ymin>
         <xmax>232</xmax>
         <ymax>299</ymax>
      </bndbox>
   </object>
   <object>
      <name>nose</name>
      <pose>Unspecified</pose>
      <truncated>0</truncated>
      <difficult>0</difficult>
      <bndbox>
         <xmin>170</xmin>
         <ymin>226</ymin>
         <xmax>232</xmax>
         <ymax>264</ymax>
      </bndbox>
   </object>
   <object>
      <name>leftiris</name>
      <pose>Unspecified</pose>
      <truncated>0</truncated>
      <difficult>0</difficult>
      <bndbox>
         <xmin>227</xmin>
         <ymin>178</ymin>
         <xmax>242</xmax>
         <ymax>191</ymax>
      </bndbox>
   </object>
   <object>
      <name>righteye</name>
      <pose>Unspecified</pose>
      <truncated>0</truncated>
      <difficult>0</difficult>
      <bndbox>
         <xmin>145</xmin>
         <ymin>175</ymin>
         <xmax>183</xmax>
         <ymax>195</ymax>
      </bndbox>
   </object>
   <object>
      <name>lefteye</name>
      <pose>Unspecified</pose>
      <truncated>0</truncated>
      <difficult>0</difficult>
      <bndbox>
         <xmin>217</xmin>
         <ymin>174</ymin>
         <xmax>255</xmax>
         <ymax>194</ymax>
      </bndbox>
   </object>
   <object>
      <name>rightiris</name>
      <pose>Unspecified</pose>
      <truncated>0</truncated>
      <difficult>0</difficult>
      <bndbox>
         <xmin>158</xmin>
         <ymin>178</ymin>
         <xmax>173</xmax>
         <ymax>192</ymax>
      </bndbox>
   </object>
</annotation>
