<annotation>
   <folder>416multip416</folder>
   <filename>0065.jpg</filename>
   <path>E:\416multip416\0065.jpg</path>
   <source>
      <database>Unknow</database>
   </source>
   <size>
      <width>416</width>
      <height>416</height>
      <depth>3</depth>
   </size>
   <segmented>0</segmented>
   <object>
      <name>head</name>
      <pose>Unspecified</pose>
      <truncated>0</truncated>
      <difficult>0</difficult>
      <bndbox>
         <xmin>110</xmin>
         <ymin>3</ymin>
         <xmax>317</xmax>
         <ymax>301</ymax>
      </bndbox>
   </object>
   <object>
      <name>mouth</name>
      <pose>Unspecified</pose>
      <truncated>0</truncated>
      <difficult>0</difficult>
      <bndbox>
         <xmin>187</xmin>
         <ymin>229</ymin>
         <xmax>248</xmax>
         <ymax>261</ymax>
      </bndbox>
   </object>
   <object>
      <name>nose</name>
      <pose>Unspecified</pose>
      <truncated>0</truncated>
      <difficult>0</difficult>
      <bndbox>
         <xmin>190</xmin>
         <ymin>188</ymin>
         <xmax>241</xmax>
         <ymax>215</ymax>
      </bndbox>
   </object>
   <object>
      <name>leftiris</name>
      <pose>Unspecified</pose>
      <truncated>0</truncated>
      <difficult>0</difficult>
      <bndbox>
         <xmin>242</xmin>
         <ymin>147</ymin>
         <xmax>256</xmax>
         <ymax>159</ymax>
      </bndbox>
   </object>
   <object>
      <name>righteye</name>
      <pose>Unspecified</pose>
      <truncated>0</truncated>
      <difficult>0</difficult>
      <bndbox>
         <xmin>161</xmin>
         <ymin>148</ymin>
         <xmax>197</xmax>
         <ymax>164</ymax>
      </bndbox>
   </object>
   <object>
      <name>lefteye</name>
      <pose>Unspecified</pose>
      <truncated>0</truncated>
      <difficult>0</difficult>
      <bndbox>
         <xmin>233</xmin>
         <ymin>144</ymin>
         <xmax>268</xmax>
         <ymax>160</ymax>
      </bndbox>
   </object>
   <object>
      <name>rightiris</name>
      <pose>Unspecified</pose>
      <truncated>0</truncated>
      <difficult>0</difficult>
      <bndbox>
         <xmin>174</xmin>
         <ymin>152</ymin>
         <xmax>188</xmax>
         <ymax>162</ymax>
      </bndbox>
   </object>
</annotation>
