<annotation>
   <folder>416multip416</folder>
   <filename>0071.jpg</filename>
   <path>E:\416multip416\0071.jpg</path>
   <source>
      <database>Unknow</database>
   </source>
   <size>
      <width>416</width>
      <height>416</height>
      <depth>3</depth>
   </size>
   <segmented>0</segmented>
   <object>
      <name>head</name>
      <pose>Unspecified</pose>
      <truncated>0</truncated>
      <difficult>0</difficult>
      <bndbox>
         <xmin>47</xmin>
         <ymin>3</ymin>
         <xmax>268</xmax>
         <ymax>301</ymax>
      </bndbox>
   </object>
   <object>
      <name>mouth</name>
      <pose>Unspecified</pose>
      <truncated>0</truncated>
      <difficult>0</difficult>
      <bndbox>
         <xmin>120</xmin>
         <ymin>224</ymin>
         <xmax>184</xmax>
         <ymax>261</ymax>
      </bndbox>
   </object>
   <object>
      <name>nose</name>
      <pose>Unspecified</pose>
      <truncated>0</truncated>
      <difficult>0</difficult>
      <bndbox>
         <xmin>122</xmin>
         <ymin>176</ymin>
         <xmax>179</xmax>
         <ymax>212</ymax>
      </bndbox>
   </object>
   <object>
      <name>leftiris</name>
      <pose>Unspecified</pose>
      <truncated>0</truncated>
      <difficult>0</difficult>
      <bndbox>
         <xmin>180</xmin>
         <ymin>140</ymin>
         <xmax>195</xmax>
         <ymax>150</ymax>
      </bndbox>
   </object>
   <object>
      <name>righteye</name>
      <pose>Unspecified</pose>
      <truncated>0</truncated>
      <difficult>0</difficult>
      <bndbox>
         <xmin>89</xmin>
         <ymin>143</ymin>
         <xmax>130</xmax>
         <ymax>157</ymax>
      </bndbox>
   </object>
   <object>
      <name>lefteye</name>
      <pose>Unspecified</pose>
      <truncated>0</truncated>
      <difficult>0</difficult>
      <bndbox>
         <xmin>170</xmin>
         <ymin>136</ymin>
         <xmax>211</xmax>
         <ymax>153</ymax>
      </bndbox>
   </object>
   <object>
      <name>rightiris</name>
      <pose>Unspecified</pose>
      <truncated>0</truncated>
      <difficult>0</difficult>
      <bndbox>
         <xmin>104</xmin>
         <ymin>145</ymin>
         <xmax>119</xmax>
         <ymax>155</ymax>
      </bndbox>
   </object>
</annotation>
