<annotation>
   <folder>416multip416</folder>
   <filename>0072.jpg</filename>
   <path>E:\416multip416\0072.jpg</path>
   <source>
      <database>Unknow</database>
   </source>
   <size>
      <width>416</width>
      <height>416</height>
      <depth>3</depth>
   </size>
   <segmented>0</segmented>
   <object>
      <name>head</name>
      <pose>Unspecified</pose>
      <truncated>0</truncated>
      <difficult>0</difficult>
      <bndbox>
         <xmin>24</xmin>
         <ymin>15</ymin>
         <xmax>235</xmax>
         <ymax>301</ymax>
      </bndbox>
   </object>
   <object>
      <name>mouth</name>
      <pose>Unspecified</pose>
      <truncated>0</truncated>
      <difficult>0</difficult>
      <bndbox>
         <xmin>99</xmin>
         <ymin>256</ymin>
         <xmax>160</xmax>
         <ymax>283</ymax>
      </bndbox>
   </object>
   <object>
      <name>nose</name>
      <pose>Unspecified</pose>
      <truncated>0</truncated>
      <difficult>0</difficult>
      <bndbox>
         <xmin>101</xmin>
         <ymin>212</ymin>
         <xmax>154</xmax>
         <ymax>248</ymax>
      </bndbox>
   </object>
   <object>
      <name>leftiris</name>
      <pose>Unspecified</pose>
      <truncated>0</truncated>
      <difficult>0</difficult>
      <bndbox>
         <xmin>150</xmin>
         <ymin>173</ymin>
         <xmax>164</xmax>
         <ymax>185</ymax>
      </bndbox>
   </object>
   <object>
      <name>righteye</name>
      <pose>Unspecified</pose>
      <truncated>0</truncated>
      <difficult>0</difficult>
      <bndbox>
         <xmin>69</xmin>
         <ymin>175</ymin>
         <xmax>107</xmax>
         <ymax>190</ymax>
      </bndbox>
   </object>
   <object>
      <name>lefteye</name>
      <pose>Unspecified</pose>
      <truncated>0</truncated>
      <difficult>0</difficult>
      <bndbox>
         <xmin>144</xmin>
         <ymin>170</ymin>
         <xmax>177</xmax>
         <ymax>187</ymax>
      </bndbox>
   </object>
   <object>
      <name>rightiris</name>
      <pose>Unspecified</pose>
      <truncated>0</truncated>
      <difficult>0</difficult>
      <bndbox>
         <xmin>84</xmin>
         <ymin>177</ymin>
         <xmax>98</xmax>
         <ymax>188</ymax>
      </bndbox>
   </object>
</annotation>
