<annotation>
   <folder>416multip416</folder>
   <filename>0076.jpg</filename>
   <path>E:\416multip416\0076.jpg</path>
   <source>
      <database>Unknow</database>
   </source>
   <size>
      <width>416</width>
      <height>416</height>
      <depth>3</depth>
   </size>
   <segmented>0</segmented>
   <object>
      <name>head</name>
      <pose>Unspecified</pose>
      <truncated>0</truncated>
      <difficult>0</difficult>
      <bndbox>
         <xmin>43</xmin>
         <ymin>65</ymin>
         <xmax>267</xmax>
         <ymax>301</ymax>
      </bndbox>
   </object>
   <object>
      <name>leftiris</name>
      <pose>Unspecified</pose>
      <truncated>0</truncated>
      <difficult>0</difficult>
      <bndbox>
         <xmin>188</xmin>
         <ymin>246</ymin>
         <xmax>202</xmax>
         <ymax>256</ymax>
      </bndbox>
   </object>
   <object>
      <name>righteye</name>
      <pose>Unspecified</pose>
      <truncated>0</truncated>
      <difficult>0</difficult>
      <bndbox>
         <xmin>101</xmin>
         <ymin>247</ymin>
         <xmax>141</xmax>
         <ymax>265</ymax>
      </bndbox>
   </object>
   <object>
      <name>lefteye</name>
      <pose>Unspecified</pose>
      <truncated>0</truncated>
      <difficult>0</difficult>
      <bndbox>
         <xmin>178</xmin>
         <ymin>243</ymin>
         <xmax>218</xmax>
         <ymax>262</ymax>
      </bndbox>
   </object>
   <object>
      <name>rightiris</name>
      <pose>Unspecified</pose>
      <truncated>0</truncated>
      <difficult>0</difficult>
      <bndbox>
         <xmin>116</xmin>
         <ymin>250</ymin>
         <xmax>130</xmax>
         <ymax>262</ymax>
      </bndbox>
   </object>
</annotation>
