<annotation>
   <folder>416multip416</folder>
   <filename>0077.jpg</filename>
   <path>E:\416multip416\0077.jpg</path>
   <source>
      <database>Unknow</database>
   </source>
   <size>
      <width>416</width>
      <height>416</height>
      <depth>3</depth>
   </size>
   <segmented>0</segmented>
   <object>
      <name>head</name>
      <pose>Unspecified</pose>
      <truncated>0</truncated>
      <difficult>0</difficult>
      <bndbox>
         <xmin>77</xmin>
         <ymin>2</ymin>
         <xmax>302</xmax>
         <ymax>301</ymax>
      </bndbox>
   </object>
   <object>
      <name>mouth</name>
      <pose>Unspecified</pose>
      <truncated>0</truncated>
      <difficult>0</difficult>
      <bndbox>
         <xmin>159</xmin>
         <ymin>244</ymin>
         <xmax>225</xmax>
         <ymax>275</ymax>
      </bndbox>
   </object>
   <object>
      <name>nose</name>
      <pose>Unspecified</pose>
      <truncated>0</truncated>
      <difficult>0</difficult>
      <bndbox>
         <xmin>165</xmin>
         <ymin>197</ymin>
         <xmax>219</xmax>
         <ymax>236</ymax>
      </bndbox>
   </object>
   <object>
      <name>leftiris</name>
      <pose>Unspecified</pose>
      <truncated>0</truncated>
      <difficult>0</difficult>
      <bndbox>
         <xmin>219</xmin>
         <ymin>150</ymin>
         <xmax>234</xmax>
         <ymax>159</ymax>
      </bndbox>
   </object>
   <object>
      <name>righteye</name>
      <pose>Unspecified</pose>
      <truncated>0</truncated>
      <difficult>0</difficult>
      <bndbox>
         <xmin>126</xmin>
         <ymin>154</ymin>
         <xmax>170</xmax>
         <ymax>167</ymax>
      </bndbox>
   </object>
   <object>
      <name>lefteye</name>
      <pose>Unspecified</pose>
      <truncated>0</truncated>
      <difficult>0</difficult>
      <bndbox>
         <xmin>207</xmin>
         <ymin>146</ymin>
         <xmax>248</xmax>
         <ymax>163</ymax>
      </bndbox>
   </object>
   <object>
      <name>rightiris</name>
      <pose>Unspecified</pose>
      <truncated>0</truncated>
      <difficult>0</difficult>
      <bndbox>
         <xmin>143</xmin>
         <ymin>156</ymin>
         <xmax>158</xmax>
         <ymax>164</ymax>
      </bndbox>
   </object>
</annotation>
