<annotation>
   <folder>416multip416</folder>
   <filename>0084.jpg</filename>
   <path>E:\416multip416\0084.jpg</path>
   <source>
      <database>Unknow</database>
   </source>
   <size>
      <width>416</width>
      <height>416</height>
      <depth>3</depth>
   </size>
   <segmented>0</segmented>
   <object>
      <name>head</name>
      <pose>Unspecified</pose>
      <truncated>0</truncated>
      <difficult>0</difficult>
      <bndbox>
         <xmin>124</xmin>
         <ymin>1</ymin>
         <xmax>339</xmax>
         <ymax>262</ymax>
      </bndbox>
   </object>
   <object>
      <name>mouth</name>
      <pose>Unspecified</pose>
      <truncated>0</truncated>
      <difficult>0</difficult>
      <bndbox>
         <xmin>197</xmin>
         <ymin>183</ymin>
         <xmax>270</xmax>
         <ymax>219</ymax>
      </bndbox>
   </object>
   <object>
      <name>nose</name>
      <pose>Unspecified</pose>
      <truncated>0</truncated>
      <difficult>0</difficult>
      <bndbox>
         <xmin>204</xmin>
         <ymin>137</ymin>
         <xmax>258</xmax>
         <ymax>174</ymax>
      </bndbox>
   </object>
   <object>
      <name>leftiris</name>
      <pose>Unspecified</pose>
      <truncated>0</truncated>
      <difficult>0</difficult>
      <bndbox>
         <xmin>260</xmin>
         <ymin>98</ymin>
         <xmax>275</xmax>
         <ymax>109</ymax>
      </bndbox>
   </object>
   <object>
      <name>righteye</name>
      <pose>Unspecified</pose>
      <truncated>0</truncated>
      <difficult>0</difficult>
      <bndbox>
         <xmin>175</xmin>
         <ymin>101</ymin>
         <xmax>215</xmax>
         <ymax>117</ymax>
      </bndbox>
   </object>
   <object>
      <name>lefteye</name>
      <pose>Unspecified</pose>
      <truncated>0</truncated>
      <difficult>0</difficult>
      <bndbox>
         <xmin>250</xmin>
         <ymin>95</ymin>
         <xmax>289</xmax>
         <ymax>112</ymax>
      </bndbox>
   </object>
   <object>
      <name>rightiris</name>
      <pose>Unspecified</pose>
      <truncated>0</truncated>
      <difficult>0</difficult>
      <bndbox>
         <xmin>188</xmin>
         <ymin>103</ymin>
         <xmax>204</xmax>
         <ymax>115</ymax>
      </bndbox>
   </object>
</annotation>
