<annotation>
   <folder>416multip416</folder>
   <filename>0085.jpg</filename>
   <path>E:\416multip416\0085.jpg</path>
   <source>
      <database>Unknow</database>
   </source>
   <size>
      <width>416</width>
      <height>416</height>
      <depth>3</depth>
   </size>
   <segmented>0</segmented>
   <object>
      <name>head</name>
      <pose>Unspecified</pose>
      <truncated>0</truncated>
      <difficult>0</difficult>
      <bndbox>
         <xmin>94.7323943661972</xmin>
         <ymin>17</ymin>
         <xmax>309.732394366197</xmax>
         <ymax>298</ymax>
      </bndbox>
   </object>
   <object>
      <name>mouth</name>
      <pose>Unspecified</pose>
      <truncated>0</truncated>
      <difficult>0</difficult>
      <bndbox>
         <xmin>172</xmin>
         <ymin>267</ymin>
         <xmax>238</xmax>
         <ymax>296</ymax>
      </bndbox>
   </object>
   <object>
      <name>nose</name>
      <pose>Unspecified</pose>
      <truncated>0</truncated>
      <difficult>0</difficult>
      <bndbox>
         <xmin>181</xmin>
         <ymin>227</ymin>
         <xmax>233</xmax>
         <ymax>262</ymax>
      </bndbox>
   </object>
   <object>
      <name>leftiris</name>
      <pose>Unspecified</pose>
      <truncated>0</truncated>
      <difficult>0</difficult>
      <bndbox>
         <xmin>231</xmin>
         <ymin>187</ymin>
         <xmax>244</xmax>
         <ymax>196</ymax>
      </bndbox>
   </object>
   <object>
      <name>righteye</name>
      <pose>Unspecified</pose>
      <truncated>0</truncated>
      <difficult>0</difficult>
      <bndbox>
         <xmin>156</xmin>
         <ymin>185</ymin>
         <xmax>191</xmax>
         <ymax>198</ymax>
      </bndbox>
   </object>
   <object>
      <name>lefteye</name>
      <pose>Unspecified</pose>
      <truncated>0</truncated>
      <difficult>0</difficult>
      <bndbox>
         <xmin>223</xmin>
         <ymin>185</ymin>
         <xmax>259</xmax>
         <ymax>198</ymax>
      </bndbox>
   </object>
   <object>
      <name>rightiris</name>
      <pose>Unspecified</pose>
      <truncated>0</truncated>
      <difficult>0</difficult>
      <bndbox>
         <xmin>170</xmin>
         <ymin>187</ymin>
         <xmax>183</xmax>
         <ymax>196</ymax>
      </bndbox>
   </object>
</annotation>
