<annotation>
   <folder>416multip416</folder>
   <filename>0087.jpg</filename>
   <path>E:\416multip416\0087.jpg</path>
   <source>
      <database>Unknow</database>
   </source>
   <size>
      <width>416</width>
      <height>416</height>
      <depth>3</depth>
   </size>
   <segmented>0</segmented>
   <object>
      <name>head</name>
      <pose>Unspecified</pose>
      <truncated>0</truncated>
      <difficult>0</difficult>
      <bndbox>
         <xmin>74</xmin>
         <ymin>2</ymin>
         <xmax>296</xmax>
         <ymax>294</ymax>
      </bndbox>
   </object>
   <object>
      <name>mouth</name>
      <pose>Unspecified</pose>
      <truncated>0</truncated>
      <difficult>0</difficult>
      <bndbox>
         <xmin>161</xmin>
         <ymin>211</ymin>
         <xmax>227</xmax>
         <ymax>245</ymax>
      </bndbox>
   </object>
   <object>
      <name>nose</name>
      <pose>Unspecified</pose>
      <truncated>0</truncated>
      <difficult>0</difficult>
      <bndbox>
         <xmin>164</xmin>
         <ymin>170</ymin>
         <xmax>221</xmax>
         <ymax>203</ymax>
      </bndbox>
   </object>
   <object>
      <name>leftiris</name>
      <pose>Unspecified</pose>
      <truncated>0</truncated>
      <difficult>0</difficult>
      <bndbox>
         <xmin>220</xmin>
         <ymin>119</ymin>
         <xmax>234</xmax>
         <ymax>132</ymax>
      </bndbox>
   </object>
   <object>
      <name>righteye</name>
      <pose>Unspecified</pose>
      <truncated>0</truncated>
      <difficult>0</difficult>
      <bndbox>
         <xmin>131</xmin>
         <ymin>121</ymin>
         <xmax>172</xmax>
         <ymax>138</ymax>
      </bndbox>
   </object>
   <object>
      <name>lefteye</name>
      <pose>Unspecified</pose>
      <truncated>0</truncated>
      <difficult>0</difficult>
      <bndbox>
         <xmin>211</xmin>
         <ymin>115</ymin>
         <xmax>248</xmax>
         <ymax>135</ymax>
      </bndbox>
   </object>
   <object>
      <name>rightiris</name>
      <pose>Unspecified</pose>
      <truncated>0</truncated>
      <difficult>0</difficult>
      <bndbox>
         <xmin>146</xmin>
         <ymin>124</ymin>
         <xmax>161</xmax>
         <ymax>135</ymax>
      </bndbox>
   </object>
</annotation>
