<annotation>
   <folder>416multip416</folder>
   <filename>0088.jpg</filename>
   <path>E:\416multip416\0088.jpg</path>
   <source>
      <database>Unknow</database>
   </source>
   <size>
      <width>416</width>
      <height>416</height>
      <depth>3</depth>
   </size>
   <segmented>0</segmented>
   <object>
      <name>head</name>
      <pose>Unspecified</pose>
      <truncated>0</truncated>
      <difficult>0</difficult>
      <bndbox>
         <xmin>93</xmin>
         <ymin>2</ymin>
         <xmax>313</xmax>
         <ymax>287</ymax>
      </bndbox>
   </object>
   <object>
      <name>mouth</name>
      <pose>Unspecified</pose>
      <truncated>0</truncated>
      <difficult>0</difficult>
      <bndbox>
         <xmin>166</xmin>
         <ymin>207</ymin>
         <xmax>246</xmax>
         <ymax>241</ymax>
      </bndbox>
   </object>
   <object>
      <name>nose</name>
      <pose>Unspecified</pose>
      <truncated>0</truncated>
      <difficult>0</difficult>
      <bndbox>
         <xmin>177</xmin>
         <ymin>162</ymin>
         <xmax>235</xmax>
         <ymax>200</ymax>
      </bndbox>
   </object>
   <object>
      <name>leftiris</name>
      <pose>Unspecified</pose>
      <truncated>0</truncated>
      <difficult>0</difficult>
      <bndbox>
         <xmin>232</xmin>
         <ymin>114</ymin>
         <xmax>248</xmax>
         <ymax>122</ymax>
      </bndbox>
   </object>
   <object>
      <name>righteye</name>
      <pose>Unspecified</pose>
      <truncated>0</truncated>
      <difficult>0</difficult>
      <bndbox>
         <xmin>145</xmin>
         <ymin>114</ymin>
         <xmax>187</xmax>
         <ymax>130</ymax>
      </bndbox>
   </object>
   <object>
      <name>lefteye</name>
      <pose>Unspecified</pose>
      <truncated>0</truncated>
      <difficult>0</difficult>
      <bndbox>
         <xmin>225</xmin>
         <ymin>111</ymin>
         <xmax>263</xmax>
         <ymax>127</ymax>
      </bndbox>
   </object>
   <object>
      <name>rightiris</name>
      <pose>Unspecified</pose>
      <truncated>0</truncated>
      <difficult>0</difficult>
      <bndbox>
         <xmin>160</xmin>
         <ymin>117</ymin>
         <xmax>176</xmax>
         <ymax>126</ymax>
      </bndbox>
   </object>
</annotation>
