<annotation>
   <folder>416multip416</folder>
   <filename>0090.jpg</filename>
   <path>E:\416multip416\0090.jpg</path>
   <source>
      <database>Unknow</database>
   </source>
   <size>
      <width>416</width>
      <height>416</height>
      <depth>3</depth>
   </size>
   <segmented>0</segmented>
   <object>
      <name>head</name>
      <pose>Unspecified</pose>
      <truncated>0</truncated>
      <difficult>0</difficult>
      <bndbox>
         <xmin>134</xmin>
         <ymin>23</ymin>
         <xmax>339</xmax>
         <ymax>301</ymax>
      </bndbox>
   </object>
   <object>
      <name>mouth</name>
      <pose>Unspecified</pose>
      <truncated>0</truncated>
      <difficult>0</difficult>
      <bndbox>
         <xmin>204</xmin>
         <ymin>277</ymin>
         <xmax>268</xmax>
         <ymax>300</ymax>
      </bndbox>
   </object>
   <object>
      <name>nose</name>
      <pose>Unspecified</pose>
      <truncated>0</truncated>
      <difficult>0</difficult>
      <bndbox>
         <xmin>209</xmin>
         <ymin>234</ymin>
         <xmax>263</xmax>
         <ymax>269</ymax>
      </bndbox>
   </object>
   <object>
      <name>leftiris</name>
      <pose>Unspecified</pose>
      <truncated>0</truncated>
      <difficult>0</difficult>
      <bndbox>
         <xmin>266</xmin>
         <ymin>193</ymin>
         <xmax>282</xmax>
         <ymax>205</ymax>
      </bndbox>
   </object>
   <object>
      <name>righteye</name>
      <pose>Unspecified</pose>
      <truncated>0</truncated>
      <difficult>0</difficult>
      <bndbox>
         <xmin>181</xmin>
         <ymin>186</ymin>
         <xmax>221</xmax>
         <ymax>208</ymax>
      </bndbox>
   </object>
   <object>
      <name>lefteye</name>
      <pose>Unspecified</pose>
      <truncated>0</truncated>
      <difficult>0</difficult>
      <bndbox>
         <xmin>257</xmin>
         <ymin>189</ymin>
         <xmax>294</xmax>
         <ymax>208</ymax>
      </bndbox>
   </object>
   <object>
      <name>rightiris</name>
      <pose>Unspecified</pose>
      <truncated>0</truncated>
      <difficult>0</difficult>
      <bndbox>
         <xmin>196</xmin>
         <ymin>189</ymin>
         <xmax>211</xmax>
         <ymax>203</ymax>
      </bndbox>
   </object>
</annotation>
