<annotation>
   <folder>416multip416</folder>
   <filename>0095.jpg</filename>
   <path>E:\416multip416\0095.jpg</path>
   <source>
      <database>Unknow</database>
   </source>
   <size>
      <width>416</width>
      <height>416</height>
      <depth>3</depth>
   </size>
   <segmented>0</segmented>
   <object>
      <name>head</name>
      <pose>Unspecified</pose>
      <truncated>0</truncated>
      <difficult>0</difficult>
      <bndbox>
         <xmin>117</xmin>
         <ymin>30</ymin>
         <xmax>330</xmax>
         <ymax>300</ymax>
      </bndbox>
   </object>
   <object>
      <name>mouth</name>
      <pose>Unspecified</pose>
      <truncated>0</truncated>
      <difficult>0</difficult>
      <bndbox>
         <xmin>189</xmin>
         <ymin>285</ymin>
         <xmax>252</xmax>
         <ymax>300</ymax>
      </bndbox>
   </object>
   <object>
      <name>nose</name>
      <pose>Unspecified</pose>
      <truncated>0</truncated>
      <difficult>0</difficult>
      <bndbox>
         <xmin>194</xmin>
         <ymin>241</ymin>
         <xmax>249</xmax>
         <ymax>277</ymax>
      </bndbox>
   </object>
   <object>
      <name>leftiris</name>
      <pose>Unspecified</pose>
      <truncated>0</truncated>
      <difficult>0</difficult>
      <bndbox>
         <xmin>247</xmin>
         <ymin>203</ymin>
         <xmax>263</xmax>
         <ymax>216</ymax>
      </bndbox>
   </object>
   <object>
      <name>righteye</name>
      <pose>Unspecified</pose>
      <truncated>0</truncated>
      <difficult>0</difficult>
      <bndbox>
         <xmin>162</xmin>
         <ymin>199</ymin>
         <xmax>203</xmax>
         <ymax>217</ymax>
      </bndbox>
   </object>
   <object>
      <name>lefteye</name>
      <pose>Unspecified</pose>
      <truncated>0</truncated>
      <difficult>0</difficult>
      <bndbox>
         <xmin>239</xmin>
         <ymin>200</ymin>
         <xmax>281</xmax>
         <ymax>219</ymax>
      </bndbox>
   </object>
   <object>
      <name>rightiris</name>
      <pose>Unspecified</pose>
      <truncated>0</truncated>
      <difficult>0</difficult>
      <bndbox>
         <xmin>176</xmin>
         <ymin>202</ymin>
         <xmax>192</xmax>
         <ymax>216</ymax>
      </bndbox>
   </object>
</annotation>
