<annotation>
   <folder>416multip416</folder>
   <filename>0109.jpg</filename>
   <path>E:\416multip416\0109.jpg</path>
   <source>
      <database>Unknow</database>
   </source>
   <size>
      <width>416</width>
      <height>416</height>
      <depth>3</depth>
   </size>
   <segmented>0</segmented>
   <object>
      <name>head</name>
      <pose>Unspecified</pose>
      <truncated>0</truncated>
      <difficult>0</difficult>
      <bndbox>
         <xmin>91</xmin>
         <ymin>2</ymin>
         <xmax>341</xmax>
         <ymax>300</ymax>
      </bndbox>
   </object>
   <object>
      <name>nose</name>
      <pose>Unspecified</pose>
      <truncated>0</truncated>
      <difficult>0</difficult>
      <bndbox>
         <xmin>180</xmin>
         <ymin>256</ymin>
         <xmax>245</xmax>
         <ymax>300</ymax>
      </bndbox>
   </object>
   <object>
      <name>leftiris</name>
      <pose>Unspecified</pose>
      <truncated>0</truncated>
      <difficult>0</difficult>
      <bndbox>
         <xmin>243</xmin>
         <ymin>211</ymin>
         <xmax>259</xmax>
         <ymax>221</ymax>
      </bndbox>
   </object>
   <object>
      <name>righteye</name>
      <pose>Unspecified</pose>
      <truncated>0</truncated>
      <difficult>0</difficult>
      <bndbox>
         <xmin>147</xmin>
         <ymin>209</ymin>
         <xmax>189</xmax>
         <ymax>227</ymax>
      </bndbox>
   </object>
   <object>
      <name>lefteye</name>
      <pose>Unspecified</pose>
      <truncated>0</truncated>
      <difficult>0</difficult>
      <bndbox>
         <xmin>233</xmin>
         <ymin>207</ymin>
         <xmax>276</xmax>
         <ymax>226</ymax>
      </bndbox>
   </object>
   <object>
      <name>rightiris</name>
      <pose>Unspecified</pose>
      <truncated>0</truncated>
      <difficult>0</difficult>
      <bndbox>
         <xmin>162</xmin>
         <ymin>213</ymin>
         <xmax>179</xmax>
         <ymax>223</ymax>
      </bndbox>
   </object>
</annotation>
