<annotation>
   <folder>416multip416</folder>
   <filename>0112.jpg</filename>
   <path>E:\416multip416\0112.jpg</path>
   <source>
      <database>Unknow</database>
   </source>
   <size>
      <width>416</width>
      <height>416</height>
      <depth>3</depth>
   </size>
   <segmented>0</segmented>
   <object>
      <name>head</name>
      <pose>Unspecified</pose>
      <truncated>0</truncated>
      <difficult>0</difficult>
      <bndbox>
         <xmin>56</xmin>
         <ymin>1</ymin>
         <xmax>311</xmax>
         <ymax>299</ymax>
      </bndbox>
   </object>
   <object>
      <name>mouth</name>
      <pose>Unspecified</pose>
      <truncated>0</truncated>
      <difficult>0</difficult>
      <bndbox>
         <xmin>147</xmin>
         <ymin>261</ymin>
         <xmax>221</xmax>
         <ymax>294</ymax>
      </bndbox>
   </object>
   <object>
      <name>nose</name>
      <pose>Unspecified</pose>
      <truncated>0</truncated>
      <difficult>0</difficult>
      <bndbox>
         <xmin>154</xmin>
         <ymin>200</ymin>
         <xmax>216</xmax>
         <ymax>249</ymax>
      </bndbox>
   </object>
   <object>
      <name>leftiris</name>
      <pose>Unspecified</pose>
      <truncated>0</truncated>
      <difficult>0</difficult>
      <bndbox>
         <xmin>216</xmin>
         <ymin>159</ymin>
         <xmax>233</xmax>
         <ymax>171</ymax>
      </bndbox>
   </object>
   <object>
      <name>righteye</name>
      <pose>Unspecified</pose>
      <truncated>0</truncated>
      <difficult>0</difficult>
      <bndbox>
         <xmin>118</xmin>
         <ymin>160</ymin>
         <xmax>161</xmax>
         <ymax>178</ymax>
      </bndbox>
   </object>
   <object>
      <name>lefteye</name>
      <pose>Unspecified</pose>
      <truncated>0</truncated>
      <difficult>0</difficult>
      <bndbox>
         <xmin>206</xmin>
         <ymin>156</ymin>
         <xmax>248</xmax>
         <ymax>174</ymax>
      </bndbox>
   </object>
   <object>
      <name>rightiris</name>
      <pose>Unspecified</pose>
      <truncated>0</truncated>
      <difficult>0</difficult>
      <bndbox>
         <xmin>134</xmin>
         <ymin>163</ymin>
         <xmax>150</xmax>
         <ymax>176</ymax>
      </bndbox>
   </object>
</annotation>
