<annotation>
   <folder>416multip416</folder>
   <filename>0113.jpg</filename>
   <path>E:\416multip416\0113.jpg</path>
   <source>
      <database>Unknow</database>
   </source>
   <size>
      <width>416</width>
      <height>416</height>
      <depth>3</depth>
   </size>
   <segmented>0</segmented>
   <object>
      <name>head</name>
      <pose>Unspecified</pose>
      <truncated>0</truncated>
      <difficult>0</difficult>
      <bndbox>
         <xmin>91</xmin>
         <ymin>2</ymin>
         <xmax>310</xmax>
         <ymax>300</ymax>
      </bndbox>
   </object>
   <object>
      <name>mouth</name>
      <pose>Unspecified</pose>
      <truncated>0</truncated>
      <difficult>0</difficult>
      <bndbox>
         <xmin>167</xmin>
         <ymin>241</ymin>
         <xmax>231</xmax>
         <ymax>273</ymax>
      </bndbox>
   </object>
   <object>
      <name>nose</name>
      <pose>Unspecified</pose>
      <truncated>0</truncated>
      <difficult>0</difficult>
      <bndbox>
         <xmin>172</xmin>
         <ymin>188</ymin>
         <xmax>224</xmax>
         <ymax>234</ymax>
      </bndbox>
   </object>
   <object>
      <name>leftiris</name>
      <pose>Unspecified</pose>
      <truncated>0</truncated>
      <difficult>0</difficult>
      <bndbox>
         <xmin>227</xmin>
         <ymin>149</ymin>
         <xmax>244</xmax>
         <ymax>162</ymax>
      </bndbox>
   </object>
   <object>
      <name>righteye</name>
      <pose>Unspecified</pose>
      <truncated>0</truncated>
      <difficult>0</difficult>
      <bndbox>
         <xmin>141</xmin>
         <ymin>143</ymin>
         <xmax>180</xmax>
         <ymax>162</ymax>
      </bndbox>
   </object>
   <object>
      <name>lefteye</name>
      <pose>Unspecified</pose>
      <truncated>0</truncated>
      <difficult>0</difficult>
      <bndbox>
         <xmin>218</xmin>
         <ymin>146</ymin>
         <xmax>258</xmax>
         <ymax>163</ymax>
      </bndbox>
   </object>
   <object>
      <name>rightiris</name>
      <pose>Unspecified</pose>
      <truncated>0</truncated>
      <difficult>0</difficult>
      <bndbox>
         <xmin>156</xmin>
         <ymin>147</ymin>
         <xmax>171</xmax>
         <ymax>159</ymax>
      </bndbox>
   </object>
</annotation>
