<annotation>
   <folder>416multip416</folder>
   <filename>0115.jpg</filename>
   <path>E:\416multip416\0115.jpg</path>
   <source>
      <database>Unknow</database>
   </source>
   <size>
      <width>416</width>
      <height>416</height>
      <depth>3</depth>
   </size>
   <segmented>0</segmented>
   <object>
      <name>head</name>
      <pose>Unspecified</pose>
      <truncated>0</truncated>
      <difficult>0</difficult>
      <bndbox>
         <xmin>110</xmin>
         <ymin>24</ymin>
         <xmax>320</xmax>
         <ymax>301</ymax>
      </bndbox>
   </object>
   <object>
      <name>mouth</name>
      <pose>Unspecified</pose>
      <truncated>0</truncated>
      <difficult>0</difficult>
      <bndbox>
         <xmin>179</xmin>
         <ymin>264</ymin>
         <xmax>249</xmax>
         <ymax>298</ymax>
      </bndbox>
   </object>
   <object>
      <name>nose</name>
      <pose>Unspecified</pose>
      <truncated>0</truncated>
      <difficult>0</difficult>
      <bndbox>
         <xmin>186</xmin>
         <ymin>208</ymin>
         <xmax>244</xmax>
         <ymax>251</ymax>
      </bndbox>
   </object>
   <object>
      <name>leftiris</name>
      <pose>Unspecified</pose>
      <truncated>0</truncated>
      <difficult>0</difficult>
      <bndbox>
         <xmin>250</xmin>
         <ymin>180</ymin>
         <xmax>265</xmax>
         <ymax>192</ymax>
      </bndbox>
   </object>
   <object>
      <name>righteye</name>
      <pose>Unspecified</pose>
      <truncated>0</truncated>
      <difficult>0</difficult>
      <bndbox>
         <xmin>156</xmin>
         <ymin>172</ymin>
         <xmax>193</xmax>
         <ymax>192</ymax>
      </bndbox>
   </object>
   <object>
      <name>lefteye</name>
      <pose>Unspecified</pose>
      <truncated>0</truncated>
      <difficult>0</difficult>
      <bndbox>
         <xmin>239</xmin>
         <ymin>177</ymin>
         <xmax>280</xmax>
         <ymax>196</ymax>
      </bndbox>
   </object>
   <object>
      <name>rightiris</name>
      <pose>Unspecified</pose>
      <truncated>0</truncated>
      <difficult>0</difficult>
      <bndbox>
         <xmin>169</xmin>
         <ymin>176</ymin>
         <xmax>184</xmax>
         <ymax>188</ymax>
      </bndbox>
   </object>
</annotation>
