<annotation>
   <folder>416multip416</folder>
   <filename>0116.jpg</filename>
   <path>E:\416multip416\0116.jpg</path>
   <source>
      <database>Unknow</database>
   </source>
   <size>
      <width>416</width>
      <height>416</height>
      <depth>3</depth>
   </size>
   <segmented>0</segmented>
   <object>
      <name>head</name>
      <pose>Unspecified</pose>
      <truncated>0</truncated>
      <difficult>0</difficult>
      <bndbox>
         <xmin>78</xmin>
         <ymin>49</ymin>
         <xmax>307</xmax>
         <ymax>300</ymax>
      </bndbox>
   </object>
   <object>
      <name>leftiris</name>
      <pose>Unspecified</pose>
      <truncated>0</truncated>
      <difficult>0</difficult>
      <bndbox>
         <xmin>226</xmin>
         <ymin>246</ymin>
         <xmax>243</xmax>
         <ymax>256</ymax>
      </bndbox>
   </object>
   <object>
      <name>righteye</name>
      <pose>Unspecified</pose>
      <truncated>0</truncated>
      <difficult>0</difficult>
      <bndbox>
         <xmin>131</xmin>
         <ymin>242</ymin>
         <xmax>177</xmax>
         <ymax>261</ymax>
      </bndbox>
   </object>
   <object>
      <name>lefteye</name>
      <pose>Unspecified</pose>
      <truncated>0</truncated>
      <difficult>0</difficult>
      <bndbox>
         <xmin>218</xmin>
         <ymin>243</ymin>
         <xmax>256</xmax>
         <ymax>260</ymax>
      </bndbox>
   </object>
   <object>
      <name>rightiris</name>
      <pose>Unspecified</pose>
      <truncated>0</truncated>
      <difficult>0</difficult>
      <bndbox>
         <xmin>150</xmin>
         <ymin>246</ymin>
         <xmax>167</xmax>
         <ymax>257</ymax>
      </bndbox>
   </object>
</annotation>
