<annotation>
   <folder>416multip416</folder>
   <filename>0122.jpg</filename>
   <path>E:\416multip416\0122.jpg</path>
   <source>
      <database>Unknow</database>
   </source>
   <size>
      <width>416</width>
      <height>416</height>
      <depth>3</depth>
   </size>
   <segmented>0</segmented>
   <object>
      <name>head</name>
      <pose>Unspecified</pose>
      <truncated>0</truncated>
      <difficult>0</difficult>
      <bndbox>
         <xmin>137</xmin>
         <ymin>3</ymin>
         <xmax>382</xmax>
         <ymax>301</ymax>
      </bndbox>
   </object>
   <object>
      <name>nose</name>
      <pose>Unspecified</pose>
      <truncated>0</truncated>
      <difficult>0</difficult>
      <bndbox>
         <xmin>238</xmin>
         <ymin>248</ymin>
         <xmax>303</xmax>
         <ymax>294</ymax>
      </bndbox>
   </object>
   <object>
      <name>leftiris</name>
      <pose>Unspecified</pose>
      <truncated>0</truncated>
      <difficult>0</difficult>
      <bndbox>
         <xmin>303</xmin>
         <ymin>208</ymin>
         <xmax>322</xmax>
         <ymax>222</ymax>
      </bndbox>
   </object>
   <object>
      <name>righteye</name>
      <pose>Unspecified</pose>
      <truncated>0</truncated>
      <difficult>0</difficult>
      <bndbox>
         <xmin>197</xmin>
         <ymin>205</ymin>
         <xmax>245</xmax>
         <ymax>225</ymax>
      </bndbox>
   </object>
   <object>
      <name>lefteye</name>
      <pose>Unspecified</pose>
      <truncated>0</truncated>
      <difficult>0</difficult>
      <bndbox>
         <xmin>293</xmin>
         <ymin>203</ymin>
         <xmax>338</xmax>
         <ymax>225</ymax>
      </bndbox>
   </object>
   <object>
      <name>rightiris</name>
      <pose>Unspecified</pose>
      <truncated>0</truncated>
      <difficult>0</difficult>
      <bndbox>
         <xmin>214</xmin>
         <ymin>208</ymin>
         <xmax>231</xmax>
         <ymax>222</ymax>
      </bndbox>
   </object>
</annotation>
