<annotation>
   <folder>416multip416</folder>
   <filename>0128.jpg</filename>
   <path>E:\416multip416\0128.jpg</path>
   <source>
      <database>Unknow</database>
   </source>
   <size>
      <width>416</width>
      <height>416</height>
      <depth>3</depth>
   </size>
   <segmented>0</segmented>
   <object>
      <name>head</name>
      <pose>Unspecified</pose>
      <truncated>0</truncated>
      <difficult>0</difficult>
      <bndbox>
         <xmin>135</xmin>
         <ymin>34</ymin>
         <xmax>355</xmax>
         <ymax>300</ymax>
      </bndbox>
   </object>
   <object>
      <name>nose</name>
      <pose>Unspecified</pose>
      <truncated>0</truncated>
      <difficult>0</difficult>
      <bndbox>
         <xmin>228</xmin>
         <ymin>259</ymin>
         <xmax>284</xmax>
         <ymax>299</ymax>
      </bndbox>
   </object>
   <object>
      <name>leftiris</name>
      <pose>Unspecified</pose>
      <truncated>0</truncated>
      <difficult>0</difficult>
      <bndbox>
         <xmin>282</xmin>
         <ymin>217</ymin>
         <xmax>298</xmax>
         <ymax>230</ymax>
      </bndbox>
   </object>
   <object>
      <name>righteye</name>
      <pose>Unspecified</pose>
      <truncated>0</truncated>
      <difficult>0</difficult>
      <bndbox>
         <xmin>195</xmin>
         <ymin>214</ymin>
         <xmax>236</xmax>
         <ymax>235</ymax>
      </bndbox>
   </object>
   <object>
      <name>lefteye</name>
      <pose>Unspecified</pose>
      <truncated>0</truncated>
      <difficult>0</difficult>
      <bndbox>
         <xmin>270</xmin>
         <ymin>212</ymin>
         <xmax>313</xmax>
         <ymax>233</ymax>
      </bndbox>
   </object>
   <object>
      <name>rightiris</name>
      <pose>Unspecified</pose>
      <truncated>0</truncated>
      <difficult>0</difficult>
      <bndbox>
         <xmin>207</xmin>
         <ymin>220</ymin>
         <xmax>223</xmax>
         <ymax>233</ymax>
      </bndbox>
   </object>
</annotation>
