<annotation>
   <folder>416multip416</folder>
   <filename>0130.jpg</filename>
   <path>E:\416multip416\0130.jpg</path>
   <source>
      <database>Unknow</database>
   </source>
   <size>
      <width>416</width>
      <height>416</height>
      <depth>3</depth>
   </size>
   <segmented>0</segmented>
   <object>
      <name>head</name>
      <pose>Unspecified</pose>
      <truncated>0</truncated>
      <difficult>0</difficult>
      <bndbox>
         <xmin>125</xmin>
         <ymin>5</ymin>
         <xmax>333</xmax>
         <ymax>300</ymax>
      </bndbox>
   </object>
   <object>
      <name>mouth</name>
      <pose>Unspecified</pose>
      <truncated>0</truncated>
      <difficult>0</difficult>
      <bndbox>
         <xmin>189</xmin>
         <ymin>261</ymin>
         <xmax>258</xmax>
         <ymax>295</ymax>
      </bndbox>
   </object>
   <object>
      <name>nose</name>
      <pose>Unspecified</pose>
      <truncated>0</truncated>
      <difficult>0</difficult>
      <bndbox>
         <xmin>202</xmin>
         <ymin>212</ymin>
         <xmax>254</xmax>
         <ymax>253</ymax>
      </bndbox>
   </object>
   <object>
      <name>leftiris</name>
      <pose>Unspecified</pose>
      <truncated>0</truncated>
      <difficult>0</difficult>
      <bndbox>
         <xmin>257</xmin>
         <ymin>177</ymin>
         <xmax>271</xmax>
         <ymax>188</ymax>
      </bndbox>
   </object>
   <object>
      <name>righteye</name>
      <pose>Unspecified</pose>
      <truncated>0</truncated>
      <difficult>0</difficult>
      <bndbox>
         <xmin>171</xmin>
         <ymin>174</ymin>
         <xmax>210</xmax>
         <ymax>190</ymax>
      </bndbox>
   </object>
   <object>
      <name>lefteye</name>
      <pose>Unspecified</pose>
      <truncated>0</truncated>
      <difficult>0</difficult>
      <bndbox>
         <xmin>247</xmin>
         <ymin>174</ymin>
         <xmax>285</xmax>
         <ymax>191</ymax>
      </bndbox>
   </object>
   <object>
      <name>rightiris</name>
      <pose>Unspecified</pose>
      <truncated>0</truncated>
      <difficult>0</difficult>
      <bndbox>
         <xmin>187</xmin>
         <ymin>177</ymin>
         <xmax>201</xmax>
         <ymax>188</ymax>
      </bndbox>
   </object>
</annotation>
