<annotation>
   <folder>416multip416</folder>
   <filename>0136.jpg</filename>
   <path>E:\416multip416\0136.jpg</path>
   <source>
      <database>Unknow</database>
   </source>
   <size>
      <width>416</width>
      <height>416</height>
      <depth>3</depth>
   </size>
   <segmented>0</segmented>
   <object>
      <name>head</name>
      <pose>Unspecified</pose>
      <truncated>0</truncated>
      <difficult>0</difficult>
      <bndbox>
         <xmin>101</xmin>
         <ymin>2</ymin>
         <xmax>314</xmax>
         <ymax>300</ymax>
      </bndbox>
   </object>
   <object>
      <name>mouth</name>
      <pose>Unspecified</pose>
      <truncated>0</truncated>
      <difficult>0</difficult>
      <bndbox>
         <xmin>182</xmin>
         <ymin>240</ymin>
         <xmax>257</xmax>
         <ymax>274</ymax>
      </bndbox>
   </object>
   <object>
      <name>nose</name>
      <pose>Unspecified</pose>
      <truncated>0</truncated>
      <difficult>0</difficult>
      <bndbox>
         <xmin>186</xmin>
         <ymin>188</ymin>
         <xmax>246</xmax>
         <ymax>229</ymax>
      </bndbox>
   </object>
   <object>
      <name>leftiris</name>
      <pose>Unspecified</pose>
      <truncated>0</truncated>
      <difficult>0</difficult>
      <bndbox>
         <xmin>244</xmin>
         <ymin>144</ymin>
         <xmax>259</xmax>
         <ymax>160</ymax>
      </bndbox>
   </object>
   <object>
      <name>righteye</name>
      <pose>Unspecified</pose>
      <truncated>0</truncated>
      <difficult>0</difficult>
      <bndbox>
         <xmin>148</xmin>
         <ymin>149</ymin>
         <xmax>195</xmax>
         <ymax>171</ymax>
      </bndbox>
   </object>
   <object>
      <name>lefteye</name>
      <pose>Unspecified</pose>
      <truncated>0</truncated>
      <difficult>0</difficult>
      <bndbox>
         <xmin>234</xmin>
         <ymin>141</ymin>
         <xmax>276</xmax>
         <ymax>165</ymax>
      </bndbox>
   </object>
   <object>
      <name>rightiris</name>
      <pose>Unspecified</pose>
      <truncated>0</truncated>
      <difficult>0</difficult>
      <bndbox>
         <xmin>165</xmin>
         <ymin>152</ymin>
         <xmax>181</xmax>
         <ymax>165</ymax>
      </bndbox>
   </object>
</annotation>
