<annotation>
   <folder>416multip416</folder>
   <filename>0139.jpg</filename>
   <path>E:\416multip416\0139.jpg</path>
   <source>
      <database>Unknow</database>
   </source>
   <size>
      <width>416</width>
      <height>416</height>
      <depth>3</depth>
   </size>
   <segmented>0</segmented>
   <object>
      <name>head</name>
      <pose>Unspecified</pose>
      <truncated>0</truncated>
      <difficult>0</difficult>
      <bndbox>
         <xmin>58</xmin>
         <ymin>4</ymin>
         <xmax>289</xmax>
         <ymax>299</ymax>
      </bndbox>
   </object>
   <object>
      <name>nose</name>
      <pose>Unspecified</pose>
      <truncated>0</truncated>
      <difficult>0</difficult>
      <bndbox>
         <xmin>142</xmin>
         <ymin>252</ymin>
         <xmax>204</xmax>
         <ymax>294</ymax>
      </bndbox>
   </object>
   <object>
      <name>leftiris</name>
      <pose>Unspecified</pose>
      <truncated>0</truncated>
      <difficult>0</difficult>
      <bndbox>
         <xmin>203</xmin>
         <ymin>210</ymin>
         <xmax>220</xmax>
         <ymax>220</ymax>
      </bndbox>
   </object>
   <object>
      <name>righteye</name>
      <pose>Unspecified</pose>
      <truncated>0</truncated>
      <difficult>0</difficult>
      <bndbox>
         <xmin>108</xmin>
         <ymin>204</ymin>
         <xmax>150</xmax>
         <ymax>221</ymax>
      </bndbox>
   </object>
   <object>
      <name>lefteye</name>
      <pose>Unspecified</pose>
      <truncated>0</truncated>
      <difficult>0</difficult>
      <bndbox>
         <xmin>193</xmin>
         <ymin>206</ymin>
         <xmax>235</xmax>
         <ymax>223</ymax>
      </bndbox>
   </object>
   <object>
      <name>rightiris</name>
      <pose>Unspecified</pose>
      <truncated>0</truncated>
      <difficult>0</difficult>
      <bndbox>
         <xmin>122</xmin>
         <ymin>207</ymin>
         <xmax>138</xmax>
         <ymax>217</ymax>
      </bndbox>
   </object>
</annotation>
