<annotation>
   <folder>416multip416</folder>
   <filename>0141.jpg</filename>
   <path>E:\416multip416\0141.jpg</path>
   <source>
      <database>Unknow</database>
   </source>
   <size>
      <width>416</width>
      <height>416</height>
      <depth>3</depth>
   </size>
   <segmented>0</segmented>
   <object>
      <name>head</name>
      <pose>Unspecified</pose>
      <truncated>0</truncated>
      <difficult>0</difficult>
      <bndbox>
         <xmin>69</xmin>
         <ymin>38</ymin>
         <xmax>289</xmax>
         <ymax>301</ymax>
      </bndbox>
   </object>
   <object>
      <name>nose</name>
      <pose>Unspecified</pose>
      <truncated>0</truncated>
      <difficult>0</difficult>
      <bndbox>
         <xmin>163</xmin>
         <ymin>245</ymin>
         <xmax>217</xmax>
         <ymax>286</ymax>
      </bndbox>
   </object>
   <object>
      <name>leftiris</name>
      <pose>Unspecified</pose>
      <truncated>0</truncated>
      <difficult>0</difficult>
      <bndbox>
         <xmin>218</xmin>
         <ymin>204</ymin>
         <xmax>233</xmax>
         <ymax>216</ymax>
      </bndbox>
   </object>
   <object>
      <name>righteye</name>
      <pose>Unspecified</pose>
      <truncated>0</truncated>
      <difficult>0</difficult>
      <bndbox>
         <xmin>127</xmin>
         <ymin>198</ymin>
         <xmax>170</xmax>
         <ymax>217</ymax>
      </bndbox>
   </object>
   <object>
      <name>lefteye</name>
      <pose>Unspecified</pose>
      <truncated>0</truncated>
      <difficult>0</difficult>
      <bndbox>
         <xmin>209</xmin>
         <ymin>201</ymin>
         <xmax>249</xmax>
         <ymax>219</ymax>
      </bndbox>
   </object>
   <object>
      <name>rightiris</name>
      <pose>Unspecified</pose>
      <truncated>0</truncated>
      <difficult>0</difficult>
      <bndbox>
         <xmin>142</xmin>
         <ymin>201</ymin>
         <xmax>158</xmax>
         <ymax>214</ymax>
      </bndbox>
   </object>
</annotation>
