<annotation>
   <folder>416multip416</folder>
   <filename>0145.jpg</filename>
   <path>E:\416multip416\0145.jpg</path>
   <source>
      <database>Unknow</database>
   </source>
   <size>
      <width>416</width>
      <height>416</height>
      <depth>3</depth>
   </size>
   <segmented>0</segmented>
   <object>
      <name>head</name>
      <pose>Unspecified</pose>
      <truncated>0</truncated>
      <difficult>0</difficult>
      <bndbox>
         <xmin>51</xmin>
         <ymin>61</ymin>
         <xmax>246</xmax>
         <ymax>299</ymax>
      </bndbox>
   </object>
   <object>
      <name>nose</name>
      <pose>Unspecified</pose>
      <truncated>0</truncated>
      <difficult>0</difficult>
      <bndbox>
         <xmin>122</xmin>
         <ymin>263</ymin>
         <xmax>175</xmax>
         <ymax>296</ymax>
      </bndbox>
   </object>
   <object>
      <name>leftiris</name>
      <pose>Unspecified</pose>
      <truncated>0</truncated>
      <difficult>0</difficult>
      <bndbox>
         <xmin>176</xmin>
         <ymin>230</ymin>
         <xmax>191</xmax>
         <ymax>241</ymax>
      </bndbox>
   </object>
   <object>
      <name>righteye</name>
      <pose>Unspecified</pose>
      <truncated>0</truncated>
      <difficult>0</difficult>
      <bndbox>
         <xmin>97</xmin>
         <ymin>223</ymin>
         <xmax>134</xmax>
         <ymax>241</ymax>
      </bndbox>
   </object>
   <object>
      <name>lefteye</name>
      <pose>Unspecified</pose>
      <truncated>0</truncated>
      <difficult>0</difficult>
      <bndbox>
         <xmin>167</xmin>
         <ymin>226</ymin>
         <xmax>205</xmax>
         <ymax>244</ymax>
      </bndbox>
   </object>
   <object>
      <name>rightiris</name>
      <pose>Unspecified</pose>
      <truncated>0</truncated>
      <difficult>0</difficult>
      <bndbox>
         <xmin>110</xmin>
         <ymin>225</ymin>
         <xmax>125</xmax>
         <ymax>237</ymax>
      </bndbox>
   </object>
</annotation>
