<annotation>
   <folder>416multip416</folder>
   <filename>0147.jpg</filename>
   <path>E:\416multip416\0147.jpg</path>
   <source>
      <database>Unknow</database>
   </source>
   <size>
      <width>416</width>
      <height>416</height>
      <depth>3</depth>
   </size>
   <segmented>0</segmented>
   <object>
      <name>head</name>
      <pose>Unspecified</pose>
      <truncated>0</truncated>
      <difficult>0</difficult>
      <bndbox>
         <xmin>86</xmin>
         <ymin>1</ymin>
         <xmax>338</xmax>
         <ymax>301</ymax>
      </bndbox>
   </object>
   <object>
      <name>mouth</name>
      <pose>Unspecified</pose>
      <truncated>0</truncated>
      <difficult>0</difficult>
      <bndbox>
         <xmin>182</xmin>
         <ymin>254</ymin>
         <xmax>257</xmax>
         <ymax>286</ymax>
      </bndbox>
   </object>
   <object>
      <name>nose</name>
      <pose>Unspecified</pose>
      <truncated>0</truncated>
      <difficult>0</difficult>
      <bndbox>
         <xmin>189</xmin>
         <ymin>191</ymin>
         <xmax>250</xmax>
         <ymax>235</ymax>
      </bndbox>
   </object>
   <object>
      <name>leftiris</name>
      <pose>Unspecified</pose>
      <truncated>0</truncated>
      <difficult>0</difficult>
      <bndbox>
         <xmin>250</xmin>
         <ymin>144</ymin>
         <xmax>267</xmax>
         <ymax>156</ymax>
      </bndbox>
   </object>
   <object>
      <name>righteye</name>
      <pose>Unspecified</pose>
      <truncated>0</truncated>
      <difficult>0</difficult>
      <bndbox>
         <xmin>150</xmin>
         <ymin>145</ymin>
         <xmax>195</xmax>
         <ymax>163</ymax>
      </bndbox>
   </object>
   <object>
      <name>lefteye</name>
      <pose>Unspecified</pose>
      <truncated>0</truncated>
      <difficult>0</difficult>
      <bndbox>
         <xmin>242</xmin>
         <ymin>139</ymin>
         <xmax>283</xmax>
         <ymax>160</ymax>
      </bndbox>
   </object>
   <object>
      <name>rightiris</name>
      <pose>Unspecified</pose>
      <truncated>0</truncated>
      <difficult>0</difficult>
      <bndbox>
         <xmin>168</xmin>
         <ymin>149</ymin>
         <xmax>185</xmax>
         <ymax>159</ymax>
      </bndbox>
   </object>
</annotation>
