<annotation>
   <folder>416multip416</folder>
   <filename>0154.jpg</filename>
   <path>E:\416multip416\0154.jpg</path>
   <source>
      <database>Unknow</database>
   </source>
   <size>
      <width>416</width>
      <height>416</height>
      <depth>3</depth>
   </size>
   <segmented>0</segmented>
   <object>
      <name>head</name>
      <pose>Unspecified</pose>
      <truncated>0</truncated>
      <difficult>0</difficult>
      <bndbox>
         <xmin>114</xmin>
         <ymin>2</ymin>
         <xmax>353</xmax>
         <ymax>301</ymax>
      </bndbox>
   </object>
   <object>
      <name>mouth</name>
      <pose>Unspecified</pose>
      <truncated>0</truncated>
      <difficult>0</difficult>
      <bndbox>
         <xmin>199</xmin>
         <ymin>233</ymin>
         <xmax>276</xmax>
         <ymax>278</ymax>
      </bndbox>
   </object>
   <object>
      <name>nose</name>
      <pose>Unspecified</pose>
      <truncated>0</truncated>
      <difficult>0</difficult>
      <bndbox>
         <xmin>206</xmin>
         <ymin>177</ymin>
         <xmax>267</xmax>
         <ymax>221</ymax>
      </bndbox>
   </object>
   <object>
      <name>leftiris</name>
      <pose>Unspecified</pose>
      <truncated>0</truncated>
      <difficult>0</difficult>
      <bndbox>
         <xmin>271</xmin>
         <ymin>136</ymin>
         <xmax>287</xmax>
         <ymax>150</ymax>
      </bndbox>
   </object>
   <object>
      <name>righteye</name>
      <pose>Unspecified</pose>
      <truncated>0</truncated>
      <difficult>0</difficult>
      <bndbox>
         <xmin>172</xmin>
         <ymin>131</ymin>
         <xmax>218</xmax>
         <ymax>155</ymax>
      </bndbox>
   </object>
   <object>
      <name>lefteye</name>
      <pose>Unspecified</pose>
      <truncated>0</truncated>
      <difficult>0</difficult>
      <bndbox>
         <xmin>257</xmin>
         <ymin>128</ymin>
         <xmax>306</xmax>
         <ymax>155</ymax>
      </bndbox>
   </object>
   <object>
      <name>rightiris</name>
      <pose>Unspecified</pose>
      <truncated>0</truncated>
      <difficult>0</difficult>
      <bndbox>
         <xmin>188</xmin>
         <ymin>137</ymin>
         <xmax>204</xmax>
         <ymax>153</ymax>
      </bndbox>
   </object>
</annotation>
