<annotation>
   <folder>416multip416</folder>
   <filename>0158.jpg</filename>
   <path>E:\416multip416\0158.jpg</path>
   <source>
      <database>Unknow</database>
   </source>
   <size>
      <width>416</width>
      <height>416</height>
      <depth>3</depth>
   </size>
   <segmented>0</segmented>
   <object>
      <name>head</name>
      <pose>Unspecified</pose>
      <truncated>0</truncated>
      <difficult>0</difficult>
      <bndbox>
         <xmin>105</xmin>
         <ymin>16</ymin>
         <xmax>303</xmax>
         <ymax>300</ymax>
      </bndbox>
   </object>
   <object>
      <name>nose</name>
      <pose>Unspecified</pose>
      <truncated>0</truncated>
      <difficult>0</difficult>
      <bndbox>
         <xmin>178</xmin>
         <ymin>239</ymin>
         <xmax>234</xmax>
         <ymax>282</ymax>
      </bndbox>
   </object>
   <object>
      <name>leftiris</name>
      <pose>Unspecified</pose>
      <truncated>0</truncated>
      <difficult>0</difficult>
      <bndbox>
         <xmin>234</xmin>
         <ymin>202</ymin>
         <xmax>250</xmax>
         <ymax>211</ymax>
      </bndbox>
   </object>
   <object>
      <name>righteye</name>
      <pose>Unspecified</pose>
      <truncated>0</truncated>
      <difficult>0</difficult>
      <bndbox>
         <xmin>143</xmin>
         <ymin>201</ymin>
         <xmax>185</xmax>
         <ymax>216</ymax>
      </bndbox>
   </object>
   <object>
      <name>lefteye</name>
      <pose>Unspecified</pose>
      <truncated>0</truncated>
      <difficult>0</difficult>
      <bndbox>
         <xmin>225</xmin>
         <ymin>196</ymin>
         <xmax>268</xmax>
         <ymax>213</ymax>
      </bndbox>
   </object>
   <object>
      <name>rightiris</name>
      <pose>Unspecified</pose>
      <truncated>0</truncated>
      <difficult>0</difficult>
      <bndbox>
         <xmin>158</xmin>
         <ymin>204</ymin>
         <xmax>175</xmax>
         <ymax>214</ymax>
      </bndbox>
   </object>
</annotation>
