<annotation>
   <folder>416multip416</folder>
   <filename>0167.jpg</filename>
   <path>E:\416multip416\0167.jpg</path>
   <source>
      <database>Unknow</database>
   </source>
   <size>
      <width>416</width>
      <height>416</height>
      <depth>3</depth>
   </size>
   <segmented>0</segmented>
   <object>
      <name>head</name>
      <pose>Unspecified</pose>
      <truncated>0</truncated>
      <difficult>0</difficult>
      <bndbox>
         <xmin>96</xmin>
         <ymin>2</ymin>
         <xmax>320</xmax>
         <ymax>299</ymax>
      </bndbox>
   </object>
   <object>
      <name>mouth</name>
      <pose>Unspecified</pose>
      <truncated>0</truncated>
      <difficult>0</difficult>
      <bndbox>
         <xmin>184</xmin>
         <ymin>236</ymin>
         <xmax>252</xmax>
         <ymax>266</ymax>
      </bndbox>
   </object>
   <object>
      <name>nose</name>
      <pose>Unspecified</pose>
      <truncated>0</truncated>
      <difficult>0</difficult>
      <bndbox>
         <xmin>192</xmin>
         <ymin>182</ymin>
         <xmax>250</xmax>
         <ymax>219</ymax>
      </bndbox>
   </object>
   <object>
      <name>leftiris</name>
      <pose>Unspecified</pose>
      <truncated>0</truncated>
      <difficult>0</difficult>
      <bndbox>
         <xmin>247</xmin>
         <ymin>139</ymin>
         <xmax>262</xmax>
         <ymax>151</ymax>
      </bndbox>
   </object>
   <object>
      <name>righteye</name>
      <pose>Unspecified</pose>
      <truncated>0</truncated>
      <difficult>0</difficult>
      <bndbox>
         <xmin>159</xmin>
         <ymin>138</ymin>
         <xmax>199</xmax>
         <ymax>154</ymax>
      </bndbox>
   </object>
   <object>
      <name>lefteye</name>
      <pose>Unspecified</pose>
      <truncated>0</truncated>
      <difficult>0</difficult>
      <bndbox>
         <xmin>238</xmin>
         <ymin>136</ymin>
         <xmax>276</xmax>
         <ymax>153</ymax>
      </bndbox>
   </object>
   <object>
      <name>rightiris</name>
      <pose>Unspecified</pose>
      <truncated>0</truncated>
      <difficult>0</difficult>
      <bndbox>
         <xmin>171</xmin>
         <ymin>141</ymin>
         <xmax>187</xmax>
         <ymax>151</ymax>
      </bndbox>
   </object>
</annotation>
