<annotation>
   <folder>416multip416</folder>
   <filename>0179.jpg</filename>
   <path>E:\416multip416\0179.jpg</path>
   <source>
      <database>Unknow</database>
   </source>
   <size>
      <width>416</width>
      <height>416</height>
      <depth>3</depth>
   </size>
   <segmented>0</segmented>
   <object>
      <name>head</name>
      <pose>Unspecified</pose>
      <truncated>0</truncated>
      <difficult>0</difficult>
      <bndbox>
         <xmin>59</xmin>
         <ymin>25</ymin>
         <xmax>295</xmax>
         <ymax>300</ymax>
      </bndbox>
   </object>
   <object>
      <name>nose</name>
      <pose>Unspecified</pose>
      <truncated>0</truncated>
      <difficult>0</difficult>
      <bndbox>
         <xmin>151</xmin>
         <ymin>250</ymin>
         <xmax>208</xmax>
         <ymax>295</ymax>
      </bndbox>
   </object>
   <object>
      <name>leftiris</name>
      <pose>Unspecified</pose>
      <truncated>0</truncated>
      <difficult>0</difficult>
      <bndbox>
         <xmin>208</xmin>
         <ymin>209</ymin>
         <xmax>225</xmax>
         <ymax>218</ymax>
      </bndbox>
   </object>
   <object>
      <name>righteye</name>
      <pose>Unspecified</pose>
      <truncated>0</truncated>
      <difficult>0</difficult>
      <bndbox>
         <xmin>123</xmin>
         <ymin>208</ymin>
         <xmax>160</xmax>
         <ymax>224</ymax>
      </bndbox>
   </object>
   <object>
      <name>lefteye</name>
      <pose>Unspecified</pose>
      <truncated>0</truncated>
      <difficult>0</difficult>
      <bndbox>
         <xmin>200</xmin>
         <ymin>207</ymin>
         <xmax>237</xmax>
         <ymax>221</ymax>
      </bndbox>
   </object>
   <object>
      <name>rightiris</name>
      <pose>Unspecified</pose>
      <truncated>0</truncated>
      <difficult>0</difficult>
      <bndbox>
         <xmin>135</xmin>
         <ymin>212</ymin>
         <xmax>152</xmax>
         <ymax>221</ymax>
      </bndbox>
   </object>
</annotation>
