<annotation>
   <folder>416multip416</folder>
   <filename>0180.jpg</filename>
   <path>E:\416multip416\0180.jpg</path>
   <source>
      <database>Unknow</database>
   </source>
   <size>
      <width>416</width>
      <height>416</height>
      <depth>3</depth>
   </size>
   <segmented>0</segmented>
   <object>
      <name>head</name>
      <pose>Unspecified</pose>
      <truncated>0</truncated>
      <difficult>0</difficult>
      <bndbox>
         <xmin>39</xmin>
         <ymin>4</ymin>
         <xmax>278</xmax>
         <ymax>301</ymax>
      </bndbox>
   </object>
   <object>
      <name>nose</name>
      <pose>Unspecified</pose>
      <truncated>0</truncated>
      <difficult>0</difficult>
      <bndbox>
         <xmin>128</xmin>
         <ymin>234</ymin>
         <xmax>190</xmax>
         <ymax>280</ymax>
      </bndbox>
   </object>
   <object>
      <name>leftiris</name>
      <pose>Unspecified</pose>
      <truncated>0</truncated>
      <difficult>0</difficult>
      <bndbox>
         <xmin>192</xmin>
         <ymin>195</ymin>
         <xmax>208</xmax>
         <ymax>210</ymax>
      </bndbox>
   </object>
   <object>
      <name>righteye</name>
      <pose>Unspecified</pose>
      <truncated>0</truncated>
      <difficult>0</difficult>
      <bndbox>
         <xmin>91</xmin>
         <ymin>187</ymin>
         <xmax>137</xmax>
         <ymax>208</ymax>
      </bndbox>
   </object>
   <object>
      <name>lefteye</name>
      <pose>Unspecified</pose>
      <truncated>0</truncated>
      <difficult>0</difficult>
      <bndbox>
         <xmin>182</xmin>
         <ymin>192</ymin>
         <xmax>226</xmax>
         <ymax>212</ymax>
      </bndbox>
   </object>
   <object>
      <name>rightiris</name>
      <pose>Unspecified</pose>
      <truncated>0</truncated>
      <difficult>0</difficult>
      <bndbox>
         <xmin>111</xmin>
         <ymin>191</ymin>
         <xmax>127</xmax>
         <ymax>205</ymax>
      </bndbox>
   </object>
</annotation>
