<annotation>
   <folder>416multip416</folder>
   <filename>0183.jpg</filename>
   <path>E:\416multip416\0183.jpg</path>
   <source>
      <database>Unknow</database>
   </source>
   <size>
      <width>416</width>
      <height>416</height>
      <depth>3</depth>
   </size>
   <segmented>0</segmented>
   <object>
      <name>head</name>
      <pose>Unspecified</pose>
      <truncated>0</truncated>
      <difficult>0</difficult>
      <bndbox>
         <xmin>68</xmin>
         <ymin>2</ymin>
         <xmax>304</xmax>
         <ymax>300</ymax>
      </bndbox>
   </object>
   <object>
      <name>mouth</name>
      <pose>Unspecified</pose>
      <truncated>0</truncated>
      <difficult>0</difficult>
      <bndbox>
         <xmin>136</xmin>
         <ymin>234</ymin>
         <xmax>225</xmax>
         <ymax>271</ymax>
      </bndbox>
   </object>
   <object>
      <name>nose</name>
      <pose>Unspecified</pose>
      <truncated>0</truncated>
      <difficult>0</difficult>
      <bndbox>
         <xmin>153</xmin>
         <ymin>186</ymin>
         <xmax>215</xmax>
         <ymax>228</ymax>
      </bndbox>
   </object>
   <object>
      <name>leftiris</name>
      <pose>Unspecified</pose>
      <truncated>0</truncated>
      <difficult>0</difficult>
      <bndbox>
         <xmin>215</xmin>
         <ymin>140</ymin>
         <xmax>233</xmax>
         <ymax>156</ymax>
      </bndbox>
   </object>
   <object>
      <name>righteye</name>
      <pose>Unspecified</pose>
      <truncated>0</truncated>
      <difficult>0</difficult>
      <bndbox>
         <xmin>119</xmin>
         <ymin>135</ymin>
         <xmax>162</xmax>
         <ymax>160</ymax>
      </bndbox>
   </object>
   <object>
      <name>lefteye</name>
      <pose>Unspecified</pose>
      <truncated>0</truncated>
      <difficult>0</difficult>
      <bndbox>
         <xmin>203</xmin>
         <ymin>137</ymin>
         <xmax>245</xmax>
         <ymax>160</ymax>
      </bndbox>
   </object>
   <object>
      <name>rightiris</name>
      <pose>Unspecified</pose>
      <truncated>0</truncated>
      <difficult>0</difficult>
      <bndbox>
         <xmin>132</xmin>
         <ymin>140</ymin>
         <xmax>150</xmax>
         <ymax>154</ymax>
      </bndbox>
   </object>
</annotation>
