<annotation>
   <folder>416multip416</folder>
   <filename>0184.jpg</filename>
   <path>E:\416multip416\0184.jpg</path>
   <source>
      <database>Unknow</database>
   </source>
   <size>
      <width>416</width>
      <height>416</height>
      <depth>3</depth>
   </size>
   <segmented>0</segmented>
   <object>
      <name>head</name>
      <pose>Unspecified</pose>
      <truncated>0</truncated>
      <difficult>0</difficult>
      <bndbox>
         <xmin>75</xmin>
         <ymin>12</ymin>
         <xmax>286</xmax>
         <ymax>300</ymax>
      </bndbox>
   </object>
   <object>
      <name>mouth</name>
      <pose>Unspecified</pose>
      <truncated>0</truncated>
      <difficult>0</difficult>
      <bndbox>
         <xmin>142</xmin>
         <ymin>253</ymin>
         <xmax>223</xmax>
         <ymax>282</ymax>
      </bndbox>
   </object>
   <object>
      <name>nose</name>
      <pose>Unspecified</pose>
      <truncated>0</truncated>
      <difficult>0</difficult>
      <bndbox>
         <xmin>151</xmin>
         <ymin>203</ymin>
         <xmax>211</xmax>
         <ymax>242</ymax>
      </bndbox>
   </object>
   <object>
      <name>leftiris</name>
      <pose>Unspecified</pose>
      <truncated>0</truncated>
      <difficult>0</difficult>
      <bndbox>
         <xmin>207</xmin>
         <ymin>170</ymin>
         <xmax>221</xmax>
         <ymax>181</ymax>
      </bndbox>
   </object>
   <object>
      <name>righteye</name>
      <pose>Unspecified</pose>
      <truncated>0</truncated>
      <difficult>0</difficult>
      <bndbox>
         <xmin>120</xmin>
         <ymin>172</ymin>
         <xmax>161</xmax>
         <ymax>188</ymax>
      </bndbox>
   </object>
   <object>
      <name>lefteye</name>
      <pose>Unspecified</pose>
      <truncated>0</truncated>
      <difficult>0</difficult>
      <bndbox>
         <xmin>198</xmin>
         <ymin>167</ymin>
         <xmax>238</xmax>
         <ymax>184</ymax>
      </bndbox>
   </object>
   <object>
      <name>rightiris</name>
      <pose>Unspecified</pose>
      <truncated>0</truncated>
      <difficult>0</difficult>
      <bndbox>
         <xmin>137</xmin>
         <ymin>175</ymin>
         <xmax>152</xmax>
         <ymax>185</ymax>
      </bndbox>
   </object>
</annotation>
