<annotation>
   <folder>416multip416</folder>
   <filename>0187.jpg</filename>
   <path>E:\416multip416\0187.jpg</path>
   <source>
      <database>Unknow</database>
   </source>
   <size>
      <width>416</width>
      <height>416</height>
      <depth>3</depth>
   </size>
   <segmented>0</segmented>
   <object>
      <name>head</name>
      <pose>Unspecified</pose>
      <truncated>0</truncated>
      <difficult>0</difficult>
      <bndbox>
         <xmin>81</xmin>
         <ymin>1</ymin>
         <xmax>329</xmax>
         <ymax>301</ymax>
      </bndbox>
   </object>
   <object>
      <name>nose</name>
      <pose>Unspecified</pose>
      <truncated>0</truncated>
      <difficult>0</difficult>
      <bndbox>
         <xmin>181</xmin>
         <ymin>280</ymin>
         <xmax>246</xmax>
         <ymax>301</ymax>
      </bndbox>
   </object>
   <object>
      <name>leftiris</name>
      <pose>Unspecified</pose>
      <truncated>0</truncated>
      <difficult>0</difficult>
      <bndbox>
         <xmin>243</xmin>
         <ymin>233</ymin>
         <xmax>259</xmax>
         <ymax>243</ymax>
      </bndbox>
   </object>
   <object>
      <name>righteye</name>
      <pose>Unspecified</pose>
      <truncated>0</truncated>
      <difficult>0</difficult>
      <bndbox>
         <xmin>145</xmin>
         <ymin>232</ymin>
         <xmax>188</xmax>
         <ymax>247</ymax>
      </bndbox>
   </object>
   <object>
      <name>lefteye</name>
      <pose>Unspecified</pose>
      <truncated>0</truncated>
      <difficult>0</difficult>
      <bndbox>
         <xmin>232</xmin>
         <ymin>229</ymin>
         <xmax>277</xmax>
         <ymax>247</ymax>
      </bndbox>
   </object>
   <object>
      <name>rightiris</name>
      <pose>Unspecified</pose>
      <truncated>0</truncated>
      <difficult>0</difficult>
      <bndbox>
         <xmin>161</xmin>
         <ymin>236</ymin>
         <xmax>177</xmax>
         <ymax>245</ymax>
      </bndbox>
   </object>
</annotation>
