<annotation>
   <folder>416multip416</folder>
   <filename>0191.jpg</filename>
   <path>E:\416multip416\0191.jpg</path>
   <source>
      <database>Unknow</database>
   </source>
   <size>
      <width>416</width>
      <height>416</height>
      <depth>3</depth>
   </size>
   <segmented>0</segmented>
   <object>
      <name>head</name>
      <pose>Unspecified</pose>
      <truncated>0</truncated>
      <difficult>0</difficult>
      <bndbox>
         <xmin>50</xmin>
         <ymin>1</ymin>
         <xmax>325</xmax>
         <ymax>301</ymax>
      </bndbox>
   </object>
   <object>
      <name>mouth</name>
      <pose>Unspecified</pose>
      <truncated>0</truncated>
      <difficult>0</difficult>
      <bndbox>
         <xmin>150</xmin>
         <ymin>250</ymin>
         <xmax>239</xmax>
         <ymax>288</ymax>
      </bndbox>
   </object>
   <object>
      <name>nose</name>
      <pose>Unspecified</pose>
      <truncated>0</truncated>
      <difficult>0</difficult>
      <bndbox>
         <xmin>167</xmin>
         <ymin>191</ymin>
         <xmax>225</xmax>
         <ymax>235</ymax>
      </bndbox>
   </object>
   <object>
      <name>leftiris</name>
      <pose>Unspecified</pose>
      <truncated>0</truncated>
      <difficult>0</difficult>
      <bndbox>
         <xmin>232</xmin>
         <ymin>135</ymin>
         <xmax>252</xmax>
         <ymax>148</ymax>
      </bndbox>
   </object>
   <object>
      <name>righteye</name>
      <pose>Unspecified</pose>
      <truncated>0</truncated>
      <difficult>0</difficult>
      <bndbox>
         <xmin>122</xmin>
         <ymin>131</ymin>
         <xmax>175</xmax>
         <ymax>156</ymax>
      </bndbox>
   </object>
   <object>
      <name>lefteye</name>
      <pose>Unspecified</pose>
      <truncated>0</truncated>
      <difficult>0</difficult>
      <bndbox>
         <xmin>219</xmin>
         <ymin>133</ymin>
         <xmax>267</xmax>
         <ymax>152</ymax>
      </bndbox>
   </object>
   <object>
      <name>rightiris</name>
      <pose>Unspecified</pose>
      <truncated>0</truncated>
      <difficult>0</difficult>
      <bndbox>
         <xmin>138</xmin>
         <ymin>135</ymin>
         <xmax>158</xmax>
         <ymax>149</ymax>
      </bndbox>
   </object>
</annotation>
