<annotation>
   <folder>416multip416</folder>
   <filename>0193.jpg</filename>
   <path>E:\416multip416\0193.jpg</path>
   <source>
      <database>Unknow</database>
   </source>
   <size>
      <width>416</width>
      <height>416</height>
      <depth>3</depth>
   </size>
   <segmented>0</segmented>
   <object>
      <name>head</name>
      <pose>Unspecified</pose>
      <truncated>0</truncated>
      <difficult>0</difficult>
      <bndbox>
         <xmin>95</xmin>
         <ymin>3</ymin>
         <xmax>326</xmax>
         <ymax>300</ymax>
      </bndbox>
   </object>
   <object>
      <name>nose</name>
      <pose>Unspecified</pose>
      <truncated>0</truncated>
      <difficult>0</difficult>
      <bndbox>
         <xmin>182</xmin>
         <ymin>241</ymin>
         <xmax>245</xmax>
         <ymax>284</ymax>
      </bndbox>
   </object>
   <object>
      <name>leftiris</name>
      <pose>Unspecified</pose>
      <truncated>0</truncated>
      <difficult>0</difficult>
      <bndbox>
         <xmin>243</xmin>
         <ymin>199</ymin>
         <xmax>258</xmax>
         <ymax>210</ymax>
      </bndbox>
   </object>
   <object>
      <name>righteye</name>
      <pose>Unspecified</pose>
      <truncated>0</truncated>
      <difficult>0</difficult>
      <bndbox>
         <xmin>150</xmin>
         <ymin>196</ymin>
         <xmax>194</xmax>
         <ymax>214</ymax>
      </bndbox>
   </object>
   <object>
      <name>lefteye</name>
      <pose>Unspecified</pose>
      <truncated>0</truncated>
      <difficult>0</difficult>
      <bndbox>
         <xmin>233</xmin>
         <ymin>197</ymin>
         <xmax>273</xmax>
         <ymax>213</ymax>
      </bndbox>
   </object>
   <object>
      <name>rightiris</name>
      <pose>Unspecified</pose>
      <truncated>0</truncated>
      <difficult>0</difficult>
      <bndbox>
         <xmin>167</xmin>
         <ymin>199</ymin>
         <xmax>183</xmax>
         <ymax>210</ymax>
      </bndbox>
   </object>
</annotation>
