<annotation>
   <folder>416multip416</folder>
   <filename>0195.jpg</filename>
   <path>E:\416multip416\0195.jpg</path>
   <source>
      <database>Unknow</database>
   </source>
   <size>
      <width>416</width>
      <height>416</height>
      <depth>3</depth>
   </size>
   <segmented>0</segmented>
   <object>
      <name>head</name>
      <pose>Unspecified</pose>
      <truncated>0</truncated>
      <difficult>0</difficult>
      <bndbox>
         <xmin>78</xmin>
         <ymin>13</ymin>
         <xmax>310</xmax>
         <ymax>300</ymax>
      </bndbox>
   </object>
   <object>
      <name>nose</name>
      <pose>Unspecified</pose>
      <truncated>0</truncated>
      <difficult>0</difficult>
      <bndbox>
         <xmin>166</xmin>
         <ymin>247</ymin>
         <xmax>226</xmax>
         <ymax>290</ymax>
      </bndbox>
   </object>
   <object>
      <name>leftiris</name>
      <pose>Unspecified</pose>
      <truncated>0</truncated>
      <difficult>0</difficult>
      <bndbox>
         <xmin>222</xmin>
         <ymin>208</ymin>
         <xmax>240</xmax>
         <ymax>221</ymax>
      </bndbox>
   </object>
   <object>
      <name>righteye</name>
      <pose>Unspecified</pose>
      <truncated>0</truncated>
      <difficult>0</difficult>
      <bndbox>
         <xmin>132</xmin>
         <ymin>211</ymin>
         <xmax>177</xmax>
         <ymax>228</ymax>
      </bndbox>
   </object>
   <object>
      <name>lefteye</name>
      <pose>Unspecified</pose>
      <truncated>0</truncated>
      <difficult>0</difficult>
      <bndbox>
         <xmin>213</xmin>
         <ymin>205</ymin>
         <xmax>255</xmax>
         <ymax>223</ymax>
      </bndbox>
   </object>
   <object>
      <name>rightiris</name>
      <pose>Unspecified</pose>
      <truncated>0</truncated>
      <difficult>0</difficult>
      <bndbox>
         <xmin>148</xmin>
         <ymin>214</ymin>
         <xmax>164</xmax>
         <ymax>226</ymax>
      </bndbox>
   </object>
</annotation>
