<annotation>
   <folder>416multip416</folder>
   <filename>0205.jpg</filename>
   <path>E:\416multip416\0205.jpg</path>
   <source>
      <database>Unknow</database>
   </source>
   <size>
      <width>416</width>
      <height>416</height>
      <depth>3</depth>
   </size>
   <segmented>0</segmented>
   <object>
      <name>head</name>
      <pose>Unspecified</pose>
      <truncated>0</truncated>
      <difficult>0</difficult>
      <bndbox>
         <xmin>66</xmin>
         <ymin>26</ymin>
         <xmax>316</xmax>
         <ymax>301</ymax>
      </bndbox>
   </object>
   <object>
      <name>nose</name>
      <pose>Unspecified</pose>
      <truncated>0</truncated>
      <difficult>0</difficult>
      <bndbox>
         <xmin>161</xmin>
         <ymin>265</ymin>
         <xmax>227</xmax>
         <ymax>300</ymax>
      </bndbox>
   </object>
   <object>
      <name>leftiris</name>
      <pose>Unspecified</pose>
      <truncated>0</truncated>
      <difficult>0</difficult>
      <bndbox>
         <xmin>224</xmin>
         <ymin>220</ymin>
         <xmax>243</xmax>
         <ymax>232</ymax>
      </bndbox>
   </object>
   <object>
      <name>righteye</name>
      <pose>Unspecified</pose>
      <truncated>0</truncated>
      <difficult>0</difficult>
      <bndbox>
         <xmin>121</xmin>
         <ymin>218</ymin>
         <xmax>172</xmax>
         <ymax>236</ymax>
      </bndbox>
   </object>
   <object>
      <name>lefteye</name>
      <pose>Unspecified</pose>
      <truncated>0</truncated>
      <difficult>0</difficult>
      <bndbox>
         <xmin>212</xmin>
         <ymin>218</ymin>
         <xmax>258</xmax>
         <ymax>235</ymax>
      </bndbox>
   </object>
   <object>
      <name>rightiris</name>
      <pose>Unspecified</pose>
      <truncated>0</truncated>
      <difficult>0</difficult>
      <bndbox>
         <xmin>137</xmin>
         <ymin>222</ymin>
         <xmax>155</xmax>
         <ymax>234</ymax>
      </bndbox>
   </object>
</annotation>
