<annotation>
   <folder>416multip416</folder>
   <filename>0208.jpg</filename>
   <path>E:\416multip416\0208.jpg</path>
   <source>
      <database>Unknow</database>
   </source>
   <size>
      <width>416</width>
      <height>416</height>
      <depth>3</depth>
   </size>
   <segmented>0</segmented>
   <object>
      <name>head</name>
      <pose>Unspecified</pose>
      <truncated>0</truncated>
      <difficult>0</difficult>
      <bndbox>
         <xmin>54</xmin>
         <ymin>5</ymin>
         <xmax>295</xmax>
         <ymax>301</ymax>
      </bndbox>
   </object>
   <object>
      <name>mouth</name>
      <pose>Unspecified</pose>
      <truncated>0</truncated>
      <difficult>0</difficult>
      <bndbox>
         <xmin>151</xmin>
         <ymin>275</ymin>
         <xmax>216</xmax>
         <ymax>300</ymax>
      </bndbox>
   </object>
   <object>
      <name>nose</name>
      <pose>Unspecified</pose>
      <truncated>0</truncated>
      <difficult>0</difficult>
      <bndbox>
         <xmin>156</xmin>
         <ymin>224</ymin>
         <xmax>216</xmax>
         <ymax>266</ymax>
      </bndbox>
   </object>
   <object>
      <name>leftiris</name>
      <pose>Unspecified</pose>
      <truncated>0</truncated>
      <difficult>0</difficult>
      <bndbox>
         <xmin>215</xmin>
         <ymin>175</ymin>
         <xmax>231</xmax>
         <ymax>191</ymax>
      </bndbox>
   </object>
   <object>
      <name>righteye</name>
      <pose>Unspecified</pose>
      <truncated>0</truncated>
      <difficult>0</difficult>
      <bndbox>
         <xmin>116</xmin>
         <ymin>178</ymin>
         <xmax>165</xmax>
         <ymax>200</ymax>
      </bndbox>
   </object>
   <object>
      <name>lefteye</name>
      <pose>Unspecified</pose>
      <truncated>0</truncated>
      <difficult>0</difficult>
      <bndbox>
         <xmin>206</xmin>
         <ymin>170</ymin>
         <xmax>249</xmax>
         <ymax>197</ymax>
      </bndbox>
   </object>
   <object>
      <name>rightiris</name>
      <pose>Unspecified</pose>
      <truncated>0</truncated>
      <difficult>0</difficult>
      <bndbox>
         <xmin>135</xmin>
         <ymin>182</ymin>
         <xmax>151</xmax>
         <ymax>198</ymax>
      </bndbox>
   </object>
</annotation>
