<annotation>
   <folder>416multip416</folder>
   <filename>0209.jpg</filename>
   <path>E:\416multip416\0209.jpg</path>
   <source>
      <database>Unknow</database>
   </source>
   <size>
      <width>416</width>
      <height>416</height>
      <depth>3</depth>
   </size>
   <segmented>0</segmented>
   <object>
      <name>head</name>
      <pose>Unspecified</pose>
      <truncated>0</truncated>
      <difficult>0</difficult>
      <bndbox>
         <xmin>58</xmin>
         <ymin>2</ymin>
         <xmax>298</xmax>
         <ymax>301</ymax>
      </bndbox>
   </object>
   <object>
      <name>mouth</name>
      <pose>Unspecified</pose>
      <truncated>0</truncated>
      <difficult>0</difficult>
      <bndbox>
         <xmin>137</xmin>
         <ymin>253</ymin>
         <xmax>211</xmax>
         <ymax>291</ymax>
      </bndbox>
   </object>
   <object>
      <name>nose</name>
      <pose>Unspecified</pose>
      <truncated>0</truncated>
      <difficult>0</difficult>
      <bndbox>
         <xmin>143</xmin>
         <ymin>194</ymin>
         <xmax>208</xmax>
         <ymax>242</ymax>
      </bndbox>
   </object>
   <object>
      <name>leftiris</name>
      <pose>Unspecified</pose>
      <truncated>0</truncated>
      <difficult>0</difficult>
      <bndbox>
         <xmin>206</xmin>
         <ymin>147</ymin>
         <xmax>225</xmax>
         <ymax>163</ymax>
      </bndbox>
   </object>
   <object>
      <name>righteye</name>
      <pose>Unspecified</pose>
      <truncated>0</truncated>
      <difficult>0</difficult>
      <bndbox>
         <xmin>107</xmin>
         <ymin>145</ymin>
         <xmax>153</xmax>
         <ymax>167</ymax>
      </bndbox>
   </object>
   <object>
      <name>lefteye</name>
      <pose>Unspecified</pose>
      <truncated>0</truncated>
      <difficult>0</difficult>
      <bndbox>
         <xmin>198</xmin>
         <ymin>142</ymin>
         <xmax>244</xmax>
         <ymax>167</ymax>
      </bndbox>
   </object>
   <object>
      <name>rightiris</name>
      <pose>Unspecified</pose>
      <truncated>0</truncated>
      <difficult>0</difficult>
      <bndbox>
         <xmin>125</xmin>
         <ymin>148</ymin>
         <xmax>143</xmax>
         <ymax>165</ymax>
      </bndbox>
   </object>
</annotation>
