<annotation>
   <folder>416multip416</folder>
   <filename>0210.jpg</filename>
   <path>E:\416multip416\0210.jpg</path>
   <source>
      <database>Unknow</database>
   </source>
   <size>
      <width>416</width>
      <height>416</height>
      <depth>3</depth>
   </size>
   <segmented>0</segmented>
   <object>
      <name>head</name>
      <pose>Unspecified</pose>
      <truncated>0</truncated>
      <difficult>0</difficult>
      <bndbox>
         <xmin>78</xmin>
         <ymin>49</ymin>
         <xmax>268</xmax>
         <ymax>301</ymax>
      </bndbox>
   </object>
   <object>
      <name>mouth</name>
      <pose>Unspecified</pose>
      <truncated>0</truncated>
      <difficult>0</difficult>
      <bndbox>
         <xmin>141</xmin>
         <ymin>287</ymin>
         <xmax>200</xmax>
         <ymax>301</ymax>
      </bndbox>
   </object>
   <object>
      <name>nose</name>
      <pose>Unspecified</pose>
      <truncated>0</truncated>
      <difficult>0</difficult>
      <bndbox>
         <xmin>151</xmin>
         <ymin>248</ymin>
         <xmax>197</xmax>
         <ymax>282</ymax>
      </bndbox>
   </object>
   <object>
      <name>leftiris</name>
      <pose>Unspecified</pose>
      <truncated>0</truncated>
      <difficult>0</difficult>
      <bndbox>
         <xmin>197</xmin>
         <ymin>210</ymin>
         <xmax>212</xmax>
         <ymax>220</ymax>
      </bndbox>
   </object>
   <object>
      <name>righteye</name>
      <pose>Unspecified</pose>
      <truncated>0</truncated>
      <difficult>0</difficult>
      <bndbox>
         <xmin>116</xmin>
         <ymin>212</ymin>
         <xmax>156</xmax>
         <ymax>227</ymax>
      </bndbox>
   </object>
   <object>
      <name>lefteye</name>
      <pose>Unspecified</pose>
      <truncated>0</truncated>
      <difficult>0</difficult>
      <bndbox>
         <xmin>186</xmin>
         <ymin>208</ymin>
         <xmax>224</xmax>
         <ymax>223</ymax>
      </bndbox>
   </object>
   <object>
      <name>rightiris</name>
      <pose>Unspecified</pose>
      <truncated>0</truncated>
      <difficult>0</difficult>
      <bndbox>
         <xmin>128</xmin>
         <ymin>214</ymin>
         <xmax>143</xmax>
         <ymax>224</ymax>
      </bndbox>
   </object>
</annotation>
