<annotation>
   <folder>416multip416</folder>
   <filename>0213.jpg</filename>
   <path>E:\416multip416\0213.jpg</path>
   <source>
      <database>Unknow</database>
   </source>
   <size>
      <width>416</width>
      <height>416</height>
      <depth>3</depth>
   </size>
   <segmented>0</segmented>
   <object>
      <name>head</name>
      <pose>Unspecified</pose>
      <truncated>0</truncated>
      <difficult>0</difficult>
      <bndbox>
         <xmin>95</xmin>
         <ymin>2</ymin>
         <xmax>289</xmax>
         <ymax>261</ymax>
      </bndbox>
   </object>
   <object>
      <name>mouth</name>
      <pose>Unspecified</pose>
      <truncated>0</truncated>
      <difficult>0</difficult>
      <bndbox>
         <xmin>167</xmin>
         <ymin>178</ymin>
         <xmax>231</xmax>
         <ymax>211</ymax>
      </bndbox>
   </object>
   <object>
      <name>nose</name>
      <pose>Unspecified</pose>
      <truncated>0</truncated>
      <difficult>0</difficult>
      <bndbox>
         <xmin>174</xmin>
         <ymin>136</ymin>
         <xmax>225</xmax>
         <ymax>169</ymax>
      </bndbox>
   </object>
   <object>
      <name>leftiris</name>
      <pose>Unspecified</pose>
      <truncated>0</truncated>
      <difficult>0</difficult>
      <bndbox>
         <xmin>223</xmin>
         <ymin>102</ymin>
         <xmax>236</xmax>
         <ymax>110</ymax>
      </bndbox>
   </object>
   <object>
      <name>righteye</name>
      <pose>Unspecified</pose>
      <truncated>0</truncated>
      <difficult>0</difficult>
      <bndbox>
         <xmin>146</xmin>
         <ymin>103</ymin>
         <xmax>180</xmax>
         <ymax>116</ymax>
      </bndbox>
   </object>
   <object>
      <name>lefteye</name>
      <pose>Unspecified</pose>
      <truncated>0</truncated>
      <difficult>0</difficult>
      <bndbox>
         <xmin>213</xmin>
         <ymin>100</ymin>
         <xmax>249</xmax>
         <ymax>114</ymax>
      </bndbox>
   </object>
   <object>
      <name>rightiris</name>
      <pose>Unspecified</pose>
      <truncated>0</truncated>
      <difficult>0</difficult>
      <bndbox>
         <xmin>157</xmin>
         <ymin>105</ymin>
         <xmax>172</xmax>
         <ymax>113</ymax>
      </bndbox>
   </object>
</annotation>
