<annotation>
   <folder>416multip416</folder>
   <filename>0221.jpg</filename>
   <path>E:\416multip416\0221.jpg</path>
   <source>
      <database>Unknow</database>
   </source>
   <size>
      <width>416</width>
      <height>416</height>
      <depth>3</depth>
   </size>
   <segmented>0</segmented>
   <object>
      <name>head</name>
      <pose>Unspecified</pose>
      <truncated>0</truncated>
      <difficult>0</difficult>
      <bndbox>
         <xmin>89</xmin>
         <ymin>48</ymin>
         <xmax>316</xmax>
         <ymax>300</ymax>
      </bndbox>
   </object>
   <object>
      <name>leftiris</name>
      <pose>Unspecified</pose>
      <truncated>0</truncated>
      <difficult>0</difficult>
      <bndbox>
         <xmin>240</xmin>
         <ymin>252</ymin>
         <xmax>255</xmax>
         <ymax>266</ymax>
      </bndbox>
   </object>
   <object>
      <name>righteye</name>
      <pose>Unspecified</pose>
      <truncated>0</truncated>
      <difficult>0</difficult>
      <bndbox>
         <xmin>140</xmin>
         <ymin>252</ymin>
         <xmax>186</xmax>
         <ymax>271</ymax>
      </bndbox>
   </object>
   <object>
      <name>lefteye</name>
      <pose>Unspecified</pose>
      <truncated>0</truncated>
      <difficult>0</difficult>
      <bndbox>
         <xmin>226</xmin>
         <ymin>249</ymin>
         <xmax>267</xmax>
         <ymax>269</ymax>
      </bndbox>
   </object>
   <object>
      <name>rightiris</name>
      <pose>Unspecified</pose>
      <truncated>0</truncated>
      <difficult>0</difficult>
      <bndbox>
         <xmin>160</xmin>
         <ymin>255</ymin>
         <xmax>175</xmax>
         <ymax>268</ymax>
      </bndbox>
   </object>
</annotation>
