<annotation>
   <folder>416multip416</folder>
   <filename>0224.jpg</filename>
   <path>E:\416multip416\0224.jpg</path>
   <source>
      <database>Unknow</database>
   </source>
   <size>
      <width>416</width>
      <height>416</height>
      <depth>3</depth>
   </size>
   <segmented>0</segmented>
   <object>
      <name>head</name>
      <pose>Unspecified</pose>
      <truncated>0</truncated>
      <difficult>0</difficult>
      <bndbox>
         <xmin>105</xmin>
         <ymin>2</ymin>
         <xmax>316</xmax>
         <ymax>301</ymax>
      </bndbox>
   </object>
   <object>
      <name>mouth</name>
      <pose>Unspecified</pose>
      <truncated>0</truncated>
      <difficult>0</difficult>
      <bndbox>
         <xmin>177</xmin>
         <ymin>231</ymin>
         <xmax>243</xmax>
         <ymax>258</ymax>
      </bndbox>
   </object>
   <object>
      <name>nose</name>
      <pose>Unspecified</pose>
      <truncated>0</truncated>
      <difficult>0</difficult>
      <bndbox>
         <xmin>181</xmin>
         <ymin>180</ymin>
         <xmax>238</xmax>
         <ymax>224</ymax>
      </bndbox>
   </object>
   <object>
      <name>leftiris</name>
      <pose>Unspecified</pose>
      <truncated>0</truncated>
      <difficult>0</difficult>
      <bndbox>
         <xmin>236</xmin>
         <ymin>149</ymin>
         <xmax>250</xmax>
         <ymax>157</ymax>
      </bndbox>
   </object>
   <object>
      <name>righteye</name>
      <pose>Unspecified</pose>
      <truncated>0</truncated>
      <difficult>0</difficult>
      <bndbox>
         <xmin>150</xmin>
         <ymin>146</ymin>
         <xmax>188</xmax>
         <ymax>159</ymax>
      </bndbox>
   </object>
   <object>
      <name>lefteye</name>
      <pose>Unspecified</pose>
      <truncated>0</truncated>
      <difficult>0</difficult>
      <bndbox>
         <xmin>225</xmin>
         <ymin>147</ymin>
         <xmax>266</xmax>
         <ymax>161</ymax>
      </bndbox>
   </object>
   <object>
      <name>rightiris</name>
      <pose>Unspecified</pose>
      <truncated>0</truncated>
      <difficult>0</difficult>
      <bndbox>
         <xmin>165</xmin>
         <ymin>148</ymin>
         <xmax>180</xmax>
         <ymax>156</ymax>
      </bndbox>
   </object>
</annotation>
