<annotation>
   <folder>416multip416</folder>
   <filename>0225.jpg</filename>
   <path>E:\416multip416\0225.jpg</path>
   <source>
      <database>Unknow</database>
   </source>
   <size>
      <width>416</width>
      <height>416</height>
      <depth>3</depth>
   </size>
   <segmented>0</segmented>
   <object>
      <name>head</name>
      <pose>Unspecified</pose>
      <truncated>0</truncated>
      <difficult>0</difficult>
      <bndbox>
         <xmin>82</xmin>
         <ymin>1</ymin>
         <xmax>286</xmax>
         <ymax>300</ymax>
      </bndbox>
   </object>
   <object>
      <name>mouth</name>
      <pose>Unspecified</pose>
      <truncated>0</truncated>
      <difficult>0</difficult>
      <bndbox>
         <xmin>145</xmin>
         <ymin>259</ymin>
         <xmax>216</xmax>
         <ymax>285</ymax>
      </bndbox>
   </object>
   <object>
      <name>nose</name>
      <pose>Unspecified</pose>
      <truncated>0</truncated>
      <difficult>0</difficult>
      <bndbox>
         <xmin>153</xmin>
         <ymin>215</ymin>
         <xmax>211</xmax>
         <ymax>254</ymax>
      </bndbox>
   </object>
   <object>
      <name>leftiris</name>
      <pose>Unspecified</pose>
      <truncated>0</truncated>
      <difficult>0</difficult>
      <bndbox>
         <xmin>212</xmin>
         <ymin>176</ymin>
         <xmax>227</xmax>
         <ymax>191</ymax>
      </bndbox>
   </object>
   <object>
      <name>righteye</name>
      <pose>Unspecified</pose>
      <truncated>0</truncated>
      <difficult>0</difficult>
      <bndbox>
         <xmin>125</xmin>
         <ymin>169</ymin>
         <xmax>166</xmax>
         <ymax>193</ymax>
      </bndbox>
   </object>
   <object>
      <name>lefteye</name>
      <pose>Unspecified</pose>
      <truncated>0</truncated>
      <difficult>0</difficult>
      <bndbox>
         <xmin>200</xmin>
         <ymin>172</ymin>
         <xmax>240</xmax>
         <ymax>194</ymax>
      </bndbox>
   </object>
   <object>
      <name>rightiris</name>
      <pose>Unspecified</pose>
      <truncated>0</truncated>
      <difficult>0</difficult>
      <bndbox>
         <xmin>138</xmin>
         <ymin>173</ymin>
         <xmax>154</xmax>
         <ymax>189</ymax>
      </bndbox>
   </object>
</annotation>
