<annotation>
   <folder>416multip416</folder>
   <filename>0226.jpg</filename>
   <path>E:\416multip416\0226.jpg</path>
   <source>
      <database>Unknow</database>
   </source>
   <size>
      <width>416</width>
      <height>416</height>
      <depth>3</depth>
   </size>
   <segmented>0</segmented>
   <object>
      <name>head</name>
      <pose>Unspecified</pose>
      <truncated>0</truncated>
      <difficult>0</difficult>
      <bndbox>
         <xmin>47</xmin>
         <ymin>1</ymin>
         <xmax>279</xmax>
         <ymax>300</ymax>
      </bndbox>
   </object>
   <object>
      <name>mouth</name>
      <pose>Unspecified</pose>
      <truncated>0</truncated>
      <difficult>0</difficult>
      <bndbox>
         <xmin>126</xmin>
         <ymin>276</ymin>
         <xmax>202</xmax>
         <ymax>300</ymax>
      </bndbox>
   </object>
   <object>
      <name>nose</name>
      <pose>Unspecified</pose>
      <truncated>0</truncated>
      <difficult>0</difficult>
      <bndbox>
         <xmin>134</xmin>
         <ymin>232</ymin>
         <xmax>196</xmax>
         <ymax>274</ymax>
      </bndbox>
   </object>
   <object>
      <name>leftiris</name>
      <pose>Unspecified</pose>
      <truncated>0</truncated>
      <difficult>0</difficult>
      <bndbox>
         <xmin>199</xmin>
         <ymin>187</ymin>
         <xmax>216</xmax>
         <ymax>199</ymax>
      </bndbox>
   </object>
   <object>
      <name>righteye</name>
      <pose>Unspecified</pose>
      <truncated>0</truncated>
      <difficult>0</difficult>
      <bndbox>
         <xmin>100</xmin>
         <ymin>185</ymin>
         <xmax>144</xmax>
         <ymax>204</ymax>
      </bndbox>
   </object>
   <object>
      <name>lefteye</name>
      <pose>Unspecified</pose>
      <truncated>0</truncated>
      <difficult>0</difficult>
      <bndbox>
         <xmin>187</xmin>
         <ymin>184</ymin>
         <xmax>228</xmax>
         <ymax>203</ymax>
      </bndbox>
   </object>
   <object>
      <name>rightiris</name>
      <pose>Unspecified</pose>
      <truncated>0</truncated>
      <difficult>0</difficult>
      <bndbox>
         <xmin>114</xmin>
         <ymin>188</ymin>
         <xmax>130</xmax>
         <ymax>201</ymax>
      </bndbox>
   </object>
</annotation>
