<annotation>
   <folder>416multip416</folder>
   <filename>0228.jpg</filename>
   <path>E:\416multip416\0228.jpg</path>
   <source>
      <database>Unknow</database>
   </source>
   <size>
      <width>416</width>
      <height>416</height>
      <depth>3</depth>
   </size>
   <segmented>0</segmented>
   <object>
      <name>head</name>
      <pose>Unspecified</pose>
      <truncated>0</truncated>
      <difficult>0</difficult>
      <bndbox>
         <xmin>45</xmin>
         <ymin>2</ymin>
         <xmax>284</xmax>
         <ymax>290</ymax>
      </bndbox>
   </object>
   <object>
      <name>mouth</name>
      <pose>Unspecified</pose>
      <truncated>0</truncated>
      <difficult>0</difficult>
      <bndbox>
         <xmin>142</xmin>
         <ymin>209</ymin>
         <xmax>205</xmax>
         <ymax>241</ymax>
      </bndbox>
   </object>
   <object>
      <name>nose</name>
      <pose>Unspecified</pose>
      <truncated>0</truncated>
      <difficult>0</difficult>
      <bndbox>
         <xmin>138</xmin>
         <ymin>156</ymin>
         <xmax>200</xmax>
         <ymax>200</ymax>
      </bndbox>
   </object>
   <object>
      <name>leftiris</name>
      <pose>Unspecified</pose>
      <truncated>0</truncated>
      <difficult>0</difficult>
      <bndbox>
         <xmin>197</xmin>
         <ymin>105</ymin>
         <xmax>213</xmax>
         <ymax>116</ymax>
      </bndbox>
   </object>
   <object>
      <name>righteye</name>
      <pose>Unspecified</pose>
      <truncated>0</truncated>
      <difficult>0</difficult>
      <bndbox>
         <xmin>99</xmin>
         <ymin>113</ymin>
         <xmax>143</xmax>
         <ymax>128</ymax>
      </bndbox>
   </object>
   <object>
      <name>lefteye</name>
      <pose>Unspecified</pose>
      <truncated>0</truncated>
      <difficult>0</difficult>
      <bndbox>
         <xmin>185</xmin>
         <ymin>102</ymin>
         <xmax>230</xmax>
         <ymax>121</ymax>
      </bndbox>
   </object>
   <object>
      <name>rightiris</name>
      <pose>Unspecified</pose>
      <truncated>0</truncated>
      <difficult>0</difficult>
      <bndbox>
         <xmin>115</xmin>
         <ymin>115</ymin>
         <xmax>131</xmax>
         <ymax>125</ymax>
      </bndbox>
   </object>
</annotation>
