<annotation>
   <folder>416multip416</folder>
   <filename>0230.jpg</filename>
   <path>E:\416multip416\0230.jpg</path>
   <source>
      <database>Unknow</database>
   </source>
   <size>
      <width>416</width>
      <height>416</height>
      <depth>3</depth>
   </size>
   <segmented>0</segmented>
   <object>
      <name>head</name>
      <pose>Unspecified</pose>
      <truncated>0</truncated>
      <difficult>0</difficult>
      <bndbox>
         <xmin>104</xmin>
         <ymin>1</ymin>
         <xmax>342</xmax>
         <ymax>299</ymax>
      </bndbox>
   </object>
   <object>
      <name>mouth</name>
      <pose>Unspecified</pose>
      <truncated>0</truncated>
      <difficult>0</difficult>
      <bndbox>
         <xmin>189</xmin>
         <ymin>231</ymin>
         <xmax>259</xmax>
         <ymax>269</ymax>
      </bndbox>
   </object>
   <object>
      <name>nose</name>
      <pose>Unspecified</pose>
      <truncated>0</truncated>
      <difficult>0</difficult>
      <bndbox>
         <xmin>200</xmin>
         <ymin>177</ymin>
         <xmax>258</xmax>
         <ymax>222</ymax>
      </bndbox>
   </object>
   <object>
      <name>leftiris</name>
      <pose>Unspecified</pose>
      <truncated>0</truncated>
      <difficult>0</difficult>
      <bndbox>
         <xmin>257</xmin>
         <ymin>135</ymin>
         <xmax>272</xmax>
         <ymax>147</ymax>
      </bndbox>
   </object>
   <object>
      <name>righteye</name>
      <pose>Unspecified</pose>
      <truncated>0</truncated>
      <difficult>0</difficult>
      <bndbox>
         <xmin>165</xmin>
         <ymin>136</ymin>
         <xmax>207</xmax>
         <ymax>152</ymax>
      </bndbox>
   </object>
   <object>
      <name>lefteye</name>
      <pose>Unspecified</pose>
      <truncated>0</truncated>
      <difficult>0</difficult>
      <bndbox>
         <xmin>245</xmin>
         <ymin>132</ymin>
         <xmax>286</xmax>
         <ymax>150</ymax>
      </bndbox>
   </object>
   <object>
      <name>rightiris</name>
      <pose>Unspecified</pose>
      <truncated>0</truncated>
      <difficult>0</difficult>
      <bndbox>
         <xmin>181</xmin>
         <ymin>138</ymin>
         <xmax>196</xmax>
         <ymax>149</ymax>
      </bndbox>
   </object>
</annotation>
