<annotation>
   <folder>416multip416</folder>
   <filename>0232.jpg</filename>
   <path>E:\416multip416\0232.jpg</path>
   <source>
      <database>Unknow</database>
   </source>
   <size>
      <width>416</width>
      <height>416</height>
      <depth>3</depth>
   </size>
   <segmented>0</segmented>
   <object>
      <name>head</name>
      <pose>Unspecified</pose>
      <truncated>0</truncated>
      <difficult>0</difficult>
      <bndbox>
         <xmin>111</xmin>
         <ymin>2</ymin>
         <xmax>336</xmax>
         <ymax>301</ymax>
      </bndbox>
   </object>
   <object>
      <name>mouth</name>
      <pose>Unspecified</pose>
      <truncated>0</truncated>
      <difficult>0</difficult>
      <bndbox>
         <xmin>194</xmin>
         <ymin>285</ymin>
         <xmax>268</xmax>
         <ymax>301</ymax>
      </bndbox>
   </object>
   <object>
      <name>nose</name>
      <pose>Unspecified</pose>
      <truncated>0</truncated>
      <difficult>0</difficult>
      <bndbox>
         <xmin>202</xmin>
         <ymin>227</ymin>
         <xmax>260</xmax>
         <ymax>275</ymax>
      </bndbox>
   </object>
   <object>
      <name>leftiris</name>
      <pose>Unspecified</pose>
      <truncated>0</truncated>
      <difficult>0</difficult>
      <bndbox>
         <xmin>261</xmin>
         <ymin>191</ymin>
         <xmax>277</xmax>
         <ymax>201</ymax>
      </bndbox>
   </object>
   <object>
      <name>righteye</name>
      <pose>Unspecified</pose>
      <truncated>0</truncated>
      <difficult>0</difficult>
      <bndbox>
         <xmin>169</xmin>
         <ymin>185</ymin>
         <xmax>212</xmax>
         <ymax>205</ymax>
      </bndbox>
   </object>
   <object>
      <name>lefteye</name>
      <pose>Unspecified</pose>
      <truncated>0</truncated>
      <difficult>0</difficult>
      <bndbox>
         <xmin>252</xmin>
         <ymin>188</ymin>
         <xmax>290</xmax>
         <ymax>203</ymax>
      </bndbox>
   </object>
   <object>
      <name>rightiris</name>
      <pose>Unspecified</pose>
      <truncated>0</truncated>
      <difficult>0</difficult>
      <bndbox>
         <xmin>184</xmin>
         <ymin>189</ymin>
         <xmax>201</xmax>
         <ymax>202</ymax>
      </bndbox>
   </object>
</annotation>
