<annotation>
   <folder>416multip416</folder>
   <filename>0233.jpg</filename>
   <path>E:\416multip416\0233.jpg</path>
   <source>
      <database>Unknow</database>
   </source>
   <size>
      <width>416</width>
      <height>416</height>
      <depth>3</depth>
   </size>
   <segmented>0</segmented>
   <object>
      <name>head</name>
      <pose>Unspecified</pose>
      <truncated>0</truncated>
      <difficult>0</difficult>
      <bndbox>
         <xmin>115</xmin>
         <ymin>1</ymin>
         <xmax>361</xmax>
         <ymax>301</ymax>
      </bndbox>
   </object>
   <object>
      <name>nose</name>
      <pose>Unspecified</pose>
      <truncated>0</truncated>
      <difficult>0</difficult>
      <bndbox>
         <xmin>216</xmin>
         <ymin>241</ymin>
         <xmax>276</xmax>
         <ymax>288</ymax>
      </bndbox>
   </object>
   <object>
      <name>leftiris</name>
      <pose>Unspecified</pose>
      <truncated>0</truncated>
      <difficult>0</difficult>
      <bndbox>
         <xmin>276</xmin>
         <ymin>195</ymin>
         <xmax>293</xmax>
         <ymax>207</ymax>
      </bndbox>
   </object>
   <object>
      <name>righteye</name>
      <pose>Unspecified</pose>
      <truncated>0</truncated>
      <difficult>0</difficult>
      <bndbox>
         <xmin>176</xmin>
         <ymin>197</ymin>
         <xmax>221</xmax>
         <ymax>214</ymax>
      </bndbox>
   </object>
   <object>
      <name>lefteye</name>
      <pose>Unspecified</pose>
      <truncated>0</truncated>
      <difficult>0</difficult>
      <bndbox>
         <xmin>266</xmin>
         <ymin>192</ymin>
         <xmax>308</xmax>
         <ymax>212</ymax>
      </bndbox>
   </object>
   <object>
      <name>rightiris</name>
      <pose>Unspecified</pose>
      <truncated>0</truncated>
      <difficult>0</difficult>
      <bndbox>
         <xmin>194</xmin>
         <ymin>199</ymin>
         <xmax>210</xmax>
         <ymax>211</ymax>
      </bndbox>
   </object>
</annotation>
