<annotation>
   <folder>416multip416</folder>
   <filename>0238.jpg</filename>
   <path>E:\416multip416\0238.jpg</path>
   <source>
      <database>Unknow</database>
   </source>
   <size>
      <width>416</width>
      <height>416</height>
      <depth>3</depth>
   </size>
   <segmented>0</segmented>
   <object>
      <name>head</name>
      <pose>Unspecified</pose>
      <truncated>0</truncated>
      <difficult>0</difficult>
      <bndbox>
         <xmin>62</xmin>
         <ymin>2</ymin>
         <xmax>288</xmax>
         <ymax>300</ymax>
      </bndbox>
   </object>
   <object>
      <name>mouth</name>
      <pose>Unspecified</pose>
      <truncated>0</truncated>
      <difficult>0</difficult>
      <bndbox>
         <xmin>151</xmin>
         <ymin>290</ymin>
         <xmax>206</xmax>
         <ymax>301</ymax>
      </bndbox>
   </object>
   <object>
      <name>nose</name>
      <pose>Unspecified</pose>
      <truncated>0</truncated>
      <difficult>0</difficult>
      <bndbox>
         <xmin>149</xmin>
         <ymin>241</ymin>
         <xmax>208</xmax>
         <ymax>281</ymax>
      </bndbox>
   </object>
   <object>
      <name>leftiris</name>
      <pose>Unspecified</pose>
      <truncated>0</truncated>
      <difficult>0</difficult>
      <bndbox>
         <xmin>209</xmin>
         <ymin>201</ymin>
         <xmax>226</xmax>
         <ymax>211</ymax>
      </bndbox>
   </object>
   <object>
      <name>righteye</name>
      <pose>Unspecified</pose>
      <truncated>0</truncated>
      <difficult>0</difficult>
      <bndbox>
         <xmin>115</xmin>
         <ymin>198</ymin>
         <xmax>155</xmax>
         <ymax>213</ymax>
      </bndbox>
   </object>
   <object>
      <name>lefteye</name>
      <pose>Unspecified</pose>
      <truncated>0</truncated>
      <difficult>0</difficult>
      <bndbox>
         <xmin>200</xmin>
         <ymin>199</ymin>
         <xmax>240</xmax>
         <ymax>214</ymax>
      </bndbox>
   </object>
   <object>
      <name>rightiris</name>
      <pose>Unspecified</pose>
      <truncated>0</truncated>
      <difficult>0</difficult>
      <bndbox>
         <xmin>128</xmin>
         <ymin>201</ymin>
         <xmax>144</xmax>
         <ymax>211</ymax>
      </bndbox>
   </object>
</annotation>
