<annotation>
   <folder>416multip416</folder>
   <filename>0244.jpg</filename>
   <path>E:\416multip416\0244.jpg</path>
   <source>
      <database>Unknow</database>
   </source>
   <size>
      <width>416</width>
      <height>416</height>
      <depth>3</depth>
   </size>
   <segmented>0</segmented>
   <object>
      <name>head</name>
      <pose>Unspecified</pose>
      <truncated>0</truncated>
      <difficult>0</difficult>
      <bndbox>
         <xmin>9</xmin>
         <ymin>1</ymin>
         <xmax>259</xmax>
         <ymax>300</ymax>
      </bndbox>
   </object>
   <object>
      <name>mouth</name>
      <pose>Unspecified</pose>
      <truncated>0</truncated>
      <difficult>0</difficult>
      <bndbox>
         <xmin>102</xmin>
         <ymin>269</ymin>
         <xmax>169</xmax>
         <ymax>296</ymax>
      </bndbox>
   </object>
   <object>
      <name>nose</name>
      <pose>Unspecified</pose>
      <truncated>0</truncated>
      <difficult>0</difficult>
      <bndbox>
         <xmin>107</xmin>
         <ymin>215</ymin>
         <xmax>159</xmax>
         <ymax>255</ymax>
      </bndbox>
   </object>
   <object>
      <name>leftiris</name>
      <pose>Unspecified</pose>
      <truncated>0</truncated>
      <difficult>0</difficult>
      <bndbox>
         <xmin>160</xmin>
         <ymin>177</ymin>
         <xmax>176</xmax>
         <ymax>189</ymax>
      </bndbox>
   </object>
   <object>
      <name>righteye</name>
      <pose>Unspecified</pose>
      <truncated>0</truncated>
      <difficult>0</difficult>
      <bndbox>
         <xmin>74</xmin>
         <ymin>179</ymin>
         <xmax>114</xmax>
         <ymax>195</ymax>
      </bndbox>
   </object>
   <object>
      <name>lefteye</name>
      <pose>Unspecified</pose>
      <truncated>0</truncated>
      <difficult>0</difficult>
      <bndbox>
         <xmin>149</xmin>
         <ymin>175</ymin>
         <xmax>191</xmax>
         <ymax>191</ymax>
      </bndbox>
   </object>
   <object>
      <name>rightiris</name>
      <pose>Unspecified</pose>
      <truncated>0</truncated>
      <difficult>0</difficult>
      <bndbox>
         <xmin>88</xmin>
         <ymin>182</ymin>
         <xmax>105</xmax>
         <ymax>192</ymax>
      </bndbox>
   </object>
</annotation>
