<annotation>
   <folder>416multip416</folder>
   <filename>0246.jpg</filename>
   <path>E:\416multip416\0246.jpg</path>
   <source>
      <database>Unknow</database>
   </source>
   <size>
      <width>416</width>
      <height>416</height>
      <depth>3</depth>
   </size>
   <segmented>0</segmented>
   <object>
      <name>head</name>
      <pose>Unspecified</pose>
      <truncated>0</truncated>
      <difficult>0</difficult>
      <bndbox>
         <xmin>2</xmin>
         <ymin>2</ymin>
         <xmax>201</xmax>
         <ymax>301</ymax>
      </bndbox>
   </object>
   <object>
      <name>mouth</name>
      <pose>Unspecified</pose>
      <truncated>0</truncated>
      <difficult>0</difficult>
      <bndbox>
         <xmin>51</xmin>
         <ymin>221</ymin>
         <xmax>117</xmax>
         <ymax>261</ymax>
      </bndbox>
   </object>
   <object>
      <name>nose</name>
      <pose>Unspecified</pose>
      <truncated>0</truncated>
      <difficult>0</difficult>
      <bndbox>
         <xmin>58</xmin>
         <ymin>175</ymin>
         <xmax>112</xmax>
         <ymax>219</ymax>
      </bndbox>
   </object>
   <object>
      <name>leftiris</name>
      <pose>Unspecified</pose>
      <truncated>0</truncated>
      <difficult>0</difficult>
      <bndbox>
         <xmin>113</xmin>
         <ymin>144</ymin>
         <xmax>128</xmax>
         <ymax>154</ymax>
      </bndbox>
   </object>
   <object>
      <name>righteye</name>
      <pose>Unspecified</pose>
      <truncated>0</truncated>
      <difficult>0</difficult>
      <bndbox>
         <xmin>23</xmin>
         <ymin>141</ymin>
         <xmax>66</xmax>
         <ymax>157</ymax>
      </bndbox>
   </object>
   <object>
      <name>lefteye</name>
      <pose>Unspecified</pose>
      <truncated>0</truncated>
      <difficult>0</difficult>
      <bndbox>
         <xmin>105</xmin>
         <ymin>142</ymin>
         <xmax>148</xmax>
         <ymax>158</ymax>
      </bndbox>
   </object>
   <object>
      <name>rightiris</name>
      <pose>Unspecified</pose>
      <truncated>0</truncated>
      <difficult>0</difficult>
      <bndbox>
         <xmin>39</xmin>
         <ymin>144</ymin>
         <xmax>56</xmax>
         <ymax>154</ymax>
      </bndbox>
   </object>
</annotation>
