<annotation>
   <folder>416multip416</folder>
   <filename>0247.jpg</filename>
   <path>E:\416multip416\0247.jpg</path>
   <source>
      <database>Unknow</database>
   </source>
   <size>
      <width>416</width>
      <height>416</height>
      <depth>3</depth>
   </size>
   <segmented>0</segmented>
   <object>
      <name>head</name>
      <pose>Unspecified</pose>
      <truncated>0</truncated>
      <difficult>0</difficult>
      <bndbox>
         <xmin>6</xmin>
         <ymin>2</ymin>
         <xmax>254</xmax>
         <ymax>299</ymax>
      </bndbox>
   </object>
   <object>
      <name>mouth</name>
      <pose>Unspecified</pose>
      <truncated>0</truncated>
      <difficult>0</difficult>
      <bndbox>
         <xmin>95</xmin>
         <ymin>222</ymin>
         <xmax>177</xmax>
         <ymax>258</ymax>
      </bndbox>
   </object>
   <object>
      <name>nose</name>
      <pose>Unspecified</pose>
      <truncated>0</truncated>
      <difficult>0</difficult>
      <bndbox>
         <xmin>106</xmin>
         <ymin>166</ymin>
         <xmax>162</xmax>
         <ymax>210</ymax>
      </bndbox>
   </object>
   <object>
      <name>leftiris</name>
      <pose>Unspecified</pose>
      <truncated>0</truncated>
      <difficult>0</difficult>
      <bndbox>
         <xmin>164</xmin>
         <ymin>122</ymin>
         <xmax>180</xmax>
         <ymax>138</ymax>
      </bndbox>
   </object>
   <object>
      <name>righteye</name>
      <pose>Unspecified</pose>
      <truncated>0</truncated>
      <difficult>0</difficult>
      <bndbox>
         <xmin>65</xmin>
         <ymin>120</ymin>
         <xmax>112</xmax>
         <ymax>142</ymax>
      </bndbox>
   </object>
   <object>
      <name>lefteye</name>
      <pose>Unspecified</pose>
      <truncated>0</truncated>
      <difficult>0</difficult>
      <bndbox>
         <xmin>154</xmin>
         <ymin>119</ymin>
         <xmax>196</xmax>
         <ymax>140</ymax>
      </bndbox>
   </object>
   <object>
      <name>rightiris</name>
      <pose>Unspecified</pose>
      <truncated>0</truncated>
      <difficult>0</difficult>
      <bndbox>
         <xmin>82</xmin>
         <ymin>124</ymin>
         <xmax>99</xmax>
         <ymax>139</ymax>
      </bndbox>
   </object>
</annotation>
