<annotation>
   <folder>416multip416</folder>
   <filename>0249.jpg</filename>
   <path>E:\416multip416\0249.jpg</path>
   <source>
      <database>Unknow</database>
   </source>
   <size>
      <width>416</width>
      <height>416</height>
      <depth>3</depth>
   </size>
   <segmented>0</segmented>
   <object>
      <name>head</name>
      <pose>Unspecified</pose>
      <truncated>0</truncated>
      <difficult>0</difficult>
      <bndbox>
         <xmin>56</xmin>
         <ymin>87</ymin>
         <xmax>288</xmax>
         <ymax>300</ymax>
      </bndbox>
   </object>
   <object>
      <name>leftiris</name>
      <pose>Unspecified</pose>
      <truncated>0</truncated>
      <difficult>0</difficult>
      <bndbox>
         <xmin>197</xmin>
         <ymin>273</ymin>
         <xmax>213</xmax>
         <ymax>284</ymax>
      </bndbox>
   </object>
   <object>
      <name>righteye</name>
      <pose>Unspecified</pose>
      <truncated>0</truncated>
      <difficult>0</difficult>
      <bndbox>
         <xmin>96</xmin>
         <ymin>270</ymin>
         <xmax>145</xmax>
         <ymax>287</ymax>
      </bndbox>
   </object>
   <object>
      <name>lefteye</name>
      <pose>Unspecified</pose>
      <truncated>0</truncated>
      <difficult>0</difficult>
      <bndbox>
         <xmin>183</xmin>
         <ymin>270</ymin>
         <xmax>233</xmax>
         <ymax>287</ymax>
      </bndbox>
   </object>
   <object>
      <name>rightiris</name>
      <pose>Unspecified</pose>
      <truncated>0</truncated>
      <difficult>0</difficult>
      <bndbox>
         <xmin>114</xmin>
         <ymin>275</ymin>
         <xmax>130</xmax>
         <ymax>284</ymax>
      </bndbox>
   </object>
</annotation>
