<annotation>
   <folder>416multip416</folder>
   <filename>0254.jpg</filename>
   <path>E:\416multip416\0254.jpg</path>
   <source>
      <database>Unknow</database>
   </source>
   <size>
      <width>416</width>
      <height>416</height>
      <depth>3</depth>
   </size>
   <segmented>0</segmented>
   <object>
      <name>head</name>
      <pose>Unspecified</pose>
      <truncated>0</truncated>
      <difficult>0</difficult>
      <bndbox>
         <xmin>78</xmin>
         <ymin>5</ymin>
         <xmax>306</xmax>
         <ymax>300</ymax>
      </bndbox>
   </object>
   <object>
      <name>mouth</name>
      <pose>Unspecified</pose>
      <truncated>0</truncated>
      <difficult>0</difficult>
      <bndbox>
         <xmin>170</xmin>
         <ymin>281</ymin>
         <xmax>234</xmax>
         <ymax>301</ymax>
      </bndbox>
   </object>
   <object>
      <name>nose</name>
      <pose>Unspecified</pose>
      <truncated>0</truncated>
      <difficult>0</difficult>
      <bndbox>
         <xmin>172</xmin>
         <ymin>232</ymin>
         <xmax>226</xmax>
         <ymax>270</ymax>
      </bndbox>
   </object>
   <object>
      <name>leftiris</name>
      <pose>Unspecified</pose>
      <truncated>0</truncated>
      <difficult>0</difficult>
      <bndbox>
         <xmin>226</xmin>
         <ymin>184</ymin>
         <xmax>242</xmax>
         <ymax>195</ymax>
      </bndbox>
   </object>
   <object>
      <name>righteye</name>
      <pose>Unspecified</pose>
      <truncated>0</truncated>
      <difficult>0</difficult>
      <bndbox>
         <xmin>131</xmin>
         <ymin>189</ymin>
         <xmax>175</xmax>
         <ymax>207</ymax>
      </bndbox>
   </object>
   <object>
      <name>lefteye</name>
      <pose>Unspecified</pose>
      <truncated>0</truncated>
      <difficult>0</difficult>
      <bndbox>
         <xmin>217</xmin>
         <ymin>180</ymin>
         <xmax>258</xmax>
         <ymax>198</ymax>
      </bndbox>
   </object>
   <object>
      <name>rightiris</name>
      <pose>Unspecified</pose>
      <truncated>0</truncated>
      <difficult>0</difficult>
      <bndbox>
         <xmin>146</xmin>
         <ymin>192</ymin>
         <xmax>163</xmax>
         <ymax>205</ymax>
      </bndbox>
   </object>
</annotation>
