<annotation>
   <folder>416multip416</folder>
   <filename>0265.jpg</filename>
   <path>E:\416multip416\0265.jpg</path>
   <source>
      <database>Unknow</database>
   </source>
   <size>
      <width>416</width>
      <height>416</height>
      <depth>3</depth>
   </size>
   <segmented>0</segmented>
   <object>
      <name>head</name>
      <pose>Unspecified</pose>
      <truncated>0</truncated>
      <difficult>0</difficult>
      <bndbox>
         <xmin>104</xmin>
         <ymin>1</ymin>
         <xmax>322</xmax>
         <ymax>297</ymax>
      </bndbox>
   </object>
   <object>
      <name>mouth</name>
      <pose>Unspecified</pose>
      <truncated>0</truncated>
      <difficult>0</difficult>
      <bndbox>
         <xmin>178</xmin>
         <ymin>226</ymin>
         <xmax>247</xmax>
         <ymax>258</ymax>
      </bndbox>
   </object>
   <object>
      <name>nose</name>
      <pose>Unspecified</pose>
      <truncated>0</truncated>
      <difficult>0</difficult>
      <bndbox>
         <xmin>187</xmin>
         <ymin>178</ymin>
         <xmax>238</xmax>
         <ymax>218</ymax>
      </bndbox>
   </object>
   <object>
      <name>leftiris</name>
      <pose>Unspecified</pose>
      <truncated>0</truncated>
      <difficult>0</difficult>
      <bndbox>
         <xmin>241</xmin>
         <ymin>148</ymin>
         <xmax>255</xmax>
         <ymax>156</ymax>
      </bndbox>
   </object>
   <object>
      <name>righteye</name>
      <pose>Unspecified</pose>
      <truncated>0</truncated>
      <difficult>0</difficult>
      <bndbox>
         <xmin>160</xmin>
         <ymin>142</ymin>
         <xmax>195</xmax>
         <ymax>157</ymax>
      </bndbox>
   </object>
   <object>
      <name>lefteye</name>
      <pose>Unspecified</pose>
      <truncated>0</truncated>
      <difficult>0</difficult>
      <bndbox>
         <xmin>231</xmin>
         <ymin>145</ymin>
         <xmax>268</xmax>
         <ymax>158</ymax>
      </bndbox>
   </object>
   <object>
      <name>rightiris</name>
      <pose>Unspecified</pose>
      <truncated>0</truncated>
      <difficult>0</difficult>
      <bndbox>
         <xmin>171</xmin>
         <ymin>145</ymin>
         <xmax>187</xmax>
         <ymax>154</ymax>
      </bndbox>
   </object>
</annotation>
