<annotation>
   <folder>416multip416</folder>
   <filename>0273.jpg</filename>
   <path>E:\416multip416\0273.jpg</path>
   <source>
      <database>Unknow</database>
   </source>
   <size>
      <width>416</width>
      <height>416</height>
      <depth>3</depth>
   </size>
   <segmented>0</segmented>
   <object>
      <name>head</name>
      <pose>Unspecified</pose>
      <truncated>0</truncated>
      <difficult>0</difficult>
      <bndbox>
         <xmin>18</xmin>
         <ymin>39</ymin>
         <xmax>276</xmax>
         <ymax>300</ymax>
      </bndbox>
   </object>
   <object>
      <name>nose</name>
      <pose>Unspecified</pose>
      <truncated>0</truncated>
      <difficult>0</difficult>
      <bndbox>
         <xmin>125</xmin>
         <ymin>283</ymin>
         <xmax>182</xmax>
         <ymax>301</ymax>
      </bndbox>
   </object>
   <object>
      <name>leftiris</name>
      <pose>Unspecified</pose>
      <truncated>0</truncated>
      <difficult>0</difficult>
      <bndbox>
         <xmin>183</xmin>
         <ymin>230</ymin>
         <xmax>201</xmax>
         <ymax>245</ymax>
      </bndbox>
   </object>
   <object>
      <name>righteye</name>
      <pose>Unspecified</pose>
      <truncated>0</truncated>
      <difficult>0</difficult>
      <bndbox>
         <xmin>78</xmin>
         <ymin>230</ymin>
         <xmax>129</xmax>
         <ymax>254</ymax>
      </bndbox>
   </object>
   <object>
      <name>lefteye</name>
      <pose>Unspecified</pose>
      <truncated>0</truncated>
      <difficult>0</difficult>
      <bndbox>
         <xmin>175</xmin>
         <ymin>227</ymin>
         <xmax>218</xmax>
         <ymax>248</ymax>
      </bndbox>
   </object>
   <object>
      <name>rightiris</name>
      <pose>Unspecified</pose>
      <truncated>0</truncated>
      <difficult>0</difficult>
      <bndbox>
         <xmin>100</xmin>
         <ymin>235</ymin>
         <xmax>118</xmax>
         <ymax>251</ymax>
      </bndbox>
   </object>
</annotation>
