<annotation>
   <folder>416multip416</folder>
   <filename>0274.jpg</filename>
   <path>E:\416multip416\0274.jpg</path>
   <source>
      <database>Unknow</database>
   </source>
   <size>
      <width>416</width>
      <height>416</height>
      <depth>3</depth>
   </size>
   <segmented>0</segmented>
   <object>
      <name>head</name>
      <pose>Unspecified</pose>
      <truncated>0</truncated>
      <difficult>0</difficult>
      <bndbox>
         <xmin>63</xmin>
         <ymin>35</ymin>
         <xmax>308</xmax>
         <ymax>300</ymax>
      </bndbox>
   </object>
   <object>
      <name>nose</name>
      <pose>Unspecified</pose>
      <truncated>0</truncated>
      <difficult>0</difficult>
      <bndbox>
         <xmin>176</xmin>
         <ymin>279</ymin>
         <xmax>229</xmax>
         <ymax>301</ymax>
      </bndbox>
   </object>
   <object>
      <name>leftiris</name>
      <pose>Unspecified</pose>
      <truncated>0</truncated>
      <difficult>0</difficult>
      <bndbox>
         <xmin>226</xmin>
         <ymin>230</ymin>
         <xmax>244</xmax>
         <ymax>245</ymax>
      </bndbox>
   </object>
   <object>
      <name>righteye</name>
      <pose>Unspecified</pose>
      <truncated>0</truncated>
      <difficult>0</difficult>
      <bndbox>
         <xmin>133</xmin>
         <ymin>238</ymin>
         <xmax>179</xmax>
         <ymax>257</ymax>
      </bndbox>
   </object>
   <object>
      <name>lefteye</name>
      <pose>Unspecified</pose>
      <truncated>0</truncated>
      <difficult>0</difficult>
      <bndbox>
         <xmin>218</xmin>
         <ymin>227</ymin>
         <xmax>262</xmax>
         <ymax>248</ymax>
      </bndbox>
   </object>
   <object>
      <name>rightiris</name>
      <pose>Unspecified</pose>
      <truncated>0</truncated>
      <difficult>0</difficult>
      <bndbox>
         <xmin>148</xmin>
         <ymin>242</ymin>
         <xmax>166</xmax>
         <ymax>254</ymax>
      </bndbox>
   </object>
</annotation>
