<annotation>
   <folder>416multip416</folder>
   <filename>0280.jpg</filename>
   <path>E:\416multip416\0280.jpg</path>
   <source>
      <database>Unknow</database>
   </source>
   <size>
      <width>416</width>
      <height>416</height>
      <depth>3</depth>
   </size>
   <segmented>0</segmented>
   <object>
      <name>head</name>
      <pose>Unspecified</pose>
      <truncated>0</truncated>
      <difficult>0</difficult>
      <bndbox>
         <xmin>21</xmin>
         <ymin>2</ymin>
         <xmax>249</xmax>
         <ymax>301</ymax>
      </bndbox>
   </object>
   <object>
      <name>mouth</name>
      <pose>Unspecified</pose>
      <truncated>0</truncated>
      <difficult>0</difficult>
      <bndbox>
         <xmin>98</xmin>
         <ymin>226</ymin>
         <xmax>177</xmax>
         <ymax>268</ymax>
      </bndbox>
   </object>
   <object>
      <name>nose</name>
      <pose>Unspecified</pose>
      <truncated>0</truncated>
      <difficult>0</difficult>
      <bndbox>
         <xmin>104</xmin>
         <ymin>168</ymin>
         <xmax>166</xmax>
         <ymax>212</ymax>
      </bndbox>
   </object>
   <object>
      <name>leftiris</name>
      <pose>Unspecified</pose>
      <truncated>0</truncated>
      <difficult>0</difficult>
      <bndbox>
         <xmin>166</xmin>
         <ymin>123</ymin>
         <xmax>183</xmax>
         <ymax>136</ymax>
      </bndbox>
   </object>
   <object>
      <name>righteye</name>
      <pose>Unspecified</pose>
      <truncated>0</truncated>
      <difficult>0</difficult>
      <bndbox>
         <xmin>68</xmin>
         <ymin>120</ymin>
         <xmax>114</xmax>
         <ymax>142</ymax>
      </bndbox>
   </object>
   <object>
      <name>lefteye</name>
      <pose>Unspecified</pose>
      <truncated>0</truncated>
      <difficult>0</difficult>
      <bndbox>
         <xmin>154</xmin>
         <ymin>118</ymin>
         <xmax>197</xmax>
         <ymax>139</ymax>
      </bndbox>
   </object>
   <object>
      <name>rightiris</name>
      <pose>Unspecified</pose>
      <truncated>0</truncated>
      <difficult>0</difficult>
      <bndbox>
         <xmin>83</xmin>
         <ymin>126</ymin>
         <xmax>100</xmax>
         <ymax>140</ymax>
      </bndbox>
   </object>
</annotation>
