<annotation>
   <folder>416multip416</folder>
   <filename>0282.jpg</filename>
   <path>E:\416multip416\0282.jpg</path>
   <source>
      <database>Unknow</database>
   </source>
   <size>
      <width>416</width>
      <height>416</height>
      <depth>3</depth>
   </size>
   <segmented>0</segmented>
   <object>
      <name>head</name>
      <pose>Unspecified</pose>
      <truncated>0</truncated>
      <difficult>0</difficult>
      <bndbox>
         <xmin>34</xmin>
         <ymin>2</ymin>
         <xmax>271</xmax>
         <ymax>301</ymax>
      </bndbox>
   </object>
   <object>
      <name>mouth</name>
      <pose>Unspecified</pose>
      <truncated>0</truncated>
      <difficult>0</difficult>
      <bndbox>
         <xmin>111</xmin>
         <ymin>265</ymin>
         <xmax>194</xmax>
         <ymax>297</ymax>
      </bndbox>
   </object>
   <object>
      <name>nose</name>
      <pose>Unspecified</pose>
      <truncated>0</truncated>
      <difficult>0</difficult>
      <bndbox>
         <xmin>119</xmin>
         <ymin>204</ymin>
         <xmax>182</xmax>
         <ymax>249</ymax>
      </bndbox>
   </object>
   <object>
      <name>leftiris</name>
      <pose>Unspecified</pose>
      <truncated>0</truncated>
      <difficult>0</difficult>
      <bndbox>
         <xmin>184</xmin>
         <ymin>166</ymin>
         <xmax>202</xmax>
         <ymax>179</ymax>
      </bndbox>
   </object>
   <object>
      <name>righteye</name>
      <pose>Unspecified</pose>
      <truncated>0</truncated>
      <difficult>0</difficult>
      <bndbox>
         <xmin>80</xmin>
         <ymin>159</ymin>
         <xmax>129</xmax>
         <ymax>181</ymax>
      </bndbox>
   </object>
   <object>
      <name>lefteye</name>
      <pose>Unspecified</pose>
      <truncated>0</truncated>
      <difficult>0</difficult>
      <bndbox>
         <xmin>174</xmin>
         <ymin>160</ymin>
         <xmax>223</xmax>
         <ymax>182</ymax>
      </bndbox>
   </object>
   <object>
      <name>rightiris</name>
      <pose>Unspecified</pose>
      <truncated>0</truncated>
      <difficult>0</difficult>
      <bndbox>
         <xmin>100</xmin>
         <ymin>163</ymin>
         <xmax>119</xmax>
         <ymax>177</ymax>
      </bndbox>
   </object>
</annotation>
