<annotation>
   <folder>416multip416</folder>
   <filename>0291.jpg</filename>
   <path>E:\416multip416\0291.jpg</path>
   <source>
      <database>Unknow</database>
   </source>
   <size>
      <width>416</width>
      <height>416</height>
      <depth>3</depth>
   </size>
   <segmented>0</segmented>
   <object>
      <name>head</name>
      <pose>Unspecified</pose>
      <truncated>0</truncated>
      <difficult>0</difficult>
      <bndbox>
         <xmin>38</xmin>
         <ymin>42</ymin>
         <xmax>271</xmax>
         <ymax>300</ymax>
      </bndbox>
   </object>
   <object>
      <name>nose</name>
      <pose>Unspecified</pose>
      <truncated>0</truncated>
      <difficult>0</difficult>
      <bndbox>
         <xmin>135</xmin>
         <ymin>247</ymin>
         <xmax>194</xmax>
         <ymax>286</ymax>
      </bndbox>
   </object>
   <object>
      <name>leftiris</name>
      <pose>Unspecified</pose>
      <truncated>0</truncated>
      <difficult>0</difficult>
      <bndbox>
         <xmin>190</xmin>
         <ymin>202</ymin>
         <xmax>205</xmax>
         <ymax>215</ymax>
      </bndbox>
   </object>
   <object>
      <name>righteye</name>
      <pose>Unspecified</pose>
      <truncated>0</truncated>
      <difficult>0</difficult>
      <bndbox>
         <xmin>96</xmin>
         <ymin>207</ymin>
         <xmax>137</xmax>
         <ymax>225</ymax>
      </bndbox>
   </object>
   <object>
      <name>lefteye</name>
      <pose>Unspecified</pose>
      <truncated>0</truncated>
      <difficult>0</difficult>
      <bndbox>
         <xmin>180</xmin>
         <ymin>199</ymin>
         <xmax>220</xmax>
         <ymax>218</ymax>
      </bndbox>
   </object>
   <object>
      <name>rightiris</name>
      <pose>Unspecified</pose>
      <truncated>0</truncated>
      <difficult>0</difficult>
      <bndbox>
         <xmin>111</xmin>
         <ymin>211</ymin>
         <xmax>127</xmax>
         <ymax>222</ymax>
      </bndbox>
   </object>
</annotation>
