<annotation>
   <folder>416multip416</folder>
   <filename>0292.jpg</filename>
   <path>E:\416multip416\0292.jpg</path>
   <source>
      <database>Unknow</database>
   </source>
   <size>
      <width>416</width>
      <height>416</height>
      <depth>3</depth>
   </size>
   <segmented>0</segmented>
   <object>
      <name>head</name>
      <pose>Unspecified</pose>
      <truncated>0</truncated>
      <difficult>0</difficult>
      <bndbox>
         <xmin>60</xmin>
         <ymin>2</ymin>
         <xmax>295</xmax>
         <ymax>300</ymax>
      </bndbox>
   </object>
   <object>
      <name>mouth</name>
      <pose>Unspecified</pose>
      <truncated>0</truncated>
      <difficult>0</difficult>
      <bndbox>
         <xmin>148</xmin>
         <ymin>222</ymin>
         <xmax>223</xmax>
         <ymax>253</ymax>
      </bndbox>
   </object>
   <object>
      <name>nose</name>
      <pose>Unspecified</pose>
      <truncated>0</truncated>
      <difficult>0</difficult>
      <bndbox>
         <xmin>155</xmin>
         <ymin>168</ymin>
         <xmax>213</xmax>
         <ymax>207</ymax>
      </bndbox>
   </object>
   <object>
      <name>leftiris</name>
      <pose>Unspecified</pose>
      <truncated>0</truncated>
      <difficult>0</difficult>
      <bndbox>
         <xmin>215</xmin>
         <ymin>124</ymin>
         <xmax>231</xmax>
         <ymax>136</ymax>
      </bndbox>
   </object>
   <object>
      <name>righteye</name>
      <pose>Unspecified</pose>
      <truncated>0</truncated>
      <difficult>0</difficult>
      <bndbox>
         <xmin>118</xmin>
         <ymin>127</ymin>
         <xmax>163</xmax>
         <ymax>142</ymax>
      </bndbox>
   </object>
   <object>
      <name>lefteye</name>
      <pose>Unspecified</pose>
      <truncated>0</truncated>
      <difficult>0</difficult>
      <bndbox>
         <xmin>203</xmin>
         <ymin>122</ymin>
         <xmax>250</xmax>
         <ymax>139</ymax>
      </bndbox>
   </object>
   <object>
      <name>rightiris</name>
      <pose>Unspecified</pose>
      <truncated>0</truncated>
      <difficult>0</difficult>
      <bndbox>
         <xmin>133</xmin>
         <ymin>130</ymin>
         <xmax>150</xmax>
         <ymax>140</ymax>
      </bndbox>
   </object>
</annotation>
