<annotation>
   <folder>416multip416</folder>
   <filename>0294.jpg</filename>
   <path>E:\416multip416\0294.jpg</path>
   <source>
      <database>Unknow</database>
   </source>
   <size>
      <width>416</width>
      <height>416</height>
      <depth>3</depth>
   </size>
   <segmented>0</segmented>
   <object>
      <name>head</name>
      <pose>Unspecified</pose>
      <truncated>0</truncated>
      <difficult>0</difficult>
      <bndbox>
         <xmin>45</xmin>
         <ymin>1</ymin>
         <xmax>280</xmax>
         <ymax>301</ymax>
      </bndbox>
   </object>
   <object>
      <name>mouth</name>
      <pose>Unspecified</pose>
      <truncated>0</truncated>
      <difficult>0</difficult>
      <bndbox>
         <xmin>142</xmin>
         <ymin>291</ymin>
         <xmax>186</xmax>
         <ymax>301</ymax>
      </bndbox>
   </object>
   <object>
      <name>nose</name>
      <pose>Unspecified</pose>
      <truncated>0</truncated>
      <difficult>0</difficult>
      <bndbox>
         <xmin>134</xmin>
         <ymin>234</ymin>
         <xmax>191</xmax>
         <ymax>276</ymax>
      </bndbox>
   </object>
   <object>
      <name>leftiris</name>
      <pose>Unspecified</pose>
      <truncated>0</truncated>
      <difficult>0</difficult>
      <bndbox>
         <xmin>190</xmin>
         <ymin>182</ymin>
         <xmax>210</xmax>
         <ymax>195</ymax>
      </bndbox>
   </object>
   <object>
      <name>righteye</name>
      <pose>Unspecified</pose>
      <truncated>0</truncated>
      <difficult>0</difficult>
      <bndbox>
         <xmin>88</xmin>
         <ymin>188</ymin>
         <xmax>138</xmax>
         <ymax>207</ymax>
      </bndbox>
   </object>
   <object>
      <name>lefteye</name>
      <pose>Unspecified</pose>
      <truncated>0</truncated>
      <difficult>0</difficult>
      <bndbox>
         <xmin>180</xmin>
         <ymin>178</ymin>
         <xmax>229</xmax>
         <ymax>201</ymax>
      </bndbox>
   </object>
   <object>
      <name>rightiris</name>
      <pose>Unspecified</pose>
      <truncated>0</truncated>
      <difficult>0</difficult>
      <bndbox>
         <xmin>110</xmin>
         <ymin>192</ymin>
         <xmax>127</xmax>
         <ymax>204</ymax>
      </bndbox>
   </object>
</annotation>
