<annotation>
   <folder>416multip416</folder>
   <filename>0296.jpg</filename>
   <path>E:\416multip416\0296.jpg</path>
   <source>
      <database>Unknow</database>
   </source>
   <size>
      <width>416</width>
      <height>416</height>
      <depth>3</depth>
   </size>
   <segmented>0</segmented>
   <object>
      <name>head</name>
      <pose>Unspecified</pose>
      <truncated>0</truncated>
      <difficult>0</difficult>
      <bndbox>
         <xmin>70</xmin>
         <ymin>2</ymin>
         <xmax>299</xmax>
         <ymax>263</ymax>
      </bndbox>
   </object>
   <object>
      <name>mouth</name>
      <pose>Unspecified</pose>
      <truncated>0</truncated>
      <difficult>0</difficult>
      <bndbox>
         <xmin>155</xmin>
         <ymin>180</ymin>
         <xmax>229</xmax>
         <ymax>209</ymax>
      </bndbox>
   </object>
   <object>
      <name>nose</name>
      <pose>Unspecified</pose>
      <truncated>0</truncated>
      <difficult>0</difficult>
      <bndbox>
         <xmin>165</xmin>
         <ymin>135</ymin>
         <xmax>218</xmax>
         <ymax>171</ymax>
      </bndbox>
   </object>
   <object>
      <name>leftiris</name>
      <pose>Unspecified</pose>
      <truncated>0</truncated>
      <difficult>0</difficult>
      <bndbox>
         <xmin>221</xmin>
         <ymin>100</ymin>
         <xmax>236</xmax>
         <ymax>111</ymax>
      </bndbox>
   </object>
   <object>
      <name>righteye</name>
      <pose>Unspecified</pose>
      <truncated>0</truncated>
      <difficult>0</difficult>
      <bndbox>
         <xmin>131</xmin>
         <ymin>96</ymin>
         <xmax>172</xmax>
         <ymax>112</ymax>
      </bndbox>
   </object>
   <object>
      <name>lefteye</name>
      <pose>Unspecified</pose>
      <truncated>0</truncated>
      <difficult>0</difficult>
      <bndbox>
         <xmin>211</xmin>
         <ymin>97</ymin>
         <xmax>253</xmax>
         <ymax>115</ymax>
      </bndbox>
   </object>
   <object>
      <name>rightiris</name>
      <pose>Unspecified</pose>
      <truncated>0</truncated>
      <difficult>0</difficult>
      <bndbox>
         <xmin>147</xmin>
         <ymin>98</ymin>
         <xmax>162</xmax>
         <ymax>109</ymax>
      </bndbox>
   </object>
</annotation>
