<annotation>
   <folder>416multip416</folder>
   <filename>0307.jpg</filename>
   <path>E:\416multip416\0307.jpg</path>
   <source>
      <database>Unknow</database>
   </source>
   <size>
      <width>416</width>
      <height>416</height>
      <depth>3</depth>
   </size>
   <segmented>0</segmented>
   <object>
      <name>head</name>
      <pose>Unspecified</pose>
      <truncated>0</truncated>
      <difficult>0</difficult>
      <bndbox>
         <xmin>69</xmin>
         <ymin>1</ymin>
         <xmax>316</xmax>
         <ymax>300</ymax>
      </bndbox>
   </object>
   <object>
      <name>mouth</name>
      <pose>Unspecified</pose>
      <truncated>0</truncated>
      <difficult>0</difficult>
      <bndbox>
         <xmin>166</xmin>
         <ymin>236</ymin>
         <xmax>241</xmax>
         <ymax>270</ymax>
      </bndbox>
   </object>
   <object>
      <name>nose</name>
      <pose>Unspecified</pose>
      <truncated>0</truncated>
      <difficult>0</difficult>
      <bndbox>
         <xmin>171</xmin>
         <ymin>180</ymin>
         <xmax>229</xmax>
         <ymax>222</ymax>
      </bndbox>
   </object>
   <object>
      <name>leftiris</name>
      <pose>Unspecified</pose>
      <truncated>0</truncated>
      <difficult>0</difficult>
      <bndbox>
         <xmin>226</xmin>
         <ymin>140</ymin>
         <xmax>243</xmax>
         <ymax>154</ymax>
      </bndbox>
   </object>
   <object>
      <name>righteye</name>
      <pose>Unspecified</pose>
      <truncated>0</truncated>
      <difficult>0</difficult>
      <bndbox>
         <xmin>130</xmin>
         <ymin>143</ymin>
         <xmax>176</xmax>
         <ymax>164</ymax>
      </bndbox>
   </object>
   <object>
      <name>lefteye</name>
      <pose>Unspecified</pose>
      <truncated>0</truncated>
      <difficult>0</difficult>
      <bndbox>
         <xmin>217</xmin>
         <ymin>136</ymin>
         <xmax>263</xmax>
         <ymax>157</ymax>
      </bndbox>
   </object>
   <object>
      <name>rightiris</name>
      <pose>Unspecified</pose>
      <truncated>0</truncated>
      <difficult>0</difficult>
      <bndbox>
         <xmin>145</xmin>
         <ymin>147</ymin>
         <xmax>161</xmax>
         <ymax>159</ymax>
      </bndbox>
   </object>
</annotation>
