<annotation>
   <folder>416multip416</folder>
   <filename>0311.jpg</filename>
   <path>E:\416multip416\0311.jpg</path>
   <source>
      <database>Unknow</database>
   </source>
   <size>
      <width>416</width>
      <height>416</height>
      <depth>3</depth>
   </size>
   <segmented>0</segmented>
   <object>
      <name>head</name>
      <pose>Unspecified</pose>
      <truncated>0</truncated>
      <difficult>0</difficult>
      <bndbox>
         <xmin>61</xmin>
         <ymin>2</ymin>
         <xmax>268</xmax>
         <ymax>300</ymax>
      </bndbox>
   </object>
   <object>
      <name>mouth</name>
      <pose>Unspecified</pose>
      <truncated>0</truncated>
      <difficult>0</difficult>
      <bndbox>
         <xmin>131</xmin>
         <ymin>233</ymin>
         <xmax>213</xmax>
         <ymax>266</ymax>
      </bndbox>
   </object>
   <object>
      <name>nose</name>
      <pose>Unspecified</pose>
      <truncated>0</truncated>
      <difficult>0</difficult>
      <bndbox>
         <xmin>138</xmin>
         <ymin>184</ymin>
         <xmax>206</xmax>
         <ymax>220</ymax>
      </bndbox>
   </object>
   <object>
      <name>leftiris</name>
      <pose>Unspecified</pose>
      <truncated>0</truncated>
      <difficult>0</difficult>
      <bndbox>
         <xmin>201</xmin>
         <ymin>141</ymin>
         <xmax>216</xmax>
         <ymax>150</ymax>
      </bndbox>
   </object>
   <object>
      <name>righteye</name>
      <pose>Unspecified</pose>
      <truncated>0</truncated>
      <difficult>0</difficult>
      <bndbox>
         <xmin>105</xmin>
         <ymin>137</ymin>
         <xmax>150</xmax>
         <ymax>156</ymax>
      </bndbox>
   </object>
   <object>
      <name>lefteye</name>
      <pose>Unspecified</pose>
      <truncated>0</truncated>
      <difficult>0</difficult>
      <bndbox>
         <xmin>189</xmin>
         <ymin>137</ymin>
         <xmax>234</xmax>
         <ymax>153</ymax>
      </bndbox>
   </object>
   <object>
      <name>rightiris</name>
      <pose>Unspecified</pose>
      <truncated>0</truncated>
      <difficult>0</difficult>
      <bndbox>
         <xmin>121</xmin>
         <ymin>143</ymin>
         <xmax>137</xmax>
         <ymax>153</ymax>
      </bndbox>
   </object>
</annotation>
