<annotation>
   <folder>416multip416</folder>
   <filename>0317.jpg</filename>
   <path>E:\416multip416\0317.jpg</path>
   <source>
      <database>Unknow</database>
   </source>
   <size>
      <width>416</width>
      <height>416</height>
      <depth>3</depth>
   </size>
   <segmented>0</segmented>
   <object>
      <name>head</name>
      <pose>Unspecified</pose>
      <truncated>0</truncated>
      <difficult>0</difficult>
      <bndbox>
         <xmin>47</xmin>
         <ymin>32</ymin>
         <xmax>273</xmax>
         <ymax>301</ymax>
      </bndbox>
   </object>
   <object>
      <name>mouth</name>
      <pose>Unspecified</pose>
      <truncated>0</truncated>
      <difficult>0</difficult>
      <bndbox>
         <xmin>139</xmin>
         <ymin>291</ymin>
         <xmax>197</xmax>
         <ymax>301</ymax>
      </bndbox>
   </object>
   <object>
      <name>nose</name>
      <pose>Unspecified</pose>
      <truncated>0</truncated>
      <difficult>0</difficult>
      <bndbox>
         <xmin>132</xmin>
         <ymin>245</ymin>
         <xmax>190</xmax>
         <ymax>281</ymax>
      </bndbox>
   </object>
   <object>
      <name>leftiris</name>
      <pose>Unspecified</pose>
      <truncated>0</truncated>
      <difficult>0</difficult>
      <bndbox>
         <xmin>185</xmin>
         <ymin>198</ymin>
         <xmax>201</xmax>
         <ymax>210</ymax>
      </bndbox>
   </object>
   <object>
      <name>righteye</name>
      <pose>Unspecified</pose>
      <truncated>0</truncated>
      <difficult>0</difficult>
      <bndbox>
         <xmin>96</xmin>
         <ymin>204</ymin>
         <xmax>139</xmax>
         <ymax>223</ymax>
      </bndbox>
   </object>
   <object>
      <name>lefteye</name>
      <pose>Unspecified</pose>
      <truncated>0</truncated>
      <difficult>0</difficult>
      <bndbox>
         <xmin>175</xmin>
         <ymin>194</ymin>
         <xmax>217</xmax>
         <ymax>213</ymax>
      </bndbox>
   </object>
   <object>
      <name>rightiris</name>
      <pose>Unspecified</pose>
      <truncated>0</truncated>
      <difficult>0</difficult>
      <bndbox>
         <xmin>112</xmin>
         <ymin>208</ymin>
         <xmax>128</xmax>
         <ymax>219</ymax>
      </bndbox>
   </object>
</annotation>
