<annotation>
   <folder>416multip416</folder>
   <filename>0323.jpg</filename>
   <path>E:\416multip416\0323.jpg</path>
   <source>
      <database>Unknow</database>
   </source>
   <size>
      <width>416</width>
      <height>416</height>
      <depth>3</depth>
   </size>
   <segmented>0</segmented>
   <object>
      <name>head</name>
      <pose>Unspecified</pose>
      <truncated>0</truncated>
      <difficult>0</difficult>
      <bndbox>
         <xmin>44</xmin>
         <ymin>10</ymin>
         <xmax>269</xmax>
         <ymax>301</ymax>
      </bndbox>
   </object>
   <object>
      <name>mouth</name>
      <pose>Unspecified</pose>
      <truncated>0</truncated>
      <difficult>0</difficult>
      <bndbox>
         <xmin>129</xmin>
         <ymin>252</ymin>
         <xmax>202</xmax>
         <ymax>285</ymax>
      </bndbox>
   </object>
   <object>
      <name>nose</name>
      <pose>Unspecified</pose>
      <truncated>0</truncated>
      <difficult>0</difficult>
      <bndbox>
         <xmin>130</xmin>
         <ymin>196</ymin>
         <xmax>193</xmax>
         <ymax>236</ymax>
      </bndbox>
   </object>
   <object>
      <name>leftiris</name>
      <pose>Unspecified</pose>
      <truncated>0</truncated>
      <difficult>0</difficult>
      <bndbox>
         <xmin>188</xmin>
         <ymin>159</ymin>
         <xmax>204</xmax>
         <ymax>171</ymax>
      </bndbox>
   </object>
   <object>
      <name>righteye</name>
      <pose>Unspecified</pose>
      <truncated>0</truncated>
      <difficult>0</difficult>
      <bndbox>
         <xmin>99</xmin>
         <ymin>163</ymin>
         <xmax>141</xmax>
         <ymax>179</ymax>
      </bndbox>
   </object>
   <object>
      <name>lefteye</name>
      <pose>Unspecified</pose>
      <truncated>0</truncated>
      <difficult>0</difficult>
      <bndbox>
         <xmin>180</xmin>
         <ymin>156</ymin>
         <xmax>221</xmax>
         <ymax>173</ymax>
      </bndbox>
   </object>
   <object>
      <name>rightiris</name>
      <pose>Unspecified</pose>
      <truncated>0</truncated>
      <difficult>0</difficult>
      <bndbox>
         <xmin>114</xmin>
         <ymin>166</ymin>
         <xmax>130</xmax>
         <ymax>176</ymax>
      </bndbox>
   </object>
</annotation>
