<annotation>
   <folder>416multip416</folder>
   <filename>0326.jpg</filename>
   <path>E:\416multip416\0326.jpg</path>
   <source>
      <database>Unknow</database>
   </source>
   <size>
      <width>416</width>
      <height>416</height>
      <depth>3</depth>
   </size>
   <segmented>0</segmented>
   <object>
      <name>head</name>
      <pose>Unspecified</pose>
      <truncated>0</truncated>
      <difficult>0</difficult>
      <bndbox>
         <xmin>25</xmin>
         <ymin>1</ymin>
         <xmax>260</xmax>
         <ymax>300</ymax>
      </bndbox>
   </object>
   <object>
      <name>mouth</name>
      <pose>Unspecified</pose>
      <truncated>0</truncated>
      <difficult>0</difficult>
      <bndbox>
         <xmin>107</xmin>
         <ymin>218</ymin>
         <xmax>175</xmax>
         <ymax>249</ymax>
      </bndbox>
   </object>
   <object>
      <name>nose</name>
      <pose>Unspecified</pose>
      <truncated>0</truncated>
      <difficult>0</difficult>
      <bndbox>
         <xmin>110</xmin>
         <ymin>166</ymin>
         <xmax>168</xmax>
         <ymax>201</ymax>
      </bndbox>
   </object>
   <object>
      <name>leftiris</name>
      <pose>Unspecified</pose>
      <truncated>0</truncated>
      <difficult>0</difficult>
      <bndbox>
         <xmin>169</xmin>
         <ymin>119</ymin>
         <xmax>186</xmax>
         <ymax>132</ymax>
      </bndbox>
   </object>
   <object>
      <name>righteye</name>
      <pose>Unspecified</pose>
      <truncated>0</truncated>
      <difficult>0</difficult>
      <bndbox>
         <xmin>69</xmin>
         <ymin>120</ymin>
         <xmax>116</xmax>
         <ymax>138</ymax>
      </bndbox>
   </object>
   <object>
      <name>lefteye</name>
      <pose>Unspecified</pose>
      <truncated>0</truncated>
      <difficult>0</difficult>
      <bndbox>
         <xmin>158</xmin>
         <ymin>116</ymin>
         <xmax>204</xmax>
         <ymax>134</ymax>
      </bndbox>
   </object>
   <object>
      <name>rightiris</name>
      <pose>Unspecified</pose>
      <truncated>0</truncated>
      <difficult>0</difficult>
      <bndbox>
         <xmin>89</xmin>
         <ymin>123</ymin>
         <xmax>105</xmax>
         <ymax>136</ymax>
      </bndbox>
   </object>
</annotation>
