<annotation>
   <folder>416multip416</folder>
   <filename>0328.jpg</filename>
   <path>E:\416multip416\0328.jpg</path>
   <source>
      <database>Unknow</database>
   </source>
   <size>
      <width>416</width>
      <height>416</height>
      <depth>3</depth>
   </size>
   <segmented>0</segmented>
   <object>
      <name>head</name>
      <pose>Unspecified</pose>
      <truncated>0</truncated>
      <difficult>0</difficult>
      <bndbox>
         <xmin>68</xmin>
         <ymin>30</ymin>
         <xmax>317</xmax>
         <ymax>300</ymax>
      </bndbox>
   </object>
   <object>
      <name>nose</name>
      <pose>Unspecified</pose>
      <truncated>0</truncated>
      <difficult>0</difficult>
      <bndbox>
         <xmin>158</xmin>
         <ymin>250</ymin>
         <xmax>216</xmax>
         <ymax>292</ymax>
      </bndbox>
   </object>
   <object>
      <name>leftiris</name>
      <pose>Unspecified</pose>
      <truncated>0</truncated>
      <difficult>0</difficult>
      <bndbox>
         <xmin>221</xmin>
         <ymin>205</ymin>
         <xmax>239</xmax>
         <ymax>221</ymax>
      </bndbox>
   </object>
   <object>
      <name>righteye</name>
      <pose>Unspecified</pose>
      <truncated>0</truncated>
      <difficult>0</difficult>
      <bndbox>
         <xmin>123</xmin>
         <ymin>194</ymin>
         <xmax>171</xmax>
         <ymax>218</ymax>
      </bndbox>
   </object>
   <object>
      <name>lefteye</name>
      <pose>Unspecified</pose>
      <truncated>0</truncated>
      <difficult>0</difficult>
      <bndbox>
         <xmin>211</xmin>
         <ymin>199</ymin>
         <xmax>261</xmax>
         <ymax>224</ymax>
      </bndbox>
   </object>
   <object>
      <name>rightiris</name>
      <pose>Unspecified</pose>
      <truncated>0</truncated>
      <difficult>0</difficult>
      <bndbox>
         <xmin>144</xmin>
         <ymin>199</ymin>
         <xmax>162</xmax>
         <ymax>216</ymax>
      </bndbox>
   </object>
</annotation>
