<annotation>
   <folder>416multip416</folder>
   <filename>0330.jpg</filename>
   <path>E:\416multip416\0330.jpg</path>
   <source>
      <database>Unknow</database>
   </source>
   <size>
      <width>416</width>
      <height>416</height>
      <depth>3</depth>
   </size>
   <segmented>0</segmented>
   <object>
      <name>head</name>
      <pose>Unspecified</pose>
      <truncated>0</truncated>
      <difficult>0</difficult>
      <bndbox>
         <xmin>50</xmin>
         <ymin>11</ymin>
         <xmax>276</xmax>
         <ymax>300</ymax>
      </bndbox>
   </object>
   <object>
      <name>mouth</name>
      <pose>Unspecified</pose>
      <truncated>0</truncated>
      <difficult>0</difficult>
      <bndbox>
         <xmin>139</xmin>
         <ymin>270</ymin>
         <xmax>205</xmax>
         <ymax>299</ymax>
      </bndbox>
   </object>
   <object>
      <name>nose</name>
      <pose>Unspecified</pose>
      <truncated>0</truncated>
      <difficult>0</difficult>
      <bndbox>
         <xmin>145</xmin>
         <ymin>224</ymin>
         <xmax>200</xmax>
         <ymax>261</ymax>
      </bndbox>
   </object>
   <object>
      <name>leftiris</name>
      <pose>Unspecified</pose>
      <truncated>0</truncated>
      <difficult>0</difficult>
      <bndbox>
         <xmin>199</xmin>
         <ymin>180</ymin>
         <xmax>212</xmax>
         <ymax>191</ymax>
      </bndbox>
   </object>
   <object>
      <name>righteye</name>
      <pose>Unspecified</pose>
      <truncated>0</truncated>
      <difficult>0</difficult>
      <bndbox>
         <xmin>110</xmin>
         <ymin>178</ymin>
         <xmax>152</xmax>
         <ymax>196</ymax>
      </bndbox>
   </object>
   <object>
      <name>lefteye</name>
      <pose>Unspecified</pose>
      <truncated>0</truncated>
      <difficult>0</difficult>
      <bndbox>
         <xmin>187</xmin>
         <ymin>175</ymin>
         <xmax>229</xmax>
         <ymax>195</ymax>
      </bndbox>
   </object>
   <object>
      <name>rightiris</name>
      <pose>Unspecified</pose>
      <truncated>0</truncated>
      <difficult>0</difficult>
      <bndbox>
         <xmin>125</xmin>
         <ymin>182</ymin>
         <xmax>140</xmax>
         <ymax>193</ymax>
      </bndbox>
   </object>
</annotation>
