<annotation>
   <folder>416multip416</folder>
   <filename>0337.jpg</filename>
   <path>E:\416multip416\0337.jpg</path>
   <source>
      <database>Unknow</database>
   </source>
   <size>
      <width>416</width>
      <height>416</height>
      <depth>3</depth>
   </size>
   <segmented>0</segmented>
   <object>
      <name>head</name>
      <pose>Unspecified</pose>
      <truncated>0</truncated>
      <difficult>0</difficult>
      <bndbox>
         <xmin>21</xmin>
         <ymin>2</ymin>
         <xmax>273</xmax>
         <ymax>300</ymax>
      </bndbox>
   </object>
   <object>
      <name>mouth</name>
      <pose>Unspecified</pose>
      <truncated>0</truncated>
      <difficult>0</difficult>
      <bndbox>
         <xmin>118</xmin>
         <ymin>279</ymin>
         <xmax>197</xmax>
         <ymax>301</ymax>
      </bndbox>
   </object>
   <object>
      <name>nose</name>
      <pose>Unspecified</pose>
      <truncated>0</truncated>
      <difficult>0</difficult>
      <bndbox>
         <xmin>123</xmin>
         <ymin>215</ymin>
         <xmax>187</xmax>
         <ymax>264</ymax>
      </bndbox>
   </object>
   <object>
      <name>leftiris</name>
      <pose>Unspecified</pose>
      <truncated>0</truncated>
      <difficult>0</difficult>
      <bndbox>
         <xmin>186</xmin>
         <ymin>161</ymin>
         <xmax>203</xmax>
         <ymax>176</ymax>
      </bndbox>
   </object>
   <object>
      <name>righteye</name>
      <pose>Unspecified</pose>
      <truncated>0</truncated>
      <difficult>0</difficult>
      <bndbox>
         <xmin>76</xmin>
         <ymin>164</ymin>
         <xmax>127</xmax>
         <ymax>184</ymax>
      </bndbox>
   </object>
   <object>
      <name>lefteye</name>
      <pose>Unspecified</pose>
      <truncated>0</truncated>
      <difficult>0</difficult>
      <bndbox>
         <xmin>176</xmin>
         <ymin>157</ymin>
         <xmax>222</xmax>
         <ymax>179</ymax>
      </bndbox>
   </object>
   <object>
      <name>rightiris</name>
      <pose>Unspecified</pose>
      <truncated>0</truncated>
      <difficult>0</difficult>
      <bndbox>
         <xmin>97</xmin>
         <ymin>168</ymin>
         <xmax>115</xmax>
         <ymax>181</ymax>
      </bndbox>
   </object>
</annotation>
