<annotation>
   <folder>416multip416</folder>
   <filename>0338.jpg</filename>
   <path>E:\416multip416\0338.jpg</path>
   <source>
      <database>Unknow</database>
   </source>
   <size>
      <width>416</width>
      <height>416</height>
      <depth>3</depth>
   </size>
   <segmented>0</segmented>
   <object>
      <name>head</name>
      <pose>Unspecified</pose>
      <truncated>0</truncated>
      <difficult>0</difficult>
      <bndbox>
         <xmin>133</xmin>
         <ymin>75</ymin>
         <xmax>301</xmax>
         <ymax>299</ymax>
      </bndbox>
   </object>
   <object>
      <name>mouth</name>
      <pose>Unspecified</pose>
      <truncated>0</truncated>
      <difficult>0</difficult>
      <bndbox>
         <xmin>194</xmin>
         <ymin>247</ymin>
         <xmax>247</xmax>
         <ymax>272</ymax>
      </bndbox>
   </object>
   <object>
      <name>nose</name>
      <pose>Unspecified</pose>
      <truncated>0</truncated>
      <difficult>0</difficult>
      <bndbox>
         <xmin>195</xmin>
         <ymin>211</ymin>
         <xmax>243</xmax>
         <ymax>239</ymax>
      </bndbox>
   </object>
   <object>
      <name>leftiris</name>
      <pose>Unspecified</pose>
      <truncated>0</truncated>
      <difficult>0</difficult>
      <bndbox>
         <xmin>239.976112448405</xmin>
         <ymin>182.991400355938</ymin>
         <xmax>253.862148042498</xmax>
         <ymax>193.04244653315</ymax>
      </bndbox>
   </object>
   <object>
      <name>righteye</name>
      <pose>Unspecified</pose>
      <truncated>0</truncated>
      <difficult>0</difficult>
      <bndbox>
         <xmin>167</xmin>
         <ymin>182</ymin>
         <xmax>203</xmax>
         <ymax>197</ymax>
      </bndbox>
   </object>
   <object>
      <name>lefteye</name>
      <pose>Unspecified</pose>
      <truncated>0</truncated>
      <difficult>0</difficult>
      <bndbox>
         <xmin>231.79545977202</xmin>
         <ymin>180.27352017439</ymin>
         <xmax>267.374895354195</xmax>
         <ymax>195.521849709609</ymax>
      </bndbox>
   </object>
   <object>
      <name>rightiris</name>
      <pose>Unspecified</pose>
      <truncated>0</truncated>
      <difficult>0</difficult>
      <bndbox>
         <xmin>181.39432672748</xmin>
         <ymin>185.867700459558</ymin>
         <xmax>193.39432672748</xmax>
         <ymax>194.867700459558</ymax>
      </bndbox>
   </object>
</annotation>
