<annotation>
   <folder>416multip416</folder>
   <filename>0339.jpg</filename>
   <path>E:\416multip416\0339.jpg</path>
   <source>
      <database>Unknow</database>
   </source>
   <size>
      <width>416</width>
      <height>416</height>
      <depth>3</depth>
   </size>
   <segmented>0</segmented>
   <object>
      <name>head</name>
      <pose>Unspecified</pose>
      <truncated>0</truncated>
      <difficult>0</difficult>
      <bndbox>
         <xmin>99</xmin>
         <ymin>24</ymin>
         <xmax>293</xmax>
         <ymax>283</ymax>
      </bndbox>
   </object>
   <object>
      <name>mouth</name>
      <pose>Unspecified</pose>
      <truncated>0</truncated>
      <difficult>0</difficult>
      <bndbox>
         <xmin>181</xmin>
         <ymin>225</ymin>
         <xmax>231</xmax>
         <ymax>246</ymax>
      </bndbox>
   </object>
   <object>
      <name>nose</name>
      <pose>Unspecified</pose>
      <truncated>0</truncated>
      <difficult>0</difficult>
      <bndbox>
         <xmin>185</xmin>
         <ymin>193</ymin>
         <xmax>228</xmax>
         <ymax>219</ymax>
      </bndbox>
   </object>
   <object>
      <name>leftiris</name>
      <pose>Unspecified</pose>
      <truncated>0</truncated>
      <difficult>0</difficult>
      <bndbox>
         <xmin>227.786384326283</xmin>
         <ymin>157.062087740072</ymin>
         <xmax>240.386354066447</xmax>
         <ymax>167.295418608317</ymax>
      </bndbox>
   </object>
   <object>
      <name>righteye</name>
      <pose>Unspecified</pose>
      <truncated>0</truncated>
      <difficult>0</difficult>
      <bndbox>
         <xmin>153</xmin>
         <ymin>160</ymin>
         <xmax>188</xmax>
         <ymax>174</ymax>
      </bndbox>
   </object>
   <object>
      <name>lefteye</name>
      <pose>Unspecified</pose>
      <truncated>0</truncated>
      <difficult>0</difficult>
      <bndbox>
         <xmin>222.222571855205</xmin>
         <ymin>154.148381236803</ymin>
         <xmax>252.262178586304</xmax>
         <ymax>170.826069141247</ymax>
      </bndbox>
   </object>
   <object>
      <name>rightiris</name>
      <pose>Unspecified</pose>
      <truncated>0</truncated>
      <difficult>0</difficult>
      <bndbox>
         <xmin>165.600756414374</xmin>
         <ymin>162.987110447459</ymin>
         <xmax>179.241906200697</xmax>
         <ymax>172.430910292579</ymax>
      </bndbox>
   </object>
</annotation>
