<annotation>
   <folder>416multip416</folder>
   <filename>0340.jpg</filename>
   <path>E:\416multip416\0340.jpg</path>
   <source>
      <database>Unknow</database>
   </source>
   <size>
      <width>416</width>
      <height>416</height>
      <depth>3</depth>
   </size>
   <segmented>0</segmented>
   <object>
      <name>head</name>
      <pose>Unspecified</pose>
      <truncated>0</truncated>
      <difficult>0</difficult>
      <bndbox>
         <xmin>38</xmin>
         <ymin>2</ymin>
         <xmax>279</xmax>
         <ymax>290</ymax>
      </bndbox>
   </object>
   <object>
      <name>mouth</name>
      <pose>Unspecified</pose>
      <truncated>0</truncated>
      <difficult>0</difficult>
      <bndbox>
         <xmin>134</xmin>
         <ymin>212</ymin>
         <xmax>193</xmax>
         <ymax>245</ymax>
      </bndbox>
   </object>
   <object>
      <name>nose</name>
      <pose>Unspecified</pose>
      <truncated>0</truncated>
      <difficult>0</difficult>
      <bndbox>
         <xmin>137</xmin>
         <ymin>171</ymin>
         <xmax>188</xmax>
         <ymax>203</ymax>
      </bndbox>
   </object>
   <object>
      <name>leftiris</name>
      <pose>Unspecified</pose>
      <truncated>0</truncated>
      <difficult>0</difficult>
      <bndbox>
         <xmin>197.896096905464</xmin>
         <ymin>139.641936460533</ymin>
         <xmax>215.203970895441</xmax>
         <ymax>148.349323785888</ymax>
      </bndbox>
   </object>
   <object>
      <name>righteye</name>
      <pose>Unspecified</pose>
      <truncated>0</truncated>
      <difficult>0</difficult>
      <bndbox>
         <xmin>96</xmin>
         <ymin>137</ymin>
         <xmax>144</xmax>
         <ymax>151</ymax>
      </bndbox>
   </object>
   <object>
      <name>lefteye</name>
      <pose>Unspecified</pose>
      <truncated>0</truncated>
      <difficult>0</difficult>
      <bndbox>
         <xmin>188.403123668196</xmin>
         <ymin>137.115435726564</ymin>
         <xmax>230.610445948229</xmax>
         <ymax>151.559006088552</ymax>
      </bndbox>
   </object>
   <object>
      <name>rightiris</name>
      <pose>Unspecified</pose>
      <truncated>0</truncated>
      <difficult>0</difficult>
      <bndbox>
         <xmin>114.41994659179</xmin>
         <ymin>138.728229957264</ymin>
         <xmax>131.270778680776</xmax>
         <ymax>147.546903210222</ymax>
      </bndbox>
   </object>
</annotation>
