<annotation>
   <folder>416multip416</folder>
   <filename>0341.jpg</filename>
   <path>E:\416multip416\0341.jpg</path>
   <source>
      <database>Unknow</database>
   </source>
   <size>
      <width>416</width>
      <height>416</height>
      <depth>3</depth>
   </size>
   <segmented>0</segmented>
   <object>
      <name>head</name>
      <pose>Unspecified</pose>
      <truncated>0</truncated>
      <difficult>0</difficult>
      <bndbox>
         <xmin>28</xmin>
         <ymin>27</ymin>
         <xmax>279</xmax>
         <ymax>301</ymax>
      </bndbox>
   </object>
   <object>
      <name>mouth</name>
      <pose>Unspecified</pose>
      <truncated>0</truncated>
      <difficult>0</difficult>
      <bndbox>
         <xmin>109</xmin>
         <ymin>268</ymin>
         <xmax>174</xmax>
         <ymax>296</ymax>
      </bndbox>
   </object>
   <object>
      <name>nose</name>
      <pose>Unspecified</pose>
      <truncated>0</truncated>
      <difficult>0</difficult>
      <bndbox>
         <xmin>115</xmin>
         <ymin>225</ymin>
         <xmax>171</xmax>
         <ymax>259</ymax>
      </bndbox>
   </object>
   <object>
      <name>leftiris</name>
      <pose>Unspecified</pose>
      <truncated>0</truncated>
      <difficult>0</difficult>
      <bndbox>
         <xmin>176.159319089466</xmin>
         <ymin>185.539237920921</ymin>
         <xmax>196.214680595319</xmax>
         <ymax>198.426240166103</ymax>
      </bndbox>
   </object>
   <object>
      <name>righteye</name>
      <pose>Unspecified</pose>
      <truncated>0</truncated>
      <difficult>0</difficult>
      <bndbox>
         <xmin>78</xmin>
         <ymin>183</ymin>
         <xmax>122</xmax>
         <ymax>202</ymax>
      </bndbox>
   </object>
   <object>
      <name>lefteye</name>
      <pose>Unspecified</pose>
      <truncated>0</truncated>
      <difficult>0</difficult>
      <bndbox>
         <xmin>166.451653234082</xmin>
         <ymin>182.905643075888</ymin>
         <xmax>209.544134566916</xmax>
         <ymax>201.530359584146</ymax>
      </bndbox>
   </object>
   <object>
      <name>rightiris</name>
      <pose>Unspecified</pose>
      <truncated>0</truncated>
      <difficult>0</difficult>
      <bndbox>
         <xmin>95.9698829185152</xmin>
         <ymin>187.112667276777</ymin>
         <xmax>115.872766245968</xmax>
         <ymax>198.974025945758</ymax>
      </bndbox>
   </object>
</annotation>
