<annotation>
   <folder>416multip416</folder>
   <filename>0342.jpg</filename>
   <path>E:\416multip416\0342.jpg</path>
   <source>
      <database>Unknow</database>
   </source>
   <size>
      <width>416</width>
      <height>416</height>
      <depth>3</depth>
   </size>
   <segmented>0</segmented>
   <object>
      <name>head</name>
      <pose>Unspecified</pose>
      <truncated>0</truncated>
      <difficult>0</difficult>
      <bndbox>
         <xmin>25</xmin>
         <ymin>54</ymin>
         <xmax>252</xmax>
         <ymax>301</ymax>
      </bndbox>
   </object>
   <object>
      <name>nose</name>
      <pose>Unspecified</pose>
      <truncated>0</truncated>
      <difficult>0</difficult>
      <bndbox>
         <xmin>106</xmin>
         <ymin>254</ymin>
         <xmax>165</xmax>
         <ymax>288</ymax>
      </bndbox>
   </object>
   <object>
      <name>leftiris</name>
      <pose>Unspecified</pose>
      <truncated>0</truncated>
      <difficult>0</difficult>
      <bndbox>
         <xmin>171.176414806933</xmin>
         <ymin>215.550723964374</ymin>
         <xmax>189.144901622489</xmax>
         <ymax>229.062773195855</ymax>
      </bndbox>
   </object>
   <object>
      <name>righteye</name>
      <pose>Unspecified</pose>
      <truncated>0</truncated>
      <difficult>0</difficult>
      <bndbox>
         <xmin>71</xmin>
         <ymin>212</ymin>
         <xmax>116</xmax>
         <ymax>230</ymax>
      </bndbox>
   </object>
   <object>
      <name>lefteye</name>
      <pose>Unspecified</pose>
      <truncated>0</truncated>
      <difficult>0</difficult>
      <bndbox>
         <xmin>159.929660040907</xmin>
         <ymin>213.359580845755</ymin>
         <xmax>205.943665531899</xmax>
         <ymax>231.071321054589</ymax>
      </bndbox>
   </object>
   <object>
      <name>rightiris</name>
      <pose>Unspecified</pose>
      <truncated>0</truncated>
      <difficult>0</difficult>
      <bndbox>
         <xmin>87.0574676053541</xmin>
         <ymin>214.089961885295</ymin>
         <xmax>106.24665363475</xmax>
         <ymax>226.689034817352</ymax>
      </bndbox>
   </object>
</annotation>
