<annotation>
   <folder>416multip416</folder>
   <filename>0343.jpg</filename>
   <path>E:\416multip416\0343.jpg</path>
   <source>
      <database>Unknow</database>
   </source>
   <size>
      <width>416</width>
      <height>416</height>
      <depth>3</depth>
   </size>
   <segmented>0</segmented>
   <object>
      <name>head</name>
      <pose>Unspecified</pose>
      <truncated>0</truncated>
      <difficult>0</difficult>
      <bndbox>
         <xmin>7</xmin>
         <ymin>2</ymin>
         <xmax>252</xmax>
         <ymax>300</ymax>
      </bndbox>
   </object>
   <object>
      <name>mouth</name>
      <pose>Unspecified</pose>
      <truncated>0</truncated>
      <difficult>0</difficult>
      <bndbox>
         <xmin>94</xmin>
         <ymin>233</ymin>
         <xmax>159</xmax>
         <ymax>264</ymax>
      </bndbox>
   </object>
   <object>
      <name>nose</name>
      <pose>Unspecified</pose>
      <truncated>0</truncated>
      <difficult>0</difficult>
      <bndbox>
         <xmin>96</xmin>
         <ymin>189</ymin>
         <xmax>152</xmax>
         <ymax>220</ymax>
      </bndbox>
   </object>
   <object>
      <name>leftiris</name>
      <pose>Unspecified</pose>
      <truncated>0</truncated>
      <difficult>0</difficult>
      <bndbox>
         <xmin>156.906795846473</xmin>
         <ymin>144.486450831574</ymin>
         <xmax>175.906795846473</xmax>
         <ymax>158.486450831574</ymax>
      </bndbox>
   </object>
   <object>
      <name>righteye</name>
      <pose>Unspecified</pose>
      <truncated>0</truncated>
      <difficult>0</difficult>
      <bndbox>
         <xmin>54</xmin>
         <ymin>141</ymin>
         <xmax>102</xmax>
         <ymax>162</ymax>
      </bndbox>
   </object>
   <object>
      <name>lefteye</name>
      <pose>Unspecified</pose>
      <truncated>0</truncated>
      <difficult>0</difficult>
      <bndbox>
         <xmin>150.336891789906</xmin>
         <ymin>141.042814592944</ymin>
         <xmax>195.700401667558</xmax>
         <ymax>162.783062722988</ymax>
      </bndbox>
   </object>
   <object>
      <name>rightiris</name>
      <pose>Unspecified</pose>
      <truncated>0</truncated>
      <difficult>0</difficult>
      <bndbox>
         <xmin>71.9676247360628</xmin>
         <ymin>144.621942515836</ymin>
         <xmax>90.4228221401774</xmax>
         <ymax>160.044133824715</ymax>
      </bndbox>
   </object>
</annotation>
