<annotation>
   <folder>416multip416</folder>
   <filename>0344.jpg</filename>
   <path>E:\416multip416\0344.jpg</path>
   <source>
      <database>Unknow</database>
   </source>
   <size>
      <width>416</width>
      <height>416</height>
      <depth>3</depth>
   </size>
   <segmented>0</segmented>
   <object>
      <name>head</name>
      <pose>Unspecified</pose>
      <truncated>0</truncated>
      <difficult>0</difficult>
      <bndbox>
         <xmin>35</xmin>
         <ymin>2</ymin>
         <xmax>314</xmax>
         <ymax>300</ymax>
      </bndbox>
   </object>
   <object>
      <name>mouth</name>
      <pose>Unspecified</pose>
      <truncated>0</truncated>
      <difficult>0</difficult>
      <bndbox>
         <xmin>125</xmin>
         <ymin>237</ymin>
         <xmax>205</xmax>
         <ymax>273</ymax>
      </bndbox>
   </object>
   <object>
      <name>nose</name>
      <pose>Unspecified</pose>
      <truncated>0</truncated>
      <difficult>0</difficult>
      <bndbox>
         <xmin>133</xmin>
         <ymin>194</ymin>
         <xmax>191</xmax>
         <ymax>228</ymax>
      </bndbox>
   </object>
   <object>
      <name>leftiris</name>
      <pose>Unspecified</pose>
      <truncated>0</truncated>
      <difficult>0</difficult>
      <bndbox>
         <xmin>198.435859645996</xmin>
         <ymin>151.549240540306</ymin>
         <xmax>216.105077239468</xmax>
         <ymax>165.085158450062</ymax>
      </bndbox>
   </object>
   <object>
      <name>righteye</name>
      <pose>Unspecified</pose>
      <truncated>0</truncated>
      <difficult>0</difficult>
      <bndbox>
         <xmin>92</xmin>
         <ymin>151</ymin>
         <xmax>137</xmax>
         <ymax>172</ymax>
      </bndbox>
   </object>
   <object>
      <name>lefteye</name>
      <pose>Unspecified</pose>
      <truncated>0</truncated>
      <difficult>0</difficult>
      <bndbox>
         <xmin>188.336059333614</xmin>
         <ymin>145.912656162149</ymin>
         <xmax>234.726667548118</xmax>
         <ymax>169.364734853614</ymax>
      </bndbox>
   </object>
   <object>
      <name>rightiris</name>
      <pose>Unspecified</pose>
      <truncated>0</truncated>
      <difficult>0</difficult>
      <bndbox>
         <xmin>112.501965462671</xmin>
         <ymin>155.387969750962</ymin>
         <xmax>130.305003301448</xmax>
         <ymax>168.337636516762</ymax>
      </bndbox>
   </object>
</annotation>
