<annotation>
   <folder>416multip416</folder>
   <filename>0346.jpg</filename>
   <path>E:\416multip416\0346.jpg</path>
   <source>
      <database>Unknow</database>
   </source>
   <size>
      <width>416</width>
      <height>416</height>
      <depth>3</depth>
   </size>
   <segmented>0</segmented>
   <object>
      <name>head</name>
      <pose>Unspecified</pose>
      <truncated>0</truncated>
      <difficult>0</difficult>
      <bndbox>
         <xmin>53</xmin>
         <ymin>88</ymin>
         <xmax>314</xmax>
         <ymax>301</ymax>
      </bndbox>
   </object>
   <object>
      <name>leftiris</name>
      <pose>Unspecified</pose>
      <truncated>0</truncated>
      <difficult>0</difficult>
      <bndbox>
         <xmin>212.518809154401</xmin>
         <ymin>256.430821985364</ymin>
         <xmax>230.518809154401</xmax>
         <ymax>268.430821985364</ymax>
      </bndbox>
   </object>
   <object>
      <name>righteye</name>
      <pose>Unspecified</pose>
      <truncated>0</truncated>
      <difficult>0</difficult>
      <bndbox>
         <xmin>115</xmin>
         <ymin>255</ymin>
         <xmax>160</xmax>
         <ymax>274</ymax>
      </bndbox>
   </object>
   <object>
      <name>lefteye</name>
      <pose>Unspecified</pose>
      <truncated>0</truncated>
      <difficult>0</difficult>
      <bndbox>
         <xmin>204.040131170924</xmin>
         <ymin>251.193391341929</ymin>
         <xmax>249.141160362491</xmax>
         <ymax>272.557036748461</ymax>
      </bndbox>
   </object>
   <object>
      <name>rightiris</name>
      <pose>Unspecified</pose>
      <truncated>0</truncated>
      <difficult>0</difficult>
      <bndbox>
         <xmin>133.78336677108</xmin>
         <ymin>259.135491684262</ymin>
         <xmax>151.757587665999</xmax>
         <ymax>270.661896970962</ymax>
      </bndbox>
   </object>
</annotation>
