<annotation>
   <folder>416multip416</folder>
   <filename>0347.jpg</filename>
   <path>E:\416multip416\0347.jpg</path>
   <source>
      <database>Unknow</database>
   </source>
   <size>
      <width>416</width>
      <height>416</height>
      <depth>3</depth>
   </size>
   <segmented>0</segmented>
   <object>
      <name>head</name>
      <pose>Unspecified</pose>
      <truncated>0</truncated>
      <difficult>0</difficult>
      <bndbox>
         <xmin>25</xmin>
         <ymin>18</ymin>
         <xmax>273</xmax>
         <ymax>301</ymax>
      </bndbox>
   </object>
   <object>
      <name>mouth</name>
      <pose>Unspecified</pose>
      <truncated>0</truncated>
      <difficult>0</difficult>
      <bndbox>
         <xmin>115</xmin>
         <ymin>234</ymin>
         <xmax>176</xmax>
         <ymax>267</ymax>
      </bndbox>
   </object>
   <object>
      <name>nose</name>
      <pose>Unspecified</pose>
      <truncated>0</truncated>
      <difficult>0</difficult>
      <bndbox>
         <xmin>113</xmin>
         <ymin>193</ymin>
         <xmax>171</xmax>
         <ymax>226</ymax>
      </bndbox>
   </object>
   <object>
      <name>leftiris</name>
      <pose>Unspecified</pose>
      <truncated>0</truncated>
      <difficult>0</difficult>
      <bndbox>
         <xmin>172.34236013856</xmin>
         <ymin>155.884568830129</ymin>
         <xmax>191.34236013856</xmax>
         <ymax>168.817717048709</ymax>
      </bndbox>
   </object>
   <object>
      <name>righteye</name>
      <pose>Unspecified</pose>
      <truncated>0</truncated>
      <difficult>0</difficult>
      <bndbox>
         <xmin>77</xmin>
         <ymin>156</ymin>
         <xmax>123</xmax>
         <ymax>177</ymax>
      </bndbox>
   </object>
   <object>
      <name>lefteye</name>
      <pose>Unspecified</pose>
      <truncated>0</truncated>
      <difficult>0</difficult>
      <bndbox>
         <xmin>161.761528842095</xmin>
         <ymin>149.860530948599</ymin>
         <xmax>207.499501655058</xmax>
         <ymax>172.879971213018</ymax>
      </bndbox>
   </object>
   <object>
      <name>rightiris</name>
      <pose>Unspecified</pose>
      <truncated>0</truncated>
      <difficult>0</difficult>
      <bndbox>
         <xmin>92.7912253488064</xmin>
         <ymin>160.522692896869</ymin>
         <xmax>111.209032575136</xmax>
         <ymax>173.481786644767</ymax>
      </bndbox>
   </object>
</annotation>
