<annotation>
   <folder>416multip416</folder>
   <filename>0348.jpg</filename>
   <path>E:\416multip416\0348.jpg</path>
   <source>
      <database>Unknow</database>
   </source>
   <size>
      <width>416</width>
      <height>416</height>
      <depth>3</depth>
   </size>
   <segmented>0</segmented>
   <object>
      <name>head</name>
      <pose>Unspecified</pose>
      <truncated>0</truncated>
      <difficult>0</difficult>
      <bndbox>
         <xmin>45</xmin>
         <ymin>2</ymin>
         <xmax>298</xmax>
         <ymax>301</ymax>
      </bndbox>
   </object>
   <object>
      <name>mouth</name>
      <pose>Unspecified</pose>
      <truncated>0</truncated>
      <difficult>0</difficult>
      <bndbox>
         <xmin>132</xmin>
         <ymin>219</ymin>
         <xmax>201</xmax>
         <ymax>255</ymax>
      </bndbox>
   </object>
   <object>
      <name>nose</name>
      <pose>Unspecified</pose>
      <truncated>0</truncated>
      <difficult>0</difficult>
      <bndbox>
         <xmin>137</xmin>
         <ymin>178</ymin>
         <xmax>192</xmax>
         <ymax>208</ymax>
      </bndbox>
   </object>
   <object>
      <name>leftiris</name>
      <pose>Unspecified</pose>
      <truncated>0</truncated>
      <difficult>0</difficult>
      <bndbox>
         <xmin>200.951650105051</xmin>
         <ymin>139.10839334741</ymin>
         <xmax>217.556406550833</xmax>
         <ymax>149.232659160219</ymax>
      </bndbox>
   </object>
   <object>
      <name>righteye</name>
      <pose>Unspecified</pose>
      <truncated>0</truncated>
      <difficult>0</difficult>
      <bndbox>
         <xmin>98</xmin>
         <ymin>133</ymin>
         <xmax>145</xmax>
         <ymax>150</ymax>
      </bndbox>
   </object>
   <object>
      <name>lefteye</name>
      <pose>Unspecified</pose>
      <truncated>0</truncated>
      <difficult>0</difficult>
      <bndbox>
         <xmin>191.365398961094</xmin>
         <ymin>136.393929949563</ymin>
         <xmax>233.989979940473</xmax>
         <ymax>152.142771114634</ymax>
      </bndbox>
   </object>
   <object>
      <name>rightiris</name>
      <pose>Unspecified</pose>
      <truncated>0</truncated>
      <difficult>0</difficult>
      <bndbox>
         <xmin>117.07195259543</xmin>
         <ymin>135.486450831574</ymin>
         <xmax>133.676709041212</xmax>
         <ymax>146.322547205803</ymax>
      </bndbox>
   </object>
</annotation>
