<annotation>
   <folder>416multip416</folder>
   <filename>0349.jpg</filename>
   <path>E:\416multip416\0349.jpg</path>
   <source>
      <database>Unknow</database>
   </source>
   <size>
      <width>416</width>
      <height>416</height>
      <depth>3</depth>
   </size>
   <segmented>0</segmented>
   <object>
      <name>head</name>
      <pose>Unspecified</pose>
      <truncated>0</truncated>
      <difficult>0</difficult>
      <bndbox>
         <xmin>23</xmin>
         <ymin>78</ymin>
         <xmax>263</xmax>
         <ymax>300</ymax>
      </bndbox>
   </object>
   <object>
      <name>nose</name>
      <pose>Unspecified</pose>
      <truncated>0</truncated>
      <difficult>0</difficult>
      <bndbox>
         <xmin>111</xmin>
         <ymin>279</ymin>
         <xmax>172</xmax>
         <ymax>300</ymax>
      </bndbox>
   </object>
   <object>
      <name>leftiris</name>
      <pose>Unspecified</pose>
      <truncated>0</truncated>
      <difficult>0</difficult>
      <bndbox>
         <xmin>174.439636990935</xmin>
         <ymin>237.818948877233</ymin>
         <xmax>190.439636990935</xmax>
         <ymax>250.457072943973</ymax>
      </bndbox>
   </object>
   <object>
      <name>righteye</name>
      <pose>Unspecified</pose>
      <truncated>0</truncated>
      <difficult>0</difficult>
      <bndbox>
         <xmin>79</xmin>
         <ymin>238</ymin>
         <xmax>122</xmax>
         <ymax>255</ymax>
      </bndbox>
   </object>
   <object>
      <name>lefteye</name>
      <pose>Unspecified</pose>
      <truncated>0</truncated>
      <difficult>0</difficult>
      <bndbox>
         <xmin>164.780319086967</xmin>
         <ymin>235.11077943436</ymin>
         <xmax>205.402860730059</xmax>
         <ymax>253.315696244783</ymax>
      </bndbox>
   </object>
   <object>
      <name>rightiris</name>
      <pose>Unspecified</pose>
      <truncated>0</truncated>
      <difficult>0</difficult>
      <bndbox>
         <xmin>93.985779053558</xmin>
         <ymin>240.664069596059</ymin>
         <xmax>111.670107235073</xmax>
         <ymax>252.412973097159</ymax>
      </bndbox>
   </object>
</annotation>
