<annotation>
   <folder>416multip416</folder>
   <filename>0350.jpg</filename>
   <path>E:\416multip416\0350.jpg</path>
   <source>
      <database>Unknow</database>
   </source>
   <size>
      <width>416</width>
      <height>416</height>
      <depth>3</depth>
   </size>
   <segmented>0</segmented>
   <object>
      <name>head</name>
      <pose>Unspecified</pose>
      <truncated>0</truncated>
      <difficult>0</difficult>
      <bndbox>
         <xmin>2</xmin>
         <ymin>60</ymin>
         <xmax>212</xmax>
         <ymax>301</ymax>
      </bndbox>
   </object>
   <object>
      <name>mouth</name>
      <pose>Unspecified</pose>
      <truncated>0</truncated>
      <difficult>0</difficult>
      <bndbox>
         <xmin>69</xmin>
         <ymin>292</ymin>
         <xmax>118</xmax>
         <ymax>301</ymax>
      </bndbox>
   </object>
   <object>
      <name>nose</name>
      <pose>Unspecified</pose>
      <truncated>0</truncated>
      <difficult>0</difficult>
      <bndbox>
         <xmin>65</xmin>
         <ymin>250</ymin>
         <xmax>125</xmax>
         <ymax>283</ymax>
      </bndbox>
   </object>
   <object>
      <name>leftiris</name>
      <pose>Unspecified</pose>
      <truncated>0</truncated>
      <difficult>0</difficult>
      <bndbox>
         <xmin>125.492813996497</xmin>
         <ymin>205.079122534881</ymin>
         <xmax>143.968928406898</xmax>
         <ymax>221.810534516689</ymax>
      </bndbox>
   </object>
   <object>
      <name>righteye</name>
      <pose>Unspecified</pose>
      <truncated>0</truncated>
      <difficult>0</difficult>
      <bndbox>
         <xmin>27</xmin>
         <ymin>208</ymin>
         <xmax>75</xmax>
         <ymax>230</ymax>
      </bndbox>
   </object>
   <object>
      <name>lefteye</name>
      <pose>Unspecified</pose>
      <truncated>0</truncated>
      <difficult>0</difficult>
      <bndbox>
         <xmin>116.435872404358</xmin>
         <ymin>201.649717553081</ymin>
         <xmax>162.474752933195</xmax>
         <ymax>225.270973249249</ymax>
      </bndbox>
   </object>
   <object>
      <name>rightiris</name>
      <pose>Unspecified</pose>
      <truncated>0</truncated>
      <difficult>0</difficult>
      <bndbox>
         <xmin>45.1894099170569</xmin>
         <ymin>210.823600612744</ymin>
         <xmax>63.6265682683385</xmax>
         <ymax>225.872788680998</ymax>
      </bndbox>
   </object>
</annotation>
