<annotation>
   <folder>416multip416</folder>
   <filename>0351.jpg</filename>
   <path>E:\416multip416\0351.jpg</path>
   <source>
      <database>Unknow</database>
   </source>
   <size>
      <width>416</width>
      <height>416</height>
      <depth>3</depth>
   </size>
   <segmented>0</segmented>
   <object>
      <name>head</name>
      <pose>Unspecified</pose>
      <truncated>0</truncated>
      <difficult>0</difficult>
      <bndbox>
         <xmin>1</xmin>
         <ymin>14</ymin>
         <xmax>232</xmax>
         <ymax>301</ymax>
      </bndbox>
   </object>
   <object>
      <name>mouth</name>
      <pose>Unspecified</pose>
      <truncated>0</truncated>
      <difficult>0</difficult>
      <bndbox>
         <xmin>44</xmin>
         <ymin>239</ymin>
         <xmax>114</xmax>
         <ymax>273</ymax>
      </bndbox>
   </object>
   <object>
      <name>nose</name>
      <pose>Unspecified</pose>
      <truncated>0</truncated>
      <difficult>0</difficult>
      <bndbox>
         <xmin>50</xmin>
         <ymin>191</ymin>
         <xmax>109</xmax>
         <ymax>231</ymax>
      </bndbox>
   </object>
   <object>
      <name>leftiris</name>
      <pose>Unspecified</pose>
      <truncated>0</truncated>
      <difficult>0</difficult>
      <bndbox>
         <xmin>110.19285937907</xmin>
         <ymin>161.629833582203</ymin>
         <xmax>130.19285937907</xmax>
         <ymax>175.442910685706</ymax>
      </bndbox>
   </object>
   <object>
      <name>righteye</name>
      <pose>Unspecified</pose>
      <truncated>0</truncated>
      <difficult>0</difficult>
      <bndbox>
         <xmin>16</xmin>
         <ymin>158</ymin>
         <xmax>61</xmax>
         <ymax>179</ymax>
      </bndbox>
   </object>
   <object>
      <name>lefteye</name>
      <pose>Unspecified</pose>
      <truncated>0</truncated>
      <difficult>0</difficult>
      <bndbox>
         <xmin>99.3924040776925</xmin>
         <ymin>158.59207859672</ymin>
         <xmax>147.056186272254</xmax>
         <ymax>178.65259298837</ymax>
      </bndbox>
   </object>
   <object>
      <name>rightiris</name>
      <pose>Unspecified</pose>
      <truncated>0</truncated>
      <difficult>0</difficult>
      <bndbox>
         <xmin>32.7914962974135</xmin>
         <ymin>163.654039338863</ymin>
         <xmax>53.1729789193302</xmax>
         <ymax>177.368720067305</ymax>
      </bndbox>
   </object>
</annotation>
