<annotation>
   <folder>416multip416</folder>
   <filename>0352.jpg</filename>
   <path>E:\416multip416\0352.jpg</path>
   <source>
      <database>Unknow</database>
   </source>
   <size>
      <width>416</width>
      <height>416</height>
      <depth>3</depth>
   </size>
   <segmented>0</segmented>
   <object>
      <name>head</name>
      <pose>Unspecified</pose>
      <truncated>0</truncated>
      <difficult>0</difficult>
      <bndbox>
         <xmin>18</xmin>
         <ymin>22</ymin>
         <xmax>277</xmax>
         <ymax>301</ymax>
      </bndbox>
   </object>
   <object>
      <name>mouth</name>
      <pose>Unspecified</pose>
      <truncated>0</truncated>
      <difficult>0</difficult>
      <bndbox>
         <xmin>103</xmin>
         <ymin>274</ymin>
         <xmax>176</xmax>
         <ymax>300</ymax>
      </bndbox>
   </object>
   <object>
      <name>nose</name>
      <pose>Unspecified</pose>
      <truncated>0</truncated>
      <difficult>0</difficult>
      <bndbox>
         <xmin>113</xmin>
         <ymin>225</ymin>
         <xmax>170</xmax>
         <ymax>259</ymax>
      </bndbox>
   </object>
   <object>
      <name>leftiris</name>
      <pose>Unspecified</pose>
      <truncated>0</truncated>
      <difficult>0</difficult>
      <bndbox>
         <xmin>173.192212982851</xmin>
         <ymin>181.688939287421</ymin>
         <xmax>190.671197229163</xmax>
         <ymax>193.493056409997</ymax>
      </bndbox>
   </object>
   <object>
      <name>righteye</name>
      <pose>Unspecified</pose>
      <truncated>0</truncated>
      <difficult>0</difficult>
      <bndbox>
         <xmin>74</xmin>
         <ymin>182</ymin>
         <xmax>120</xmax>
         <ymax>201</ymax>
      </bndbox>
   </object>
   <object>
      <name>lefteye</name>
      <pose>Unspecified</pose>
      <truncated>0</truncated>
      <difficult>0</difficult>
      <bndbox>
         <xmin>162.28774475342</xmin>
         <ymin>179.274972173627</ymin>
         <xmax>205.084049742744</xmax>
         <ymax>196.804117122577</ymax>
      </bndbox>
   </object>
   <object>
      <name>rightiris</name>
      <pose>Unspecified</pose>
      <truncated>0</truncated>
      <difficult>0</difficult>
      <bndbox>
         <xmin>90.5603027429421</xmin>
         <ymin>184.533715658312</ymin>
         <xmax>108.868520800734</xmax>
         <ymax>197.777958508629</ymax>
      </bndbox>
   </object>
</annotation>
