<annotation>
   <folder>416multip416</folder>
   <filename>0353.jpg</filename>
   <path>E:\416multip416\0353.jpg</path>
   <source>
      <database>Unknow</database>
   </source>
   <size>
      <width>416</width>
      <height>416</height>
      <depth>3</depth>
   </size>
   <segmented>0</segmented>
   <object>
      <name>head</name>
      <pose>Unspecified</pose>
      <truncated>0</truncated>
      <difficult>0</difficult>
      <bndbox>
         <xmin>2</xmin>
         <ymin>3</ymin>
         <xmax>284</xmax>
         <ymax>301</ymax>
      </bndbox>
   </object>
   <object>
      <name>mouth</name>
      <pose>Unspecified</pose>
      <truncated>0</truncated>
      <difficult>0</difficult>
      <bndbox>
         <xmin>95</xmin>
         <ymin>241</ymin>
         <xmax>171</xmax>
         <ymax>277</ymax>
      </bndbox>
   </object>
   <object>
      <name>nose</name>
      <pose>Unspecified</pose>
      <truncated>0</truncated>
      <difficult>0</difficult>
      <bndbox>
         <xmin>105</xmin>
         <ymin>200</ymin>
         <xmax>164</xmax>
         <ymax>236</ymax>
      </bndbox>
   </object>
   <object>
      <name>leftiris</name>
      <pose>Unspecified</pose>
      <truncated>0</truncated>
      <difficult>0</difficult>
      <bndbox>
         <xmin>168.750126375441</xmin>
         <ymin>164.278166819194</ymin>
         <xmax>185.881152270272</xmax>
         <ymax>177.278166819194</ymax>
      </bndbox>
   </object>
   <object>
      <name>righteye</name>
      <pose>Unspecified</pose>
      <truncated>0</truncated>
      <difficult>0</difficult>
      <bndbox>
         <xmin>71</xmin>
         <ymin>160</ymin>
         <xmax>117</xmax>
         <ymax>179</ymax>
      </bndbox>
   </object>
   <object>
      <name>lefteye</name>
      <pose>Unspecified</pose>
      <truncated>0</truncated>
      <difficult>0</difficult>
      <bndbox>
         <xmin>160.168149160851</xmin>
         <ymin>162.598188162158</ymin>
         <xmax>201.799868414605</xmax>
         <ymax>181.405499930301</ymax>
      </bndbox>
   </object>
   <object>
      <name>rightiris</name>
      <pose>Unspecified</pose>
      <truncated>0</truncated>
      <difficult>0</difficult>
      <bndbox>
         <xmin>89.1385930656294</xmin>
         <ymin>163.876354981352</ymin>
         <xmax>106.667738014579</xmax>
         <ymax>175.74504687387</ymax>
      </bndbox>
   </object>
</annotation>
