<annotation>
   <folder>416multip416</folder>
   <filename>0354.jpg</filename>
   <path>E:\416multip416\0354.jpg</path>
   <source>
      <database>Unknow</database>
   </source>
   <size>
      <width>416</width>
      <height>416</height>
      <depth>3</depth>
   </size>
   <segmented>0</segmented>
   <object>
      <name>head</name>
      <pose>Unspecified</pose>
      <truncated>0</truncated>
      <difficult>0</difficult>
      <bndbox>
         <xmin>32</xmin>
         <ymin>36</ymin>
         <xmax>292</xmax>
         <ymax>301</ymax>
      </bndbox>
   </object>
   <object>
      <name>mouth</name>
      <pose>Unspecified</pose>
      <truncated>0</truncated>
      <difficult>0</difficult>
      <bndbox>
         <xmin>120</xmin>
         <ymin>275</ymin>
         <xmax>194</xmax>
         <ymax>300</ymax>
      </bndbox>
   </object>
   <object>
      <name>nose</name>
      <pose>Unspecified</pose>
      <truncated>0</truncated>
      <difficult>0</difficult>
      <bndbox>
         <xmin>132</xmin>
         <ymin>231</ymin>
         <xmax>186</xmax>
         <ymax>265</ymax>
      </bndbox>
   </object>
   <object>
      <name>leftiris</name>
      <pose>Unspecified</pose>
      <truncated>0</truncated>
      <difficult>0</difficult>
      <bndbox>
         <xmin>189.57134623719</xmin>
         <ymin>200.579848720461</ymin>
         <xmax>206.743146556443</xmax>
         <ymax>212.33852620603</ymax>
      </bndbox>
   </object>
   <object>
      <name>righteye</name>
      <pose>Unspecified</pose>
      <truncated>0</truncated>
      <difficult>0</difficult>
      <bndbox>
         <xmin>98</xmin>
         <ymin>190</ymin>
         <xmax>142</xmax>
         <ymax>210</ymax>
      </bndbox>
   </object>
   <object>
      <name>lefteye</name>
      <pose>Unspecified</pose>
      <truncated>0</truncated>
      <difficult>0</difficult>
      <bndbox>
         <xmin>179.942299329198</xmin>
         <ymin>197.092535268376</ymin>
         <xmax>222.791558069763</xmax>
         <ymax>216.992565544893</ymax>
      </bndbox>
   </object>
   <object>
      <name>rightiris</name>
      <pose>Unspecified</pose>
      <truncated>0</truncated>
      <difficult>0</difficult>
      <bndbox>
         <xmin>115.485385716453</xmin>
         <ymin>194.46934946707</ymin>
         <xmax>131.636580674104</xmax>
         <ymax>207.363518636901</ymax>
      </bndbox>
   </object>
</annotation>
