<annotation>
   <folder>416multip416</folder>
   <filename>0355.jpg</filename>
   <path>E:\416multip416\0355.jpg</path>
   <source>
      <database>Unknow</database>
   </source>
   <size>
      <width>416</width>
      <height>416</height>
      <depth>3</depth>
   </size>
   <segmented>0</segmented>
   <object>
      <name>head</name>
      <pose>Unspecified</pose>
      <truncated>0</truncated>
      <difficult>0</difficult>
      <bndbox>
         <xmin>25</xmin>
         <ymin>20</ymin>
         <xmax>277</xmax>
         <ymax>301</ymax>
      </bndbox>
   </object>
   <object>
      <name>mouth</name>
      <pose>Unspecified</pose>
      <truncated>0</truncated>
      <difficult>0</difficult>
      <bndbox>
         <xmin>121</xmin>
         <ymin>265</ymin>
         <xmax>188</xmax>
         <ymax>289</ymax>
      </bndbox>
   </object>
   <object>
      <name>nose</name>
      <pose>Unspecified</pose>
      <truncated>0</truncated>
      <difficult>0</difficult>
      <bndbox>
         <xmin>126</xmin>
         <ymin>225</ymin>
         <xmax>181</xmax>
         <ymax>260</ymax>
      </bndbox>
   </object>
   <object>
      <name>leftiris</name>
      <pose>Unspecified</pose>
      <truncated>0</truncated>
      <difficult>0</difficult>
      <bndbox>
         <xmin>180.588018227738</xmin>
         <ymin>180.197579424334</ymin>
         <xmax>196.588018227738</xmax>
         <ymax>195.197579424334</ymax>
      </bndbox>
   </object>
   <object>
      <name>righteye</name>
      <pose>Unspecified</pose>
      <truncated>0</truncated>
      <difficult>0</difficult>
      <bndbox>
         <xmin>89</xmin>
         <ymin>179</ymin>
         <xmax>131</xmax>
         <ymax>200</ymax>
      </bndbox>
   </object>
   <object>
      <name>lefteye</name>
      <pose>Unspecified</pose>
      <truncated>0</truncated>
      <difficult>0</difficult>
      <bndbox>
         <xmin>171.941707256405</xmin>
         <ymin>177.492435057869</ymin>
         <xmax>212.865156615372</xmax>
         <ymax>197.713433564653</ymax>
      </bndbox>
   </object>
   <object>
      <name>rightiris</name>
      <pose>Unspecified</pose>
      <truncated>0</truncated>
      <difficult>0</difficult>
      <bndbox>
         <xmin>104.559576334854</xmin>
         <ymin>181.49355522373</ymin>
         <xmax>122.03114744998</xmax>
         <ymax>196.59004475872</ymax>
      </bndbox>
   </object>
</annotation>
