<annotation>
   <folder>416multip416</folder>
   <filename>0356.jpg</filename>
   <path>E:\416multip416\0356.jpg</path>
   <source>
      <database>Unknow</database>
   </source>
   <size>
      <width>416</width>
      <height>416</height>
      <depth>3</depth>
   </size>
   <segmented>0</segmented>
   <object>
      <name>head</name>
      <pose>Unspecified</pose>
      <truncated>0</truncated>
      <difficult>0</difficult>
      <bndbox>
         <xmin>105</xmin>
         <ymin>2</ymin>
         <xmax>358</xmax>
         <ymax>289</ymax>
      </bndbox>
   </object>
   <object>
      <name>mouth</name>
      <pose>Unspecified</pose>
      <truncated>0</truncated>
      <difficult>0</difficult>
      <bndbox>
         <xmin>187</xmin>
         <ymin>198</ymin>
         <xmax>270</xmax>
         <ymax>228</ymax>
      </bndbox>
   </object>
   <object>
      <name>nose</name>
      <pose>Unspecified</pose>
      <truncated>0</truncated>
      <difficult>0</difficult>
      <bndbox>
         <xmin>201</xmin>
         <ymin>158</ymin>
         <xmax>257</xmax>
         <ymax>193</ymax>
      </bndbox>
   </object>
   <object>
      <name>leftiris</name>
      <pose>Unspecified</pose>
      <truncated>0</truncated>
      <difficult>0</difficult>
      <bndbox>
         <xmin>261.717107488505</xmin>
         <ymin>127.054196673705</ymin>
         <xmax>277.717107488505</xmax>
         <ymax>139.054196673705</ymax>
      </bndbox>
   </object>
   <object>
      <name>righteye</name>
      <pose>Unspecified</pose>
      <truncated>0</truncated>
      <difficult>0</difficult>
      <bndbox>
         <xmin>168</xmin>
         <ymin>122</ymin>
         <xmax>210</xmax>
         <ymax>140</ymax>
      </bndbox>
   </object>
   <object>
      <name>lefteye</name>
      <pose>Unspecified</pose>
      <truncated>0</truncated>
      <difficult>0</difficult>
      <bndbox>
         <xmin>252.278411531102</xmin>
         <ymin>124.447025004968</ymin>
         <xmax>294.560626398197</xmax>
         <ymax>141.736513675318</ymax>
      </bndbox>
   </object>
   <object>
      <name>rightiris</name>
      <pose>Unspecified</pose>
      <truncated>0</truncated>
      <difficult>0</difficult>
      <bndbox>
         <xmin>183.976372130411</xmin>
         <ymin>125.027098336852</ymin>
         <xmax>200.409945520051</xmax>
         <ymax>137.79930338405</ymax>
      </bndbox>
   </object>
</annotation>
