<annotation>
   <folder>416multip416</folder>
   <filename>0357.jpg</filename>
   <path>E:\416multip416\0357.jpg</path>
   <source>
      <database>Unknow</database>
   </source>
   <size>
      <width>416</width>
      <height>416</height>
      <depth>3</depth>
   </size>
   <segmented>0</segmented>
   <object>
      <name>head</name>
      <pose>Unspecified</pose>
      <truncated>0</truncated>
      <difficult>0</difficult>
      <bndbox>
         <xmin>156</xmin>
         <ymin>82</ymin>
         <xmax>388</xmax>
         <ymax>301</ymax>
      </bndbox>
   </object>
   <object>
      <name>nose</name>
      <pose>Unspecified</pose>
      <truncated>0</truncated>
      <difficult>0</difficult>
      <bndbox>
         <xmin>244</xmin>
         <ymin>259</ymin>
         <xmax>301</xmax>
         <ymax>294</ymax>
      </bndbox>
   </object>
   <object>
      <name>leftiris</name>
      <pose>Unspecified</pose>
      <truncated>0</truncated>
      <difficult>0</difficult>
      <bndbox>
         <xmin>303.206421986356</xmin>
         <ymin>225.465746249624</ymin>
         <xmax>319.206421986356</xmax>
         <ymax>235.465746249624</ymax>
      </bndbox>
   </object>
   <object>
      <name>righteye</name>
      <pose>Unspecified</pose>
      <truncated>0</truncated>
      <difficult>0</difficult>
      <bndbox>
         <xmin>212</xmin>
         <ymin>219</ymin>
         <xmax>252</xmax>
         <ymax>237</ymax>
      </bndbox>
   </object>
   <object>
      <name>lefteye</name>
      <pose>Unspecified</pose>
      <truncated>0</truncated>
      <difficult>0</difficult>
      <bndbox>
         <xmin>294.236916946173</xmin>
         <ymin>222.893737742406</ymin>
         <xmax>333.236916946173</xmax>
         <ymax>238.013002194671</ymax>
      </bndbox>
   </object>
   <object>
      <name>rightiris</name>
      <pose>Unspecified</pose>
      <truncated>0</truncated>
      <difficult>0</difficult>
      <bndbox>
         <xmin>227.725058936161</xmin>
         <ymin>222.342366112284</ymin>
         <xmax>243.725058936161</xmax>
         <ymax>233.342366112284</ymax>
      </bndbox>
   </object>
</annotation>
