<annotation>
   <folder>416multip416</folder>
   <filename>0358.jpg</filename>
   <path>E:\416multip416\0358.jpg</path>
   <source>
      <database>Unknow</database>
   </source>
   <size>
      <width>416</width>
      <height>416</height>
      <depth>3</depth>
   </size>
   <segmented>0</segmented>
   <object>
      <name>head</name>
      <pose>Unspecified</pose>
      <truncated>0</truncated>
      <difficult>0</difficult>
      <bndbox>
         <xmin>68</xmin>
         <ymin>26</ymin>
         <xmax>326</xmax>
         <ymax>301</ymax>
      </bndbox>
   </object>
   <object>
      <name>mouth</name>
      <pose>Unspecified</pose>
      <truncated>0</truncated>
      <difficult>0</difficult>
      <bndbox>
         <xmin>156</xmin>
         <ymin>268</ymin>
         <xmax>230</xmax>
         <ymax>298</ymax>
      </bndbox>
   </object>
   <object>
      <name>nose</name>
      <pose>Unspecified</pose>
      <truncated>0</truncated>
      <difficult>0</difficult>
      <bndbox>
         <xmin>169</xmin>
         <ymin>222</ymin>
         <xmax>227</xmax>
         <ymax>260</ymax>
      </bndbox>
   </object>
   <object>
      <name>leftiris</name>
      <pose>Unspecified</pose>
      <truncated>0</truncated>
      <difficult>0</difficult>
      <bndbox>
         <xmin>233.945127477746</xmin>
         <ymin>189.816889702369</ymin>
         <xmax>250.945127477746</xmax>
         <ymax>203.343100022178</ymax>
      </bndbox>
   </object>
   <object>
      <name>righteye</name>
      <pose>Unspecified</pose>
      <truncated>0</truncated>
      <difficult>0</difficult>
      <bndbox>
         <xmin>135</xmin>
         <ymin>177</ymin>
         <xmax>180</xmax>
         <ymax>199</ymax>
      </bndbox>
   </object>
   <object>
      <name>lefteye</name>
      <pose>Unspecified</pose>
      <truncated>0</truncated>
      <difficult>0</difficult>
      <bndbox>
         <xmin>221.670519992129</xmin>
         <ymin>186.39825990486</ymin>
         <xmax>264.324772701239</xmax>
         <ymax>206.264624180336</ymax>
      </bndbox>
   </object>
   <object>
      <name>rightiris</name>
      <pose>Unspecified</pose>
      <truncated>0</truncated>
      <difficult>0</difficult>
      <bndbox>
         <xmin>150.71481054094</xmin>
         <ymin>182.078475841842</ymin>
         <xmax>167.914475482018</xmax>
         <ymax>195.747137210966</ymax>
      </bndbox>
   </object>
</annotation>
