<annotation>
   <folder>416multip416</folder>
   <filename>0359.jpg</filename>
   <path>E:\416multip416\0359.jpg</path>
   <source>
      <database>Unknow</database>
   </source>
   <size>
      <width>416</width>
      <height>416</height>
      <depth>3</depth>
   </size>
   <segmented>0</segmented>
   <object>
      <name>head</name>
      <pose>Unspecified</pose>
      <truncated>0</truncated>
      <difficult>0</difficult>
      <bndbox>
         <xmin>100</xmin>
         <ymin>15</ymin>
         <xmax>360</xmax>
         <ymax>301</ymax>
      </bndbox>
   </object>
   <object>
      <name>mouth</name>
      <pose>Unspecified</pose>
      <truncated>0</truncated>
      <difficult>0</difficult>
      <bndbox>
         <xmin>197</xmin>
         <ymin>256</ymin>
         <xmax>270</xmax>
         <ymax>281</ymax>
      </bndbox>
   </object>
   <object>
      <name>nose</name>
      <pose>Unspecified</pose>
      <truncated>0</truncated>
      <difficult>0</difficult>
      <bndbox>
         <xmin>207</xmin>
         <ymin>213</ymin>
         <xmax>262</xmax>
         <ymax>248</ymax>
      </bndbox>
   </object>
   <object>
      <name>leftiris</name>
      <pose>Unspecified</pose>
      <truncated>0</truncated>
      <difficult>0</difficult>
      <bndbox>
         <xmin>261.90620657791</xmin>
         <ymin>175.922471709754</ymin>
         <xmax>280.206524106899</xmax>
         <ymax>190.51843173853</ymax>
      </bndbox>
   </object>
   <object>
      <name>righteye</name>
      <pose>Unspecified</pose>
      <truncated>0</truncated>
      <difficult>0</difficult>
      <bndbox>
         <xmin>168</xmin>
         <ymin>174</ymin>
         <xmax>216</xmax>
         <ymax>195</ymax>
      </bndbox>
   </object>
   <object>
      <name>lefteye</name>
      <pose>Unspecified</pose>
      <truncated>0</truncated>
      <difficult>0</difficult>
      <bndbox>
         <xmin>252.349576442779</xmin>
         <ymin>173.27494692949</ymin>
         <xmax>295.146659221843</xmax>
         <ymax>194.673488319022</ymax>
      </bndbox>
   </object>
   <object>
      <name>rightiris</name>
      <pose>Unspecified</pose>
      <truncated>0</truncated>
      <difficult>0</difficult>
      <bndbox>
         <xmin>185.350106028232</xmin>
         <ymin>178.609326383664</ymin>
         <xmax>206.228448399322</xmax>
         <ymax>191.557195883653</ymax>
      </bndbox>
   </object>
</annotation>
