<annotation>
   <folder>416multip416</folder>
   <filename>0360.jpg</filename>
   <path>E:\416multip416\0360.jpg</path>
   <source>
      <database>Unknow</database>
   </source>
   <size>
      <width>416</width>
      <height>416</height>
      <depth>3</depth>
   </size>
   <segmented>0</segmented>
   <object>
      <name>head</name>
      <pose>Unspecified</pose>
      <truncated>0</truncated>
      <difficult>0</difficult>
      <bndbox>
         <xmin>99</xmin>
         <ymin>2</ymin>
         <xmax>368</xmax>
         <ymax>301</ymax>
      </bndbox>
   </object>
   <object>
      <name>mouth</name>
      <pose>Unspecified</pose>
      <truncated>0</truncated>
      <difficult>0</difficult>
      <bndbox>
         <xmin>200</xmin>
         <ymin>248</ymin>
         <xmax>276</xmax>
         <ymax>281</ymax>
      </bndbox>
   </object>
   <object>
      <name>nose</name>
      <pose>Unspecified</pose>
      <truncated>0</truncated>
      <difficult>0</difficult>
      <bndbox>
         <xmin>212</xmin>
         <ymin>199</ymin>
         <xmax>270</xmax>
         <ymax>235</ymax>
      </bndbox>
   </object>
   <object>
      <name>leftiris</name>
      <pose>Unspecified</pose>
      <truncated>0</truncated>
      <difficult>0</difficult>
      <bndbox>
         <xmin>274.089391106358</xmin>
         <ymin>153.63480948023</ymin>
         <xmax>292.607442361547</xmax>
         <ymax>168.754024698853</ymax>
      </bndbox>
   </object>
   <object>
      <name>righteye</name>
      <pose>Unspecified</pose>
      <truncated>0</truncated>
      <difficult>0</difficult>
      <bndbox>
         <xmin>170</xmin>
         <ymin>150</ymin>
         <xmax>219</xmax>
         <ymax>171</ymax>
      </bndbox>
   </object>
   <object>
      <name>lefteye</name>
      <pose>Unspecified</pose>
      <truncated>0</truncated>
      <difficult>0</difficult>
      <bndbox>
         <xmin>263.57479603985</xmin>
         <ymin>150.129308190595</ymin>
         <xmax>311.414754129691</xmax>
         <ymax>172.771120416321</ymax>
      </bndbox>
   </object>
   <object>
      <name>rightiris</name>
      <pose>Unspecified</pose>
      <truncated>0</truncated>
      <difficult>0</difficult>
      <bndbox>
         <xmin>188.77930078616</xmin>
         <ymin>154.477857796547</ymin>
         <xmax>207.335455995305</xmax>
         <ymax>168.936619958738</ymax>
      </bndbox>
   </object>
</annotation>
