<annotation>
   <folder>416multip416</folder>
   <filename>0361.jpg</filename>
   <path>E:\416multip416\0361.jpg</path>
   <source>
      <database>Unknow</database>
   </source>
   <size>
      <width>416</width>
      <height>416</height>
      <depth>3</depth>
   </size>
   <segmented>0</segmented>
   <object>
      <name>head</name>
      <pose>Unspecified</pose>
      <truncated>0</truncated>
      <difficult>0</difficult>
      <bndbox>
         <xmin>58</xmin>
         <ymin>65</ymin>
         <xmax>315</xmax>
         <ymax>301</ymax>
      </bndbox>
   </object>
   <object>
      <name>mouth</name>
      <pose>Unspecified</pose>
      <truncated>0</truncated>
      <difficult>0</difficult>
      <bndbox>
         <xmin>146</xmin>
         <ymin>288</ymin>
         <xmax>211</xmax>
         <ymax>301</ymax>
      </bndbox>
   </object>
   <object>
      <name>nose</name>
      <pose>Unspecified</pose>
      <truncated>0</truncated>
      <difficult>0</difficult>
      <bndbox>
         <xmin>154</xmin>
         <ymin>243</ymin>
         <xmax>211</xmax>
         <ymax>279</ymax>
      </bndbox>
   </object>
   <object>
      <name>leftiris</name>
      <pose>Unspecified</pose>
      <truncated>0</truncated>
      <difficult>0</difficult>
      <bndbox>
         <xmin>215.988275417123</xmin>
         <ymin>207.654992437311</ymin>
         <xmax>231.988275417123</xmax>
         <ymax>218.654992437311</ymax>
      </bndbox>
   </object>
   <object>
      <name>righteye</name>
      <pose>Unspecified</pose>
      <truncated>0</truncated>
      <difficult>0</difficult>
      <bndbox>
         <xmin>124</xmin>
         <ymin>201</ymin>
         <xmax>162</xmax>
         <ymax>220</ymax>
      </bndbox>
   </object>
   <object>
      <name>lefteye</name>
      <pose>Unspecified</pose>
      <truncated>0</truncated>
      <difficult>0</difficult>
      <bndbox>
         <xmin>204.525759787338</xmin>
         <ymin>205.383283742219</ymin>
         <xmax>242.590585845495</xmax>
         <ymax>220.428669535957</ymax>
      </bndbox>
   </object>
   <object>
      <name>rightiris</name>
      <pose>Unspecified</pose>
      <truncated>0</truncated>
      <difficult>0</difficult>
      <bndbox>
         <xmin>137.29576392818</xmin>
         <ymin>205.955900153186</ymin>
         <xmax>153.37144808863</xmax>
         <ymax>218.021407808959</ymax>
      </bndbox>
   </object>
</annotation>
