<annotation>
   <folder>416multip416</folder>
   <filename>0362.jpg</filename>
   <path>E:\416multip416\0362.jpg</path>
   <source>
      <database>Unknow</database>
   </source>
   <size>
      <width>416</width>
      <height>416</height>
      <depth>3</depth>
   </size>
   <segmented>0</segmented>
   <object>
      <name>head</name>
      <pose>Unspecified</pose>
      <truncated>0</truncated>
      <difficult>0</difficult>
      <bndbox>
         <xmin>68</xmin>
         <ymin>77</ymin>
         <xmax>311</xmax>
         <ymax>301</ymax>
      </bndbox>
   </object>
   <object>
      <name>nose</name>
      <pose>Unspecified</pose>
      <truncated>0</truncated>
      <difficult>0</difficult>
      <bndbox>
         <xmin>163</xmin>
         <ymin>261</ymin>
         <xmax>223</xmax>
         <ymax>299</ymax>
      </bndbox>
   </object>
   <object>
      <name>leftiris</name>
      <pose>Unspecified</pose>
      <truncated>0</truncated>
      <difficult>0</difficult>
      <bndbox>
         <xmin>226.970287523866</xmin>
         <ymin>223.002405116883</ymin>
         <xmax>244.970287523866</xmax>
         <ymax>240.013721321002</ymax>
      </bndbox>
   </object>
   <object>
      <name>righteye</name>
      <pose>Unspecified</pose>
      <truncated>0</truncated>
      <difficult>0</difficult>
      <bndbox>
         <xmin>126</xmin>
         <ymin>220</ymin>
         <xmax>173</xmax>
         <ymax>242</ymax>
      </bndbox>
   </object>
   <object>
      <name>lefteye</name>
      <pose>Unspecified</pose>
      <truncated>0</truncated>
      <difficult>0</difficult>
      <bndbox>
         <xmin>215.495489378067</xmin>
         <ymin>218.508849893153</ymin>
         <xmax>263.640723918028</xmax>
         <ymax>242.100014817734</ymax>
      </bndbox>
   </object>
   <object>
      <name>rightiris</name>
      <pose>Unspecified</pose>
      <truncated>0</truncated>
      <difficult>0</difficult>
      <bndbox>
         <xmin>143.300695844659</xmin>
         <ymin>223.333071108596</ymin>
         <xmax>162.054279038711</xmax>
         <ymax>239.37178486047</ymax>
      </bndbox>
   </object>
</annotation>
