<annotation>
   <folder>416multip416</folder>
   <filename>0363.jpg</filename>
   <path>E:\416multip416\0363.jpg</path>
   <source>
      <database>Unknow</database>
   </source>
   <size>
      <width>416</width>
      <height>416</height>
      <depth>3</depth>
   </size>
   <segmented>0</segmented>
   <object>
      <name>head</name>
      <pose>Unspecified</pose>
      <truncated>0</truncated>
      <difficult>0</difficult>
      <bndbox>
         <xmin>58</xmin>
         <ymin>54</ymin>
         <xmax>314</xmax>
         <ymax>300</ymax>
      </bndbox>
   </object>
   <object>
      <name>mouth</name>
      <pose>Unspecified</pose>
      <truncated>0</truncated>
      <difficult>0</difficult>
      <bndbox>
         <xmin>162</xmin>
         <ymin>291</ymin>
         <xmax>208</xmax>
         <ymax>300</ymax>
      </bndbox>
   </object>
   <object>
      <name>nose</name>
      <pose>Unspecified</pose>
      <truncated>0</truncated>
      <difficult>0</difficult>
      <bndbox>
         <xmin>157</xmin>
         <ymin>242</ymin>
         <xmax>218</xmax>
         <ymax>281</ymax>
      </bndbox>
   </object>
   <object>
      <name>leftiris</name>
      <pose>Unspecified</pose>
      <truncated>0</truncated>
      <difficult>0</difficult>
      <bndbox>
         <xmin>215.143118064661</xmin>
         <ymin>212.589495081837</ymin>
         <xmax>232.351278066248</xmax>
         <ymax>222.679676886131</ymax>
      </bndbox>
   </object>
   <object>
      <name>righteye</name>
      <pose>Unspecified</pose>
      <truncated>0</truncated>
      <difficult>0</difficult>
      <bndbox>
         <xmin>126</xmin>
         <ymin>211</ymin>
         <xmax>165</xmax>
         <ymax>226</ymax>
      </bndbox>
   </object>
   <object>
      <name>lefteye</name>
      <pose>Unspecified</pose>
      <truncated>0</truncated>
      <difficult>0</difficult>
      <bndbox>
         <xmin>205.692735112969</xmin>
         <ymin>210.831435573563</ymin>
         <xmax>246.174226264245</xmax>
         <ymax>224.795434263376</ymax>
      </bndbox>
   </object>
   <object>
      <name>rightiris</name>
      <pose>Unspecified</pose>
      <truncated>0</truncated>
      <difficult>0</difficult>
      <bndbox>
         <xmin>138.834801992047</xmin>
         <ymin>213.93676721357</ymin>
         <xmax>156.466113469084</xmax>
         <ymax>224.372282787927</ymax>
      </bndbox>
   </object>
</annotation>
