<annotation>
   <folder>416multip416</folder>
   <filename>0364.jpg</filename>
   <path>E:\416multip416\0364.jpg</path>
   <source>
      <database>Unknow</database>
   </source>
   <size>
      <width>416</width>
      <height>416</height>
      <depth>3</depth>
   </size>
   <segmented>0</segmented>
   <object>
      <name>head</name>
      <pose>Unspecified</pose>
      <truncated>0</truncated>
      <difficult>0</difficult>
      <bndbox>
         <xmin>74</xmin>
         <ymin>45</ymin>
         <xmax>320</xmax>
         <ymax>301</ymax>
      </bndbox>
   </object>
   <object>
      <name>mouth</name>
      <pose>Unspecified</pose>
      <truncated>0</truncated>
      <difficult>0</difficult>
      <bndbox>
         <xmin>158</xmin>
         <ymin>256</ymin>
         <xmax>229</xmax>
         <ymax>283</ymax>
      </bndbox>
   </object>
   <object>
      <name>nose</name>
      <pose>Unspecified</pose>
      <truncated>0</truncated>
      <difficult>0</difficult>
      <bndbox>
         <xmin>160</xmin>
         <ymin>210</ymin>
         <xmax>221</xmax>
         <ymax>248</ymax>
      </bndbox>
   </object>
   <object>
      <name>leftiris</name>
      <pose>Unspecified</pose>
      <truncated>0</truncated>
      <difficult>0</difficult>
      <bndbox>
         <xmin>219.473501577636</xmin>
         <ymin>180.778214819006</ymin>
         <xmax>235.28010597425</xmax>
         <ymax>192.784592280641</ymax>
      </bndbox>
   </object>
   <object>
      <name>righteye</name>
      <pose>Unspecified</pose>
      <truncated>0</truncated>
      <difficult>0</difficult>
      <bndbox>
         <xmin>124</xmin>
         <ymin>183</ymin>
         <xmax>168</xmax>
         <ymax>202</ymax>
      </bndbox>
   </object>
   <object>
      <name>lefteye</name>
      <pose>Unspecified</pose>
      <truncated>0</truncated>
      <difficult>0</difficult>
      <bndbox>
         <xmin>209.844454669644</xmin>
         <ymin>176.686029481342</ymin>
         <xmax>251.520173318298</xmax>
         <ymax>195.041400149702</ymax>
      </bndbox>
   </object>
   <object>
      <name>rightiris</name>
      <pose>Unspecified</pose>
      <truncated>0</truncated>
      <difficult>0</difficult>
      <bndbox>
         <xmin>143.649848649617</xmin>
         <ymin>187.629046907992</ymin>
         <xmax>159.893773834435</xmax>
         <ymax>198.953200456074</ymax>
      </bndbox>
   </object>
</annotation>
