<annotation>
   <folder>416multip416</folder>
   <filename>0365.jpg</filename>
   <path>E:\416multip416\0365.jpg</path>
   <source>
      <database>Unknow</database>
   </source>
   <size>
      <width>416</width>
      <height>416</height>
      <depth>3</depth>
   </size>
   <segmented>0</segmented>
   <object>
      <name>head</name>
      <pose>Unspecified</pose>
      <truncated>0</truncated>
      <difficult>0</difficult>
      <bndbox>
         <xmin>47</xmin>
         <ymin>51</ymin>
         <xmax>311</xmax>
         <ymax>301</ymax>
      </bndbox>
   </object>
   <object>
      <name>mouth</name>
      <pose>Unspecified</pose>
      <truncated>0</truncated>
      <difficult>0</difficult>
      <bndbox>
         <xmin>133</xmin>
         <ymin>269</ymin>
         <xmax>194</xmax>
         <ymax>300</ymax>
      </bndbox>
   </object>
   <object>
      <name>nose</name>
      <pose>Unspecified</pose>
      <truncated>0</truncated>
      <difficult>0</difficult>
      <bndbox>
         <xmin>138</xmin>
         <ymin>226</ymin>
         <xmax>191</xmax>
         <ymax>262</ymax>
      </bndbox>
   </object>
   <object>
      <name>leftiris</name>
      <pose>Unspecified</pose>
      <truncated>0</truncated>
      <difficult>0</difficult>
      <bndbox>
         <xmin>200.566280867594</xmin>
         <ymin>198.116959795647</ymin>
         <xmax>217.995279954736</xmax>
         <ymax>212.560530157635</ymax>
      </bndbox>
   </object>
   <object>
      <name>righteye</name>
      <pose>Unspecified</pose>
      <truncated>0</truncated>
      <difficult>0</difficult>
      <bndbox>
         <xmin>107</xmin>
         <ymin>189</ymin>
         <xmax>149</xmax>
         <ymax>210</ymax>
      </bndbox>
   </object>
   <object>
      <name>lefteye</name>
      <pose>Unspecified</pose>
      <truncated>0</truncated>
      <difficult>0</difficult>
      <bndbox>
         <xmin>189.492876923403</xmin>
         <ymin>194.586309262716</ymin>
         <xmax>228.651001015904</xmax>
         <ymax>214.3258554241</ymax>
      </bndbox>
   </object>
   <object>
      <name>rightiris</name>
      <pose>Unspecified</pose>
      <truncated>0</truncated>
      <difficult>0</difficult>
      <bndbox>
         <xmin>122.917639874321</xmin>
         <ymin>193.716127078934</ymin>
         <xmax>140.384737692643</xmax>
         <ymax>207.746006703639</ymax>
      </bndbox>
   </object>
</annotation>
