<annotation>
   <folder>416multip416</folder>
   <filename>0366.jpg</filename>
   <path>E:\416multip416\0366.jpg</path>
   <source>
      <database>Unknow</database>
   </source>
   <size>
      <width>416</width>
      <height>416</height>
      <depth>3</depth>
   </size>
   <segmented>0</segmented>
   <object>
      <name>head</name>
      <pose>Unspecified</pose>
      <truncated>0</truncated>
      <difficult>0</difficult>
      <bndbox>
         <xmin>52</xmin>
         <ymin>1</ymin>
         <xmax>295</xmax>
         <ymax>287</ymax>
      </bndbox>
   </object>
   <object>
      <name>mouth</name>
      <pose>Unspecified</pose>
      <truncated>0</truncated>
      <difficult>0</difficult>
      <bndbox>
         <xmin>129</xmin>
         <ymin>211</ymin>
         <xmax>207</xmax>
         <ymax>246</ymax>
      </bndbox>
   </object>
   <object>
      <name>nose</name>
      <pose>Unspecified</pose>
      <truncated>0</truncated>
      <difficult>0</difficult>
      <bndbox>
         <xmin>139</xmin>
         <ymin>166</ymin>
         <xmax>197</xmax>
         <ymax>203</ymax>
      </bndbox>
   </object>
   <object>
      <name>leftiris</name>
      <pose>Unspecified</pose>
      <truncated>0</truncated>
      <difficult>0</difficult>
      <bndbox>
         <xmin>200.368027725777</xmin>
         <ymin>132.236376552135</ymin>
         <xmax>217.368027725777</xmax>
         <ymax>146.28758683364</ymax>
      </bndbox>
   </object>
   <object>
      <name>righteye</name>
      <pose>Unspecified</pose>
      <truncated>0</truncated>
      <difficult>0</difficult>
      <bndbox>
         <xmin>104</xmin>
         <ymin>130</ymin>
         <xmax>149</xmax>
         <ymax>148</ymax>
      </bndbox>
   </object>
   <object>
      <name>lefteye</name>
      <pose>Unspecified</pose>
      <truncated>0</truncated>
      <difficult>0</difficult>
      <bndbox>
         <xmin>187.501556014575</xmin>
         <ymin>128.280079532631</ymin>
         <xmax>233.12223057656</xmax>
         <ymax>149.790345776883</ymax>
      </bndbox>
   </object>
   <object>
      <name>rightiris</name>
      <pose>Unspecified</pose>
      <truncated>0</truncated>
      <difficult>0</difficult>
      <bndbox>
         <xmin>119.505293672417</xmin>
         <ymin>132.309271729885</ymin>
         <xmax>137.862480066301</xmax>
         <ymax>145.771944390594</ymax>
      </bndbox>
   </object>
</annotation>
