<annotation>
   <folder>416multip416</folder>
   <filename>0367.jpg</filename>
   <path>E:\416multip416\0367.jpg</path>
   <source>
      <database>Unknow</database>
   </source>
   <size>
      <width>416</width>
      <height>416</height>
      <depth>3</depth>
   </size>
   <segmented>0</segmented>
   <object>
      <name>head</name>
      <pose>Unspecified</pose>
      <truncated>0</truncated>
      <difficult>0</difficult>
      <bndbox>
         <xmin>78</xmin>
         <ymin>3</ymin>
         <xmax>337</xmax>
         <ymax>301</ymax>
      </bndbox>
   </object>
   <object>
      <name>mouth</name>
      <pose>Unspecified</pose>
      <truncated>0</truncated>
      <difficult>0</difficult>
      <bndbox>
         <xmin>166</xmin>
         <ymin>240</ymin>
         <xmax>246</xmax>
         <ymax>270</ymax>
      </bndbox>
   </object>
   <object>
      <name>nose</name>
      <pose>Unspecified</pose>
      <truncated>0</truncated>
      <difficult>0</difficult>
      <bndbox>
         <xmin>177</xmin>
         <ymin>190</ymin>
         <xmax>233</xmax>
         <ymax>230</ymax>
      </bndbox>
   </object>
   <object>
      <name>leftiris</name>
      <pose>Unspecified</pose>
      <truncated>0</truncated>
      <difficult>0</difficult>
      <bndbox>
         <xmin>239.062281071478</xmin>
         <ymin>151.372199203172</ymin>
         <xmax>255.596701911553</xmax>
         <ymax>164.616648800811</ymax>
      </bndbox>
   </object>
   <object>
      <name>righteye</name>
      <pose>Unspecified</pose>
      <truncated>0</truncated>
      <difficult>0</difficult>
      <bndbox>
         <xmin>145</xmin>
         <ymin>144</ymin>
         <xmax>188</xmax>
         <ymax>166</ymax>
      </bndbox>
   </object>
   <object>
      <name>lefteye</name>
      <pose>Unspecified</pose>
      <truncated>0</truncated>
      <difficult>0</difficult>
      <bndbox>
         <xmin>227.87805889956</xmin>
         <ymin>149.54511907326</ymin>
         <xmax>270.406349409859</xmax>
         <ymax>167.679824083312</ymax>
      </bndbox>
   </object>
   <object>
      <name>rightiris</name>
      <pose>Unspecified</pose>
      <truncated>0</truncated>
      <difficult>0</difficult>
      <bndbox>
         <xmin>160.83134637759</xmin>
         <ymin>147.395158848668</ymin>
         <xmax>177.245946972886</xmax>
         <ymax>162.978336755444</ymax>
      </bndbox>
   </object>
</annotation>
