<annotation>
   <folder>416multip416</folder>
   <filename>0368.jpg</filename>
   <path>E:\416multip416\0368.jpg</path>
   <source>
      <database>Unknow</database>
   </source>
   <size>
      <width>416</width>
      <height>416</height>
      <depth>3</depth>
   </size>
   <segmented>0</segmented>
   <object>
      <name>head</name>
      <pose>Unspecified</pose>
      <truncated>0</truncated>
      <difficult>0</difficult>
      <bndbox>
         <xmin>142</xmin>
         <ymin>101</ymin>
         <xmax>374</xmax>
         <ymax>301</ymax>
      </bndbox>
   </object>
   <object>
      <name>nose</name>
      <pose>Unspecified</pose>
      <truncated>0</truncated>
      <difficult>0</difficult>
      <bndbox>
         <xmin>237</xmin>
         <ymin>282</ymin>
         <xmax>290</xmax>
         <ymax>301</ymax>
      </bndbox>
   </object>
   <object>
      <name>leftiris</name>
      <pose>Unspecified</pose>
      <truncated>0</truncated>
      <difficult>0</difficult>
      <bndbox>
         <xmin>288.869425825564</xmin>
         <ymin>249.545416803144</ymin>
         <xmax>303.869425825564</xmax>
         <ymax>260.133865235357</ymax>
      </bndbox>
   </object>
   <object>
      <name>righteye</name>
      <pose>Unspecified</pose>
      <truncated>0</truncated>
      <difficult>0</difficult>
      <bndbox>
         <xmin>208</xmin>
         <ymin>247</ymin>
         <xmax>249</xmax>
         <ymax>264</ymax>
      </bndbox>
   </object>
   <object>
      <name>lefteye</name>
      <pose>Unspecified</pose>
      <truncated>0</truncated>
      <difficult>0</difficult>
      <bndbox>
         <xmin>283.549296330774</xmin>
         <ymin>246.381442283269</ymin>
         <xmax>315.814596333751</xmax>
         <ymax>261.456213596135</ymax>
      </bndbox>
   </object>
   <object>
      <name>rightiris</name>
      <pose>Unspecified</pose>
      <truncated>0</truncated>
      <difficult>0</difficult>
      <bndbox>
         <xmin>224.742315978324</xmin>
         <ymin>251.041401229789</ymin>
         <xmax>239.647330752954</xmax>
         <ymax>261.191743923979</ymax>
      </bndbox>
   </object>
</annotation>
