<annotation>
   <folder>416multip416</folder>
   <filename>0369.jpg</filename>
   <path>E:\416multip416\0369.jpg</path>
   <source>
      <database>Unknow</database>
   </source>
   <size>
      <width>416</width>
      <height>416</height>
      <depth>3</depth>
   </size>
   <segmented>0</segmented>
   <object>
      <name>head</name>
      <pose>Unspecified</pose>
      <truncated>0</truncated>
      <difficult>0</difficult>
      <bndbox>
         <xmin>134</xmin>
         <ymin>56</ymin>
         <xmax>353</xmax>
         <ymax>300</ymax>
      </bndbox>
   </object>
   <object>
      <name>mouth</name>
      <pose>Unspecified</pose>
      <truncated>0</truncated>
      <difficult>0</difficult>
      <bndbox>
         <xmin>208</xmin>
         <ymin>254</ymin>
         <xmax>270</xmax>
         <ymax>286</ymax>
      </bndbox>
   </object>
   <object>
      <name>nose</name>
      <pose>Unspecified</pose>
      <truncated>0</truncated>
      <difficult>0</difficult>
      <bndbox>
         <xmin>213</xmin>
         <ymin>221</ymin>
         <xmax>265</xmax>
         <ymax>249</ymax>
      </bndbox>
   </object>
   <object>
      <name>leftiris</name>
      <pose>Unspecified</pose>
      <truncated>0</truncated>
      <difficult>0</difficult>
      <bndbox>
         <xmin>269.510780011634</xmin>
         <ymin>189.495984426644</ymin>
         <xmax>284.850020996656</xmax>
         <ymax>200.779802657979</ymax>
      </bndbox>
   </object>
   <object>
      <name>righteye</name>
      <pose>Unspecified</pose>
      <truncated>0</truncated>
      <difficult>0</difficult>
      <bndbox>
         <xmin>185</xmin>
         <ymin>181</ymin>
         <xmax>224</xmax>
         <ymax>198</ymax>
      </bndbox>
   </object>
   <object>
      <name>lefteye</name>
      <pose>Unspecified</pose>
      <truncated>0</truncated>
      <difficult>0</difficult>
      <bndbox>
         <xmin>259.593167305801</xmin>
         <ymin>186.895144869812</ymin>
         <xmax>297.809034932278</xmax>
         <ymax>203.953438723845</ymax>
      </bndbox>
   </object>
   <object>
      <name>rightiris</name>
      <pose>Unspecified</pose>
      <truncated>0</truncated>
      <difficult>0</difficult>
      <bndbox>
         <xmin>201.097619256769</xmin>
         <ymin>184.280947130989</ymin>
         <xmax>216.35237590837</xmax>
         <ymax>196.283818231334</ymax>
      </bndbox>
   </object>
</annotation>
