<annotation>
   <folder>416multip416</folder>
   <filename>0370.jpg</filename>
   <path>E:\416multip416\0370.jpg</path>
   <source>
      <database>Unknow</database>
   </source>
   <size>
      <width>416</width>
      <height>416</height>
      <depth>3</depth>
   </size>
   <segmented>0</segmented>
   <object>
      <name>head</name>
      <pose>Unspecified</pose>
      <truncated>0</truncated>
      <difficult>0</difficult>
      <bndbox>
         <xmin>135</xmin>
         <ymin>68</ymin>
         <xmax>347</xmax>
         <ymax>301</ymax>
      </bndbox>
   </object>
   <object>
      <name>mouth</name>
      <pose>Unspecified</pose>
      <truncated>0</truncated>
      <difficult>0</difficult>
      <bndbox>
         <xmin>208</xmin>
         <ymin>277</ymin>
         <xmax>267</xmax>
         <ymax>299</ymax>
      </bndbox>
   </object>
   <object>
      <name>nose</name>
      <pose>Unspecified</pose>
      <truncated>0</truncated>
      <difficult>0</difficult>
      <bndbox>
         <xmin>211</xmin>
         <ymin>239</ymin>
         <xmax>263</xmax>
         <ymax>270</ymax>
      </bndbox>
   </object>
   <object>
      <name>leftiris</name>
      <pose>Unspecified</pose>
      <truncated>0</truncated>
      <difficult>0</difficult>
      <bndbox>
         <xmin>260.223965939569</xmin>
         <ymin>201.090833606289</ymin>
         <xmax>275.959911432824</xmax>
         <ymax>213.090833606289</ymax>
      </bndbox>
   </object>
   <object>
      <name>righteye</name>
      <pose>Unspecified</pose>
      <truncated>0</truncated>
      <difficult>0</difficult>
      <bndbox>
         <xmin>180</xmin>
         <ymin>200</ymin>
         <xmax>220</xmax>
         <ymax>218</ymax>
      </bndbox>
   </object>
   <object>
      <name>lefteye</name>
      <pose>Unspecified</pose>
      <truncated>0</truncated>
      <difficult>0</difficult>
      <bndbox>
         <xmin>250.570822905892</xmin>
         <ymin>198.968159721436</ymin>
         <xmax>288.918925368446</xmax>
         <ymax>216.952097428013</ymax>
      </bndbox>
   </object>
   <object>
      <name>rightiris</name>
      <pose>Unspecified</pose>
      <truncated>0</truncated>
      <difficult>0</difficult>
      <bndbox>
         <xmin>197.519247535958</xmin>
         <ymin>204.257553164547</ymin>
         <xmax>211.429311426871</xmax>
         <ymax>216.290923247624</ymax>
      </bndbox>
   </object>
</annotation>
