<annotation>
   <folder>416multip416</folder>
   <filename>0371.jpg</filename>
   <path>E:\416multip416\0371.jpg</path>
   <source>
      <database>Unknow</database>
   </source>
   <size>
      <width>416</width>
      <height>416</height>
      <depth>3</depth>
   </size>
   <segmented>0</segmented>
   <object>
      <name>head</name>
      <pose>Unspecified</pose>
      <truncated>0</truncated>
      <difficult>0</difficult>
      <bndbox>
         <xmin>186</xmin>
         <ymin>51</ymin>
         <xmax>390</xmax>
         <ymax>301</ymax>
      </bndbox>
   </object>
   <object>
      <name>mouth</name>
      <pose>Unspecified</pose>
      <truncated>0</truncated>
      <difficult>0</difficult>
      <bndbox>
         <xmin>267</xmin>
         <ymin>259</ymin>
         <xmax>335</xmax>
         <ymax>285</ymax>
      </bndbox>
   </object>
   <object>
      <name>nose</name>
      <pose>Unspecified</pose>
      <truncated>0</truncated>
      <difficult>0</difficult>
      <bndbox>
         <xmin>276</xmin>
         <ymin>223</ymin>
         <xmax>325</xmax>
         <ymax>252</ymax>
      </bndbox>
   </object>
   <object>
      <name>leftiris</name>
      <pose>Unspecified</pose>
      <truncated>0</truncated>
      <difficult>0</difficult>
      <bndbox>
         <xmin>323.697448859096</xmin>
         <ymin>188.035022688067</ymin>
         <xmax>339.194196226646</xmax>
         <ymax>200.877792183128</ymax>
      </bndbox>
   </object>
   <object>
      <name>righteye</name>
      <pose>Unspecified</pose>
      <truncated>0</truncated>
      <difficult>0</difficult>
      <bndbox>
         <xmin>241</xmin>
         <ymin>190</ymin>
         <xmax>278</xmax>
         <ymax>206</ymax>
      </bndbox>
   </object>
   <object>
      <name>lefteye</name>
      <pose>Unspecified</pose>
      <truncated>0</truncated>
      <difficult>0</difficult>
      <bndbox>
         <xmin>315.272032814603</xmin>
         <ymin>185.531498673516</ymin>
         <xmax>351.681866435448</xmax>
         <ymax>203.435507768064</ymax>
      </bndbox>
   </object>
   <object>
      <name>rightiris</name>
      <pose>Unspecified</pose>
      <truncated>0</truncated>
      <difficult>0</difficult>
      <bndbox>
         <xmin>255.163464387738</xmin>
         <ymin>191.71724660162</ymin>
         <xmax>269.53406000164</xmax>
         <ymax>204.037323199813</ymax>
      </bndbox>
   </object>
</annotation>
