<annotation>
   <folder>416multip416</folder>
   <filename>0372.jpg</filename>
   <path>E:\416multip416\0372.jpg</path>
   <source>
      <database>Unknow</database>
   </source>
   <size>
      <width>416</width>
      <height>416</height>
      <depth>3</depth>
   </size>
   <segmented>0</segmented>
   <object>
      <name>head</name>
      <pose>Unspecified</pose>
      <truncated>0</truncated>
      <difficult>0</difficult>
      <bndbox>
         <xmin>169</xmin>
         <ymin>63</ymin>
         <xmax>377</xmax>
         <ymax>301</ymax>
      </bndbox>
   </object>
   <object>
      <name>mouth</name>
      <pose>Unspecified</pose>
      <truncated>0</truncated>
      <difficult>0</difficult>
      <bndbox>
         <xmin>242</xmin>
         <ymin>275</ymin>
         <xmax>301</xmax>
         <ymax>301</ymax>
      </bndbox>
   </object>
   <object>
      <name>nose</name>
      <pose>Unspecified</pose>
      <truncated>0</truncated>
      <difficult>0</difficult>
      <bndbox>
         <xmin>246</xmin>
         <ymin>235</ymin>
         <xmax>295</xmax>
         <ymax>261</ymax>
      </bndbox>
   </object>
   <object>
      <name>leftiris</name>
      <pose>Unspecified</pose>
      <truncated>0</truncated>
      <difficult>0</difficult>
      <bndbox>
         <xmin>297.409488530901</xmin>
         <ymin>198.87159606547</ymin>
         <xmax>311.409488530901</xmax>
         <ymax>210.679845157151</ymax>
      </bndbox>
   </object>
   <object>
      <name>righteye</name>
      <pose>Unspecified</pose>
      <truncated>0</truncated>
      <difficult>0</difficult>
      <bndbox>
         <xmin>217</xmin>
         <ymin>196</ymin>
         <xmax>251</xmax>
         <ymax>214</ymax>
      </bndbox>
   </object>
   <object>
      <name>lefteye</name>
      <pose>Unspecified</pose>
      <truncated>0</truncated>
      <difficult>0</difficult>
      <bndbox>
         <xmin>290.259591895017</xmin>
         <ymin>196.433745483706</ymin>
         <xmax>322.560154520947</xmax>
         <ymax>214.065056960742</ymax>
      </bndbox>
   </object>
   <object>
      <name>rightiris</name>
      <pose>Unspecified</pose>
      <truncated>0</truncated>
      <difficult>0</difficult>
      <bndbox>
         <xmin>228.620526971297</xmin>
         <ymin>199.385211803591</ymin>
         <xmax>243.007677136559</xmax>
         <ymax>211.385097616233</ymax>
      </bndbox>
   </object>
</annotation>
