<annotation>
   <folder>416multip416</folder>
   <filename>0373.jpg</filename>
   <path>E:\416multip416\0373.jpg</path>
   <source>
      <database>Unknow</database>
   </source>
   <size>
      <width>416</width>
      <height>416</height>
      <depth>3</depth>
   </size>
   <segmented>0</segmented>
   <object>
      <name>head</name>
      <pose>Unspecified</pose>
      <truncated>0</truncated>
      <difficult>0</difficult>
      <bndbox>
         <xmin>150</xmin>
         <ymin>37</ymin>
         <xmax>382</xmax>
         <ymax>297</ymax>
      </bndbox>
   </object>
   <object>
      <name>mouth</name>
      <pose>Unspecified</pose>
      <truncated>0</truncated>
      <difficult>0</difficult>
      <bndbox>
         <xmin>240</xmin>
         <ymin>242</ymin>
         <xmax>297</xmax>
         <ymax>272</ymax>
      </bndbox>
   </object>
   <object>
      <name>nose</name>
      <pose>Unspecified</pose>
      <truncated>0</truncated>
      <difficult>0</difficult>
      <bndbox>
         <xmin>242</xmin>
         <ymin>203</ymin>
         <xmax>293</xmax>
         <ymax>234</ymax>
      </bndbox>
   </object>
   <object>
      <name>leftiris</name>
      <pose>Unspecified</pose>
      <truncated>0</truncated>
      <difficult>0</difficult>
      <bndbox>
         <xmin>293.177973776412</xmin>
         <ymin>169.191658736372</ymin>
         <xmax>307.730779404477</xmax>
         <ymax>179.770445622594</ymax>
      </bndbox>
   </object>
   <object>
      <name>righteye</name>
      <pose>Unspecified</pose>
      <truncated>0</truncated>
      <difficult>0</difficult>
      <bndbox>
         <xmin>217</xmin>
         <ymin>168</ymin>
         <xmax>250</xmax>
         <ymax>183</ymax>
      </bndbox>
   </object>
   <object>
      <name>lefteye</name>
      <pose>Unspecified</pose>
      <truncated>0</truncated>
      <difficult>0</difficult>
      <bndbox>
         <xmin>288.124761042013</xmin>
         <ymin>167.075901359128</ymin>
         <xmax>319.43797022523</xmax>
         <ymax>182.027253491655</ymax>
      </bndbox>
   </object>
   <object>
      <name>rightiris</name>
      <pose>Unspecified</pose>
      <truncated>0</truncated>
      <difficult>0</difficult>
      <bndbox>
         <xmin>228.601453495538</xmin>
         <ymin>169.538908852693</ymin>
         <xmax>243.552805628065</xmax>
         <ymax>179.065193163513</ymax>
      </bndbox>
   </object>
</annotation>
