<annotation>
   <folder>416multip416</folder>
   <filename>0374.jpg</filename>
   <path>E:\416multip416\0374.jpg</path>
   <source>
      <database>Unknow</database>
   </source>
   <size>
      <width>416</width>
      <height>416</height>
      <depth>3</depth>
   </size>
   <segmented>0</segmented>
   <object>
      <name>head</name>
      <pose>Unspecified</pose>
      <truncated>0</truncated>
      <difficult>0</difficult>
      <bndbox>
         <xmin>140</xmin>
         <ymin>37</ymin>
         <xmax>383</xmax>
         <ymax>301</ymax>
      </bndbox>
   </object>
   <object>
      <name>mouth</name>
      <pose>Unspecified</pose>
      <truncated>0</truncated>
      <difficult>0</difficult>
      <bndbox>
         <xmin>236</xmin>
         <ymin>259</ymin>
         <xmax>298</xmax>
         <ymax>291</ymax>
      </bndbox>
   </object>
   <object>
      <name>nose</name>
      <pose>Unspecified</pose>
      <truncated>0</truncated>
      <difficult>0</difficult>
      <bndbox>
         <xmin>242</xmin>
         <ymin>215</ymin>
         <xmax>294</xmax>
         <ymax>249</ymax>
      </bndbox>
   </object>
   <object>
      <name>leftiris</name>
      <pose>Unspecified</pose>
      <truncated>0</truncated>
      <difficult>0</difficult>
      <bndbox>
         <xmin>299.13872927506</xmin>
         <ymin>178.743192130939</ymin>
         <xmax>315.7208547186</xmax>
         <ymax>194.589621618373</ymax>
      </bndbox>
   </object>
   <object>
      <name>righteye</name>
      <pose>Unspecified</pose>
      <truncated>0</truncated>
      <difficult>0</difficult>
      <bndbox>
         <xmin>205</xmin>
         <ymin>178</ymin>
         <xmax>247</xmax>
         <ymax>197</ymax>
      </bndbox>
   </object>
   <object>
      <name>lefteye</name>
      <pose>Unspecified</pose>
      <truncated>0</truncated>
      <difficult>0</difficult>
      <bndbox>
         <xmin>290.143698869246</xmin>
         <ymin>176.234250950013</ymin>
         <xmax>331.518509802025</xmax>
         <ymax>198.952783498557</ymax>
      </bndbox>
   </object>
   <object>
      <name>rightiris</name>
      <pose>Unspecified</pose>
      <truncated>0</truncated>
      <difficult>0</difficult>
      <bndbox>
         <xmin>220.242586922619</xmin>
         <ymin>179.610892590497</ymin>
         <xmax>235.98031001179</xmax>
         <ymax>193.987806186623</ymax>
      </bndbox>
   </object>
</annotation>
