<annotation>
   <folder>416multip416</folder>
   <filename>0375.jpg</filename>
   <path>E:\416multip416\0375.jpg</path>
   <source>
      <database>Unknow</database>
   </source>
   <size>
      <width>416</width>
      <height>416</height>
      <depth>3</depth>
   </size>
   <segmented>0</segmented>
   <object>
      <name>head</name>
      <pose>Unspecified</pose>
      <truncated>0</truncated>
      <difficult>0</difficult>
      <bndbox>
         <xmin>170</xmin>
         <ymin>54</ymin>
         <xmax>397</xmax>
         <ymax>301</ymax>
      </bndbox>
   </object>
   <object>
      <name>mouth</name>
      <pose>Unspecified</pose>
      <truncated>0</truncated>
      <difficult>0</difficult>
      <bndbox>
         <xmin>257</xmin>
         <ymin>252</ymin>
         <xmax>314</xmax>
         <ymax>281</ymax>
      </bndbox>
   </object>
   <object>
      <name>nose</name>
      <pose>Unspecified</pose>
      <truncated>0</truncated>
      <difficult>0</difficult>
      <bndbox>
         <xmin>260</xmin>
         <ymin>218</ymin>
         <xmax>310</xmax>
         <ymax>245</ymax>
      </bndbox>
   </object>
   <object>
      <name>leftiris</name>
      <pose>Unspecified</pose>
      <truncated>0</truncated>
      <difficult>0</difficult>
      <bndbox>
         <xmin>308.203266890984</xmin>
         <ymin>185.87159606547</ymin>
         <xmax>322.693289580405</xmax>
         <ymax>197.030960461755</ymax>
      </bndbox>
   </object>
   <object>
      <name>righteye</name>
      <pose>Unspecified</pose>
      <truncated>0</truncated>
      <difficult>0</difficult>
      <bndbox>
         <xmin>230</xmin>
         <ymin>184</ymin>
         <xmax>267</xmax>
         <ymax>200</ymax>
      </bndbox>
   </object>
   <object>
      <name>lefteye</name>
      <pose>Unspecified</pose>
      <truncated>0</truncated>
      <difficult>0</difficult>
      <bndbox>
         <xmin>302.946220726124</xmin>
         <ymin>183.349062755575</ymin>
         <xmax>335.246783352055</xmax>
         <ymax>199.569869314448</ymax>
      </bndbox>
   </object>
   <object>
      <name>rightiris</name>
      <pose>Unspecified</pose>
      <truncated>0</truncated>
      <difficult>0</difficult>
      <bndbox>
         <xmin>245.733500322586</xmin>
         <ymin>185.974706885428</ymin>
         <xmax>259.925820722155</xmax>
         <ymax>197.454111937204</ymax>
      </bndbox>
   </object>
</annotation>
