<annotation>
   <folder>416multip416</folder>
   <filename>0376.jpg</filename>
   <path>E:\416multip416\0376.jpg</path>
   <source>
      <database>Unknow</database>
   </source>
   <size>
      <width>416</width>
      <height>416</height>
      <depth>3</depth>
   </size>
   <segmented>0</segmented>
   <object>
      <name>head</name>
      <pose>Unspecified</pose>
      <truncated>0</truncated>
      <difficult>0</difficult>
      <bndbox>
         <xmin>168</xmin>
         <ymin>42</ymin>
         <xmax>388</xmax>
         <ymax>301</ymax>
      </bndbox>
   </object>
   <object>
      <name>mouth</name>
      <pose>Unspecified</pose>
      <truncated>0</truncated>
      <difficult>0</difficult>
      <bndbox>
         <xmin>240</xmin>
         <ymin>248</ymin>
         <xmax>314</xmax>
         <ymax>273</ymax>
      </bndbox>
   </object>
   <object>
      <name>nose</name>
      <pose>Unspecified</pose>
      <truncated>0</truncated>
      <difficult>0</difficult>
      <bndbox>
         <xmin>250</xmin>
         <ymin>212</ymin>
         <xmax>301</xmax>
         <ymax>242</ymax>
      </bndbox>
   </object>
   <object>
      <name>leftiris</name>
      <pose>Unspecified</pose>
      <truncated>0</truncated>
      <difficult>0</difficult>
      <bndbox>
         <xmin>305.799717276088</xmin>
         <ymin>172.982904282532</ymin>
         <xmax>320.589933326764</xmax>
         <ymax>186.458821590453</ymax>
      </bndbox>
   </object>
   <object>
      <name>righteye</name>
      <pose>Unspecified</pose>
      <truncated>0</truncated>
      <difficult>0</difficult>
      <bndbox>
         <xmin>219</xmin>
         <ymin>174</ymin>
         <xmax>256</xmax>
         <ymax>191</ymax>
      </bndbox>
   </object>
   <object>
      <name>lefteye</name>
      <pose>Unspecified</pose>
      <truncated>0</truncated>
      <difficult>0</difficult>
      <bndbox>
         <xmin>295.756977982419</xmin>
         <ymin>170.025248200813</ymin>
         <xmax>334.649768337901</xmax>
         <ymax>189.015155228841</ymax>
      </bndbox>
   </object>
   <object>
      <name>rightiris</name>
      <pose>Unspecified</pose>
      <truncated>0</truncated>
      <difficult>0</difficult>
      <bndbox>
         <xmin>230.726468520519</xmin>
         <ymin>176.295262536662</ymin>
         <xmax>246.4562578135</xmax>
         <ymax>189.015155228841</ymax>
      </bndbox>
   </object>
</annotation>
