<annotation>
   <folder>416multip416</folder>
   <filename>0377.jpg</filename>
   <path>E:\416multip416\0377.jpg</path>
   <source>
      <database>Unknow</database>
   </source>
   <size>
      <width>416</width>
      <height>416</height>
      <depth>3</depth>
   </size>
   <segmented>0</segmented>
   <object>
      <name>head</name>
      <pose>Unspecified</pose>
      <truncated>0</truncated>
      <difficult>0</difficult>
      <bndbox>
         <xmin>125</xmin>
         <ymin>84</ymin>
         <xmax>336</xmax>
         <ymax>301</ymax>
      </bndbox>
   </object>
   <object>
      <name>mouth</name>
      <pose>Unspecified</pose>
      <truncated>0</truncated>
      <difficult>0</difficult>
      <bndbox>
         <xmin>199</xmin>
         <ymin>287</ymin>
         <xmax>265</xmax>
         <ymax>301</ymax>
      </bndbox>
   </object>
   <object>
      <name>nose</name>
      <pose>Unspecified</pose>
      <truncated>0</truncated>
      <difficult>0</difficult>
      <bndbox>
         <xmin>205</xmin>
         <ymin>247</ymin>
         <xmax>255</xmax>
         <ymax>277</ymax>
      </bndbox>
   </object>
   <object>
      <name>leftiris</name>
      <pose>Unspecified</pose>
      <truncated>0</truncated>
      <difficult>0</difficult>
      <bndbox>
         <xmin>259.628356728104</xmin>
         <ymin>214.204283278246</ymin>
         <xmax>274.274602685229</xmax>
         <ymax>225.776194242462</ymax>
      </bndbox>
   </object>
   <object>
      <name>righteye</name>
      <pose>Unspecified</pose>
      <truncated>0</truncated>
      <difficult>0</difficult>
      <bndbox>
         <xmin>174</xmin>
         <ymin>216</ymin>
         <xmax>210</xmax>
         <ymax>233</ymax>
      </bndbox>
   </object>
   <object>
      <name>lefteye</name>
      <pose>Unspecified</pose>
      <truncated>0</truncated>
      <difficult>0</difficult>
      <bndbox>
         <xmin>250.437069568276</xmin>
         <ymin>212.799548995363</ymin>
         <xmax>284.007086620554</xmax>
         <ymax>228.315103095155</ymax>
      </bndbox>
   </object>
   <object>
      <name>rightiris</name>
      <pose>Unspecified</pose>
      <truncated>0</truncated>
      <difficult>0</difficult>
      <bndbox>
         <xmin>186.386228190853</xmin>
         <ymin>218.065171148101</ymin>
         <xmax>201.069397432574</xmax>
         <ymax>230.007708996951</ymax>
      </bndbox>
   </object>
</annotation>
