<annotation>
   <folder>416multip416</folder>
   <filename>0378.jpg</filename>
   <path>E:\416multip416\0378.jpg</path>
   <source>
      <database>Unknow</database>
   </source>
   <size>
      <width>416</width>
      <height>416</height>
      <depth>3</depth>
   </size>
   <segmented>0</segmented>
   <object>
      <name>head</name>
      <pose>Unspecified</pose>
      <truncated>0</truncated>
      <difficult>0</difficult>
      <bndbox>
         <xmin>82</xmin>
         <ymin>61</ymin>
         <xmax>296</xmax>
         <ymax>301</ymax>
      </bndbox>
   </object>
   <object>
      <name>mouth</name>
      <pose>Unspecified</pose>
      <truncated>0</truncated>
      <difficult>0</difficult>
      <bndbox>
         <xmin>148</xmin>
         <ymin>270</ymin>
         <xmax>214</xmax>
         <ymax>298</ymax>
      </bndbox>
   </object>
   <object>
      <name>nose</name>
      <pose>Unspecified</pose>
      <truncated>0</truncated>
      <difficult>0</difficult>
      <bndbox>
         <xmin>154</xmin>
         <ymin>226</ymin>
         <xmax>207</xmax>
         <ymax>260</ymax>
      </bndbox>
   </object>
   <object>
      <name>leftiris</name>
      <pose>Unspecified</pose>
      <truncated>0</truncated>
      <difficult>0</difficult>
      <bndbox>
         <xmin>209.930615374884</xmin>
         <ymin>194.322348360778</ymin>
         <xmax>225.687758612986</xmax>
         <ymax>206.818625369505</ymax>
      </bndbox>
   </object>
   <object>
      <name>righteye</name>
      <pose>Unspecified</pose>
      <truncated>0</truncated>
      <difficult>0</difficult>
      <bndbox>
         <xmin>125</xmin>
         <ymin>190</ymin>
         <xmax>163</xmax>
         <ymax>207</ymax>
      </bndbox>
   </object>
   <object>
      <name>lefteye</name>
      <pose>Unspecified</pose>
      <truncated>0</truncated>
      <difficult>0</difficult>
      <bndbox>
         <xmin>204.508987095696</xmin>
         <ymin>192.27279340095</ymin>
         <xmax>238.625574803761</xmax>
         <ymax>208.669913074594</ymax>
      </bndbox>
   </object>
   <object>
      <name>rightiris</name>
      <pose>Unspecified</pose>
      <truncated>0</truncated>
      <difficult>0</difficult>
      <bndbox>
         <xmin>140.923983190902</xmin>
         <ymin>192.661174180389</ymin>
         <xmax>156.375506763386</xmax>
         <ymax>204.570633156183</ymax>
      </bndbox>
   </object>
</annotation>
