<annotation>
   <folder>416multip416</folder>
   <filename>0379.jpg</filename>
   <path>E:\416multip416\0379.jpg</path>
   <source>
      <database>Unknow</database>
   </source>
   <size>
      <width>416</width>
      <height>416</height>
      <depth>3</depth>
   </size>
   <segmented>0</segmented>
   <object>
      <name>head</name>
      <pose>Unspecified</pose>
      <truncated>0</truncated>
      <difficult>0</difficult>
      <bndbox>
         <xmin>31</xmin>
         <ymin>51</ymin>
         <xmax>246</xmax>
         <ymax>301</ymax>
      </bndbox>
   </object>
   <object>
      <name>mouth</name>
      <pose>Unspecified</pose>
      <truncated>0</truncated>
      <difficult>0</difficult>
      <bndbox>
         <xmin>109</xmin>
         <ymin>270</ymin>
         <xmax>168</xmax>
         <ymax>299</ymax>
      </bndbox>
   </object>
   <object>
      <name>nose</name>
      <pose>Unspecified</pose>
      <truncated>0</truncated>
      <difficult>0</difficult>
      <bndbox>
         <xmin>110</xmin>
         <ymin>225</ymin>
         <xmax>166</xmax>
         <ymax>258</ymax>
      </bndbox>
   </object>
   <object>
      <name>leftiris</name>
      <pose>Unspecified</pose>
      <truncated>0</truncated>
      <difficult>0</difficult>
      <bndbox>
         <xmin>167.513827609337</xmin>
         <ymin>190</ymin>
         <xmax>183.198245504611</xmax>
         <ymax>204.283532465928</ymax>
      </bndbox>
   </object>
   <object>
      <name>righteye</name>
      <pose>Unspecified</pose>
      <truncated>0</truncated>
      <difficult>0</difficult>
      <bndbox>
         <xmin>75</xmin>
         <ymin>186</ymin>
         <xmax>115</xmax>
         <ymax>206</ymax>
      </bndbox>
   </object>
   <object>
      <name>lefteye</name>
      <pose>Unspecified</pose>
      <truncated>0</truncated>
      <difficult>0</difficult>
      <bndbox>
         <xmin>157.360302968166</xmin>
         <ymin>185.185922765077</ymin>
         <xmax>197.320847636333</xmax>
         <ymax>206.690794192926</ymax>
      </bndbox>
   </object>
   <object>
      <name>rightiris</name>
      <pose>Unspecified</pose>
      <truncated>0</truncated>
      <difficult>0</difficult>
      <bndbox>
         <xmin>89.596671644055</xmin>
         <ymin>190.172586993463</ymin>
         <xmax>106.165870240674</xmax>
         <ymax>203.962564235661</ymax>
      </bndbox>
   </object>
</annotation>
