<annotation>
   <folder>416multip416</folder>
   <filename>0380.jpg</filename>
   <path>E:\416multip416\0380.jpg</path>
   <source>
      <database>Unknow</database>
   </source>
   <size>
      <width>416</width>
      <height>416</height>
      <depth>3</depth>
   </size>
   <segmented>0</segmented>
   <object>
      <name>head</name>
      <pose>Unspecified</pose>
      <truncated>0</truncated>
      <difficult>0</difficult>
      <bndbox>
         <xmin>34</xmin>
         <ymin>35</ymin>
         <xmax>264</xmax>
         <ymax>301</ymax>
      </bndbox>
   </object>
   <object>
      <name>mouth</name>
      <pose>Unspecified</pose>
      <truncated>0</truncated>
      <difficult>0</difficult>
      <bndbox>
         <xmin>122</xmin>
         <ymin>259</ymin>
         <xmax>184</xmax>
         <ymax>286</ymax>
      </bndbox>
   </object>
   <object>
      <name>nose</name>
      <pose>Unspecified</pose>
      <truncated>0</truncated>
      <difficult>0</difficult>
      <bndbox>
         <xmin>123</xmin>
         <ymin>220</ymin>
         <xmax>176</xmax>
         <ymax>251</ymax>
      </bndbox>
   </object>
   <object>
      <name>leftiris</name>
      <pose>Unspecified</pose>
      <truncated>0</truncated>
      <difficult>0</difficult>
      <bndbox>
         <xmin>173.368305667878</xmin>
         <ymin>179.831391824568</ymin>
         <xmax>189.368305667878</xmax>
         <ymax>192.866122613477</ymax>
      </bndbox>
   </object>
   <object>
      <name>righteye</name>
      <pose>Unspecified</pose>
      <truncated>0</truncated>
      <difficult>0</difficult>
      <bndbox>
         <xmin>88</xmin>
         <ymin>184</ymin>
         <xmax>127</xmax>
         <ymax>200</ymax>
      </bndbox>
   </object>
   <object>
      <name>lefteye</name>
      <pose>Unspecified</pose>
      <truncated>0</truncated>
      <difficult>0</difficult>
      <bndbox>
         <xmin>166.904532792175</xmin>
         <ymin>177.519829103865</ymin>
         <xmax>201.809827833646</xmax>
         <ymax>196.326561346037</ymax>
      </bndbox>
   </object>
   <object>
      <name>rightiris</name>
      <pose>Unspecified</pose>
      <truncated>0</truncated>
      <difficult>0</difficult>
      <bndbox>
         <xmin>100.950756365491</xmin>
         <ymin>185.673146754806</ymin>
         <xmax>117.85657510459</xmax>
         <ymax>197.981553783348</ymax>
      </bndbox>
   </object>
</annotation>
