<annotation>
   <folder>416multip416</folder>
   <filename>0381.jpg</filename>
   <path>E:\416multip416\0381.jpg</path>
   <source>
      <database>Unknow</database>
   </source>
   <size>
      <width>416</width>
      <height>416</height>
      <depth>3</depth>
   </size>
   <segmented>0</segmented>
   <object>
      <name>head</name>
      <pose>Unspecified</pose>
      <truncated>0</truncated>
      <difficult>0</difficult>
      <bndbox>
         <xmin>39</xmin>
         <ymin>46</ymin>
         <xmax>287</xmax>
         <ymax>300</ymax>
      </bndbox>
   </object>
   <object>
      <name>mouth</name>
      <pose>Unspecified</pose>
      <truncated>0</truncated>
      <difficult>0</difficult>
      <bndbox>
         <xmin>140</xmin>
         <ymin>264</ymin>
         <xmax>208</xmax>
         <ymax>292</ymax>
      </bndbox>
   </object>
   <object>
      <name>nose</name>
      <pose>Unspecified</pose>
      <truncated>0</truncated>
      <difficult>0</difficult>
      <bndbox>
         <xmin>146</xmin>
         <ymin>221</ymin>
         <xmax>203</xmax>
         <ymax>252</ymax>
      </bndbox>
   </object>
   <object>
      <name>leftiris</name>
      <pose>Unspecified</pose>
      <truncated>0</truncated>
      <difficult>0</difficult>
      <bndbox>
         <xmin>199.625113536939</xmin>
         <ymin>178.98789712167</ymin>
         <xmax>215.625113536939</xmax>
         <ymax>190.858006826694</ymax>
      </bndbox>
   </object>
   <object>
      <name>righteye</name>
      <pose>Unspecified</pose>
      <truncated>0</truncated>
      <difficult>0</difficult>
      <bndbox>
         <xmin>108</xmin>
         <ymin>181</ymin>
         <xmax>152</xmax>
         <ymax>196</ymax>
      </bndbox>
   </object>
   <object>
      <name>lefteye</name>
      <pose>Unspecified</pose>
      <truncated>0</truncated>
      <difficult>0</difficult>
      <bndbox>
         <xmin>193.147939496213</xmin>
         <ymin>176.414436464706</ymin>
         <xmax>232.306063588714</xmax>
         <ymax>194.388657359625</ymax>
      </bndbox>
   </object>
   <object>
      <name>rightiris</name>
      <pose>Unspecified</pose>
      <truncated>0</truncated>
      <difficult>0</difficult>
      <bndbox>
         <xmin>125.633766953256</xmin>
         <ymin>182.616944029662</ymin>
         <xmax>141.311570308189</xmax>
         <ymax>193.907205014225</ymax>
      </bndbox>
   </object>
</annotation>
