<annotation>
   <folder>416multip416</folder>
   <filename>0382.jpg</filename>
   <path>E:\416multip416\0382.jpg</path>
   <source>
      <database>Unknow</database>
   </source>
   <size>
      <width>416</width>
      <height>416</height>
      <depth>3</depth>
   </size>
   <segmented>0</segmented>
   <object>
      <name>head</name>
      <pose>Unspecified</pose>
      <truncated>0</truncated>
      <difficult>0</difficult>
      <bndbox>
         <xmin>113</xmin>
         <ymin>79</ymin>
         <xmax>339</xmax>
         <ymax>300</ymax>
      </bndbox>
   </object>
   <object>
      <name>nose</name>
      <pose>Unspecified</pose>
      <truncated>0</truncated>
      <difficult>0</difficult>
      <bndbox>
         <xmin>197</xmin>
         <ymin>270</ymin>
         <xmax>255</xmax>
         <ymax>298</ymax>
      </bndbox>
   </object>
   <object>
      <name>leftiris</name>
      <pose>Unspecified</pose>
      <truncated>0</truncated>
      <difficult>0</difficult>
      <bndbox>
         <xmin>253.518759525816</xmin>
         <ymin>225.893645988877</ymin>
         <xmax>269.245947313565</xmax>
         <ymax>239.842766028479</ymax>
      </bndbox>
   </object>
   <object>
      <name>righteye</name>
      <pose>Unspecified</pose>
      <truncated>0</truncated>
      <difficult>0</difficult>
      <bndbox>
         <xmin>164</xmin>
         <ymin>226</ymin>
         <xmax>204</xmax>
         <ymax>244</ymax>
      </bndbox>
   </object>
   <object>
      <name>lefteye</name>
      <pose>Unspecified</pose>
      <truncated>0</truncated>
      <difficult>0</difficult>
      <bndbox>
         <xmin>245.624691617396</xmin>
         <ymin>222.841480081555</ymin>
         <xmax>283.990425391427</xmax>
         <ymax>243.002297045164</ymax>
      </bndbox>
   </object>
   <object>
      <name>rightiris</name>
      <pose>Unspecified</pose>
      <truncated>0</truncated>
      <difficult>0</difficult>
      <bndbox>
         <xmin>181.057110376615</xmin>
         <ymin>227.212708022247</ymin>
         <xmax>196.275826213937</xmax>
         <ymax>240.444581460228</ymax>
      </bndbox>
   </object>
</annotation>
