<annotation>
   <folder>416multip416</folder>
   <filename>0383.jpg</filename>
   <path>E:\416multip416\0383.jpg</path>
   <source>
      <database>Unknow</database>
   </source>
   <size>
      <width>416</width>
      <height>416</height>
      <depth>3</depth>
   </size>
   <segmented>0</segmented>
   <object>
      <name>head</name>
      <pose>Unspecified</pose>
      <truncated>0</truncated>
      <difficult>0</difficult>
      <bndbox>
         <xmin>112</xmin>
         <ymin>117</ymin>
         <xmax>323</xmax>
         <ymax>301</ymax>
      </bndbox>
   </object>
   <object>
      <name>nose</name>
      <pose>Unspecified</pose>
      <truncated>0</truncated>
      <difficult>0</difficult>
      <bndbox>
         <xmin>189</xmin>
         <ymin>283</ymin>
         <xmax>231</xmax>
         <ymax>301</ymax>
      </bndbox>
   </object>
   <object>
      <name>leftiris</name>
      <pose>Unspecified</pose>
      <truncated>0</truncated>
      <difficult>0</difficult>
      <bndbox>
         <xmin>240.257995395734</xmin>
         <ymin>250.539304144148</ymin>
         <xmax>256.257995395734</xmax>
         <ymax>263.353911582257</ymax>
      </bndbox>
   </object>
   <object>
      <name>righteye</name>
      <pose>Unspecified</pose>
      <truncated>0</truncated>
      <difficult>0</difficult>
      <bndbox>
         <xmin>158</xmin>
         <ymin>251</ymin>
         <xmax>196</xmax>
         <ymax>266</ymax>
      </bndbox>
   </object>
   <object>
      <name>lefteye</name>
      <pose>Unspecified</pose>
      <truncated>0</truncated>
      <difficult>0</difficult>
      <bndbox>
         <xmin>231.161311503289</xmin>
         <ymin>247.796483921936</ymin>
         <xmax>267.693388883708</xmax>
         <ymax>265.850946874421</ymax>
      </bndbox>
   </object>
   <object>
      <name>rightiris</name>
      <pose>Unspecified</pose>
      <truncated>0</truncated>
      <difficult>0</difficult>
      <bndbox>
         <xmin>171.887197371688</xmin>
         <ymin>252.654666229938</ymin>
         <xmax>187.294608548422</xmax>
         <ymax>264.863593431707</ymax>
      </bndbox>
   </object>
</annotation>
