<annotation>
   <folder>416multip416</folder>
   <filename>0385.jpg</filename>
   <path>E:\416multip416\0385.jpg</path>
   <source>
      <database>Unknow</database>
   </source>
   <size>
      <width>416</width>
      <height>416</height>
      <depth>3</depth>
   </size>
   <segmented>0</segmented>
   <object>
      <name>head</name>
      <pose>Unspecified</pose>
      <truncated>0</truncated>
      <difficult>0</difficult>
      <bndbox>
         <xmin>112</xmin>
         <ymin>50</ymin>
         <xmax>349</xmax>
         <ymax>301</ymax>
      </bndbox>
   </object>
   <object>
      <name>mouth</name>
      <pose>Unspecified</pose>
      <truncated>0</truncated>
      <difficult>0</difficult>
      <bndbox>
         <xmin>197</xmin>
         <ymin>267</ymin>
         <xmax>260</xmax>
         <ymax>295</ymax>
      </bndbox>
   </object>
   <object>
      <name>nose</name>
      <pose>Unspecified</pose>
      <truncated>0</truncated>
      <difficult>0</difficult>
      <bndbox>
         <xmin>206</xmin>
         <ymin>232</ymin>
         <xmax>252</xmax>
         <ymax>262</ymax>
      </bndbox>
   </object>
   <object>
      <name>leftiris</name>
      <pose>Unspecified</pose>
      <truncated>0</truncated>
      <difficult>0</difficult>
      <bndbox>
         <xmin>257.660136225006</xmin>
         <ymin>196.451361573812</ymin>
         <xmax>273.135080006381</xmax>
         <ymax>207.371846937323</ymax>
      </bndbox>
   </object>
   <object>
      <name>righteye</name>
      <pose>Unspecified</pose>
      <truncated>0</truncated>
      <difficult>0</difficult>
      <bndbox>
         <xmin>177</xmin>
         <ymin>192</ymin>
         <xmax>212</xmax>
         <ymax>209</ymax>
      </bndbox>
   </object>
   <object>
      <name>lefteye</name>
      <pose>Unspecified</pose>
      <truncated>0</truncated>
      <difficult>0</difficult>
      <bndbox>
         <xmin>245.602024003841</xmin>
         <ymin>194.282361296772</ymin>
         <xmax>282.914580772311</xmax>
         <ymax>210.681831811946</ymax>
      </bndbox>
   </object>
   <object>
      <name>rightiris</name>
      <pose>Unspecified</pose>
      <truncated>0</truncated>
      <difficult>0</difficult>
      <bndbox>
         <xmin>188.07526469411</xmin>
         <ymin>195.203630863499</ymin>
         <xmax>202.873128349626</xmax>
         <ymax>206.469123789699</ymax>
      </bndbox>
   </object>
</annotation>
