<annotation>
   <folder>416multip416</folder>
   <filename>0386.jpg</filename>
   <path>E:\416multip416\0386.jpg</path>
   <source>
      <database>Unknow</database>
   </source>
   <size>
      <width>416</width>
      <height>416</height>
      <depth>3</depth>
   </size>
   <segmented>0</segmented>
   <object>
      <name>head</name>
      <pose>Unspecified</pose>
      <truncated>0</truncated>
      <difficult>0</difficult>
      <bndbox>
         <xmin>116</xmin>
         <ymin>98</ymin>
         <xmax>336</xmax>
         <ymax>301</ymax>
      </bndbox>
   </object>
   <object>
      <name>nose</name>
      <pose>Unspecified</pose>
      <truncated>0</truncated>
      <difficult>0</difficult>
      <bndbox>
         <xmin>210</xmin>
         <ymin>274</ymin>
         <xmax>267</xmax>
         <ymax>300</ymax>
      </bndbox>
   </object>
   <object>
      <name>leftiris</name>
      <pose>Unspecified</pose>
      <truncated>0</truncated>
      <difficult>0</difficult>
      <bndbox>
         <xmin>262.365410252209</xmin>
         <ymin>241.107311065122</ymin>
         <xmax>277.56282880474</xmax>
         <ymax>250.068530914732</ymax>
      </bndbox>
   </object>
   <object>
      <name>righteye</name>
      <pose>Unspecified</pose>
      <truncated>0</truncated>
      <difficult>0</difficult>
      <bndbox>
         <xmin>181</xmin>
         <ymin>244</ymin>
         <xmax>218</xmax>
         <ymax>255</ymax>
      </bndbox>
   </object>
   <object>
      <name>lefteye</name>
      <pose>Unspecified</pose>
      <truncated>0</truncated>
      <difficult>0</difficult>
      <bndbox>
         <xmin>255.479611179752</xmin>
         <ymin>239.093039520277</ymin>
         <xmax>293.431009134073</xmax>
         <ymax>251.523114111588</ymax>
      </bndbox>
   </object>
   <object>
      <name>rightiris</name>
      <pose>Unspecified</pose>
      <truncated>0</truncated>
      <difficult>0</difficult>
      <bndbox>
         <xmin>193.05621802698</xmin>
         <ymin>245.347272131733</ymin>
         <xmax>209.329653388609</xmax>
         <ymax>253.109932144521</ymax>
      </bndbox>
   </object>
</annotation>
