<annotation>
   <folder>416multip416</folder>
   <filename>0387.jpg</filename>
   <path>E:\416multip416\0387.jpg</path>
   <source>
      <database>Unknow</database>
   </source>
   <size>
      <width>416</width>
      <height>416</height>
      <depth>3</depth>
   </size>
   <segmented>0</segmented>
   <object>
      <name>head</name>
      <pose>Unspecified</pose>
      <truncated>0</truncated>
      <difficult>0</difficult>
      <bndbox>
         <xmin>110</xmin>
         <ymin>82</ymin>
         <xmax>343</xmax>
         <ymax>301</ymax>
      </bndbox>
   </object>
   <object>
      <name>nose</name>
      <pose>Unspecified</pose>
      <truncated>0</truncated>
      <difficult>0</difficult>
      <bndbox>
         <xmin>205</xmin>
         <ymin>275</ymin>
         <xmax>260</xmax>
         <ymax>300</ymax>
      </bndbox>
   </object>
   <object>
      <name>leftiris</name>
      <pose>Unspecified</pose>
      <truncated>0</truncated>
      <difficult>0</difficult>
      <bndbox>
         <xmin>259.795739100533</xmin>
         <ymin>231.330379507489</ymin>
         <xmax>275.663919429865</xmax>
         <ymax>243.94118976609</ymax>
      </bndbox>
   </object>
   <object>
      <name>righteye</name>
      <pose>Unspecified</pose>
      <truncated>0</truncated>
      <difficult>0</difficult>
      <bndbox>
         <xmin>174</xmin>
         <ymin>236</ymin>
         <xmax>212</xmax>
         <ymax>250</ymax>
      </bndbox>
   </object>
   <object>
      <name>lefteye</name>
      <pose>Unspecified</pose>
      <truncated>0</truncated>
      <difficult>0</difficult>
      <bndbox>
         <xmin>252.126118608022</xmin>
         <ymin>230.056531977924</ymin>
         <xmax>289.151872709798</xmax>
         <ymax>246.585886487646</ymax>
      </bndbox>
   </object>
   <object>
      <name>rightiris</name>
      <pose>Unspecified</pose>
      <truncated>0</truncated>
      <difficult>0</difficult>
      <bndbox>
         <xmin>186.147051633269</xmin>
         <ymin>238.1406811482</ymin>
         <xmax>202.141350570624</xmax>
         <ymax>247.247060668035</ymax>
      </bndbox>
   </object>
</annotation>
