<annotation>
   <folder>416multip416</folder>
   <filename>0388.jpg</filename>
   <path>E:\416multip416\0388.jpg</path>
   <source>
      <database>Unknow</database>
   </source>
   <size>
      <width>416</width>
      <height>416</height>
      <depth>3</depth>
   </size>
   <segmented>0</segmented>
   <object>
      <name>head</name>
      <pose>Unspecified</pose>
      <truncated>0</truncated>
      <difficult>0</difficult>
      <bndbox>
         <xmin>298</xmin>
         <ymin>35</ymin>
         <xmax>401</xmax>
         <ymax>301</ymax>
      </bndbox>
   </object>
   <object>
      <name>mouth</name>
      <pose>Unspecified</pose>
      <truncated>0</truncated>
      <difficult>0</difficult>
      <bndbox>
         <xmin>379</xmin>
         <ymin>261</ymin>
         <xmax>401</xmax>
         <ymax>287</ymax>
      </bndbox>
   </object>
   <object>
      <name>nose</name>
      <pose>Unspecified</pose>
      <truncated>0</truncated>
      <difficult>0</difficult>
      <bndbox>
         <xmin>379</xmin>
         <ymin>217</ymin>
         <xmax>401</xmax>
         <ymax>252</ymax>
      </bndbox>
   </object>
   <object>
      <name>righteye</name>
      <pose>Unspecified</pose>
      <truncated>0</truncated>
      <difficult>0</difficult>
      <bndbox>
         <xmin>345</xmin>
         <ymin>184</ymin>
         <xmax>382</xmax>
         <ymax>202</ymax>
      </bndbox>
   </object>
   <object>
      <name>rightiris</name>
      <pose>Unspecified</pose>
      <truncated>0</truncated>
      <difficult>0</difficult>
      <bndbox>
         <xmin>359</xmin>
         <ymin>187</ymin>
         <xmax>374</xmax>
         <ymax>200</ymax>
      </bndbox>
   </object>
</annotation>
