<annotation>
   <folder>416multip416</folder>
   <filename>0389.jpg</filename>
   <path>E:\416multip416\0389.jpg</path>
   <source>
      <database>Unknow</database>
   </source>
   <size>
      <width>416</width>
      <height>416</height>
      <depth>3</depth>
   </size>
   <segmented>0</segmented>
   <object>
      <name>head</name>
      <pose>Unspecified</pose>
      <truncated>0</truncated>
      <difficult>0</difficult>
      <bndbox>
         <xmin>323</xmin>
         <ymin>60</ymin>
         <xmax>401</xmax>
         <ymax>301</ymax>
      </bndbox>
   </object>
   <object>
      <name>righteye</name>
      <pose>Unspecified</pose>
      <truncated>0</truncated>
      <difficult>0</difficult>
      <bndbox>
         <xmin>375</xmin>
         <ymin>189</ymin>
         <xmax>401</xmax>
         <ymax>205</ymax>
      </bndbox>
   </object>
   <object>
      <name>rightiris</name>
      <pose>Unspecified</pose>
      <truncated>0</truncated>
      <difficult>0</difficult>
      <bndbox>
         <xmin>386</xmin>
         <ymin>192</ymin>
         <xmax>400</xmax>
         <ymax>204</ymax>
      </bndbox>
   </object>
</annotation>
