<annotation>
   <folder>416multip416</folder>
   <filename>0391.jpg</filename>
   <path>E:\416multip416\0391.jpg</path>
   <source>
      <database>Unknow</database>
   </source>
   <size>
      <width>416</width>
      <height>416</height>
      <depth>3</depth>
   </size>
   <segmented>0</segmented>
   <object>
      <name>head</name>
      <pose>Unspecified</pose>
      <truncated>0</truncated>
      <difficult>0</difficult>
      <bndbox>
         <xmin>134</xmin>
         <ymin>60</ymin>
         <xmax>316</xmax>
         <ymax>285</ymax>
      </bndbox>
   </object>
   <object>
      <name>mouth</name>
      <pose>Unspecified</pose>
      <truncated>0</truncated>
      <difficult>0</difficult>
      <bndbox>
         <xmin>196</xmin>
         <ymin>239</ymin>
         <xmax>249</xmax>
         <ymax>263</ymax>
      </bndbox>
   </object>
   <object>
      <name>nose</name>
      <pose>Unspecified</pose>
      <truncated>0</truncated>
      <difficult>0</difficult>
      <bndbox>
         <xmin>198</xmin>
         <ymin>204</ymin>
         <xmax>241</xmax>
         <ymax>233</ymax>
      </bndbox>
   </object>
   <object>
      <name>leftiris</name>
      <pose>Unspecified</pose>
      <truncated>0</truncated>
      <difficult>0</difficult>
      <bndbox>
         <xmin>244.034615579309</xmin>
         <ymin>177.206590983533</ymin>
         <xmax>258.034615579309</xmax>
         <ymax>189.206590983533</ymax>
      </bndbox>
   </object>
   <object>
      <name>righteye</name>
      <pose>Unspecified</pose>
      <truncated>0</truncated>
      <difficult>0</difficult>
      <bndbox>
         <xmin>174</xmin>
         <ymin>175</ymin>
         <xmax>206</xmax>
         <ymax>192</ymax>
      </bndbox>
   </object>
   <object>
      <name>lefteye</name>
      <pose>Unspecified</pose>
      <truncated>0</truncated>
      <difficult>0</difficult>
      <bndbox>
         <xmin>234.251807439055</xmin>
         <ymin>174.208107002339</ymin>
         <xmax>269.426273835743</xmax>
         <ymax>191.663105364605</ymax>
      </bndbox>
   </object>
   <object>
      <name>rightiris</name>
      <pose>Unspecified</pose>
      <truncated>0</truncated>
      <difficult>0</difficult>
      <bndbox>
         <xmin>183.825118437902</xmin>
         <ymin>177.909166393711</ymin>
         <xmax>197.622757845512</xmax>
         <ymax>189.679582823438</ymax>
      </bndbox>
   </object>
</annotation>
