<annotation>
   <folder>416multip416</folder>
   <filename>0392.jpg</filename>
   <path>E:\416multip416\0392.jpg</path>
   <source>
      <database>Unknow</database>
   </source>
   <size>
      <width>416</width>
      <height>416</height>
      <depth>3</depth>
   </size>
   <segmented>0</segmented>
   <object>
      <name>head</name>
      <pose>Unspecified</pose>
      <truncated>0</truncated>
      <difficult>0</difficult>
      <bndbox>
         <xmin>66</xmin>
         <ymin>88</ymin>
         <xmax>253</xmax>
         <ymax>301</ymax>
      </bndbox>
   </object>
   <object>
      <name>mouth</name>
      <pose>Unspecified</pose>
      <truncated>0</truncated>
      <difficult>0</difficult>
      <bndbox>
         <xmin>131</xmin>
         <ymin>276</ymin>
         <xmax>190</xmax>
         <ymax>300</ymax>
      </bndbox>
   </object>
   <object>
      <name>nose</name>
      <pose>Unspecified</pose>
      <truncated>0</truncated>
      <difficult>0</difficult>
      <bndbox>
         <xmin>134</xmin>
         <ymin>237</ymin>
         <xmax>186</xmax>
         <ymax>268</ymax>
      </bndbox>
   </object>
   <object>
      <name>leftiris</name>
      <pose>Unspecified</pose>
      <truncated>0</truncated>
      <difficult>0</difficult>
      <bndbox>
         <xmin>188.855472645816</xmin>
         <ymin>207.622274303576</ymin>
         <xmax>202.158819268675</xmax>
         <ymax>218.06882635372</ymax>
      </bndbox>
   </object>
   <object>
      <name>righteye</name>
      <pose>Unspecified</pose>
      <truncated>0</truncated>
      <difficult>0</difficult>
      <bndbox>
         <xmin>107</xmin>
         <ymin>206</ymin>
         <xmax>144</xmax>
         <ymax>222</ymax>
      </bndbox>
   </object>
   <object>
      <name>lefteye</name>
      <pose>Unspecified</pose>
      <truncated>0</truncated>
      <difficult>0</difficult>
      <bndbox>
         <xmin>179.334564448216</xmin>
         <ymin>205.506516926331</ymin>
         <xmax>213.715621828437</xmax>
         <ymax>219.787879222731</ymax>
      </bndbox>
   </object>
   <object>
      <name>rightiris</name>
      <pose>Unspecified</pose>
      <truncated>0</truncated>
      <difficult>0</difficult>
      <bndbox>
         <xmin>118.907505732069</xmin>
         <ymin>209.438105738022</ymin>
         <xmax>133.184606657073</xmax>
         <ymax>219.25893987842</ymax>
      </bndbox>
   </object>
</annotation>
