<annotation>
   <folder>416multip416</folder>
   <filename>0393.jpg</filename>
   <path>E:\416multip416\0393.jpg</path>
   <source>
      <database>Unknow</database>
   </source>
   <size>
      <width>416</width>
      <height>416</height>
      <depth>3</depth>
   </size>
   <segmented>0</segmented>
   <object>
      <name>head</name>
      <pose>Unspecified</pose>
      <truncated>0</truncated>
      <difficult>0</difficult>
      <bndbox>
         <xmin>312</xmin>
         <ymin>77</ymin>
         <xmax>401</xmax>
         <ymax>301</ymax>
      </bndbox>
   </object>
   <object>
      <name>righteye</name>
      <pose>Unspecified</pose>
      <truncated>0</truncated>
      <difficult>0</difficult>
      <bndbox>
         <xmin>364</xmin>
         <ymin>220</ymin>
         <xmax>400</xmax>
         <ymax>237</ymax>
      </bndbox>
   </object>
   <object>
      <name>rightiris</name>
      <pose>Unspecified</pose>
      <truncated>0</truncated>
      <difficult>0</difficult>
      <bndbox>
         <xmin>379</xmin>
         <ymin>224</ymin>
         <xmax>394</xmax>
         <ymax>235</ymax>
      </bndbox>
   </object>
</annotation>
