<annotation>
   <folder>416multip416</folder>
   <filename>0394.jpg</filename>
   <path>E:\416multip416\0394.jpg</path>
   <source>
      <database>Unknow</database>
   </source>
   <size>
      <width>416</width>
      <height>416</height>
      <depth>3</depth>
   </size>
   <segmented>0</segmented>
   <object>
      <name>head</name>
      <pose>Unspecified</pose>
      <truncated>0</truncated>
      <difficult>0</difficult>
      <bndbox>
         <xmin>344</xmin>
         <ymin>64</ymin>
         <xmax>401</xmax>
         <ymax>296</ymax>
      </bndbox>
   </object>
   <object>
      <name>righteye</name>
      <pose>Unspecified</pose>
      <truncated>0</truncated>
      <difficult>0</difficult>
      <bndbox>
         <xmin>388</xmin>
         <ymin>177</ymin>
         <xmax>401</xmax>
         <ymax>197</ymax>
      </bndbox>
   </object>
</annotation>
