<annotation>
   <folder>416multip416</folder>
   <filename>0396.jpg</filename>
   <path>E:\416multip416\0396.jpg</path>
   <source>
      <database>Unknow</database>
   </source>
   <size>
      <width>416</width>
      <height>416</height>
      <depth>3</depth>
   </size>
   <segmented>0</segmented>
   <object>
      <name>head</name>
      <pose>Unspecified</pose>
      <truncated>0</truncated>
      <difficult>0</difficult>
      <bndbox>
         <xmin>126</xmin>
         <ymin>65</ymin>
         <xmax>330</xmax>
         <ymax>300</ymax>
      </bndbox>
   </object>
   <object>
      <name>mouth</name>
      <pose>Unspecified</pose>
      <truncated>0</truncated>
      <difficult>0</difficult>
      <bndbox>
         <xmin>207</xmin>
         <ymin>246</ymin>
         <xmax>261</xmax>
         <ymax>272</ymax>
      </bndbox>
   </object>
   <object>
      <name>nose</name>
      <pose>Unspecified</pose>
      <truncated>0</truncated>
      <difficult>0</difficult>
      <bndbox>
         <xmin>207</xmin>
         <ymin>215</ymin>
         <xmax>252</xmax>
         <ymax>242</ymax>
      </bndbox>
   </object>
   <object>
      <name>leftiris</name>
      <pose>Unspecified</pose>
      <truncated>0</truncated>
      <difficult>0</difficult>
      <bndbox>
         <xmin>251.561353282667</xmin>
         <ymin>182.661050777255</ymin>
         <xmax>266.46684141308</xmax>
         <ymax>192.706567964302</ymax>
      </bndbox>
   </object>
   <object>
      <name>righteye</name>
      <pose>Unspecified</pose>
      <truncated>0</truncated>
      <difficult>0</difficult>
      <bndbox>
         <xmin>181</xmin>
         <ymin>185</ymin>
         <xmax>213</xmax>
         <ymax>198</ymax>
      </bndbox>
   </object>
   <object>
      <name>lefteye</name>
      <pose>Unspecified</pose>
      <truncated>0</truncated>
      <difficult>0</difficult>
      <bndbox>
         <xmin>244.67521193249</xmin>
         <ymin>179.413673981142</ymin>
         <xmax>276.273074679345</xmax>
         <ymax>194.994689059764</ymax>
      </bndbox>
   </object>
   <object>
      <name>rightiris</name>
      <pose>Unspecified</pose>
      <truncated>0</truncated>
      <difficult>0</difficult>
      <bndbox>
         <xmin>188.867177414107</xmin>
         <ymin>187.210614401968</ymin>
         <xmax>203.271115919369</xmax>
         <ymax>197.173852007823</ymax>
      </bndbox>
   </object>
</annotation>
