<annotation>
   <folder>416multip416</folder>
   <filename>0397.jpg</filename>
   <path>E:\416multip416\0397.jpg</path>
   <source>
      <database>Unknow</database>
   </source>
   <size>
      <width>416</width>
      <height>416</height>
      <depth>3</depth>
   </size>
   <segmented>0</segmented>
   <object>
      <name>head</name>
      <pose>Unspecified</pose>
      <truncated>0</truncated>
      <difficult>0</difficult>
      <bndbox>
         <xmin>301</xmin>
         <ymin>47</ymin>
         <xmax>401</xmax>
         <ymax>301</ymax>
      </bndbox>
   </object>
   <object>
      <name>mouth</name>
      <pose>Unspecified</pose>
      <truncated>0</truncated>
      <difficult>0</difficult>
      <bndbox>
         <xmin>373</xmin>
         <ymin>253</ymin>
         <xmax>401</xmax>
         <ymax>277</ymax>
      </bndbox>
   </object>
   <object>
      <name>nose</name>
      <pose>Unspecified</pose>
      <truncated>0</truncated>
      <difficult>0</difficult>
      <bndbox>
         <xmin>381</xmin>
         <ymin>205</ymin>
         <xmax>401</xmax>
         <ymax>243</ymax>
      </bndbox>
   </object>
   <object>
      <name>righteye</name>
      <pose>Unspecified</pose>
      <truncated>0</truncated>
      <difficult>0</difficult>
      <bndbox>
         <xmin>348</xmin>
         <ymin>174</ymin>
         <xmax>387</xmax>
         <ymax>193</ymax>
      </bndbox>
   </object>
   <object>
      <name>rightiris</name>
      <pose>Unspecified</pose>
      <truncated>0</truncated>
      <difficult>0</difficult>
      <bndbox>
         <xmin>362</xmin>
         <ymin>178</ymin>
         <xmax>378</xmax>
         <ymax>192</ymax>
      </bndbox>
   </object>
</annotation>
