<annotation>
   <folder>416multip416</folder>
   <filename>0399.jpg</filename>
   <path>E:\416multip416\0399.jpg</path>
   <source>
      <database>Unknow</database>
   </source>
   <size>
      <width>416</width>
      <height>416</height>
      <depth>3</depth>
   </size>
   <segmented>0</segmented>
   <object>
      <name>head</name>
      <pose>Unspecified</pose>
      <truncated>0</truncated>
      <difficult>0</difficult>
      <bndbox>
         <xmin>123</xmin>
         <ymin>71</ymin>
         <xmax>317</xmax>
         <ymax>300</ymax>
      </bndbox>
   </object>
   <object>
      <name>mouth</name>
      <pose>Unspecified</pose>
      <truncated>0</truncated>
      <difficult>0</difficult>
      <bndbox>
         <xmin>195</xmin>
         <ymin>259</ymin>
         <xmax>247</xmax>
         <ymax>282</ymax>
      </bndbox>
   </object>
   <object>
      <name>nose</name>
      <pose>Unspecified</pose>
      <truncated>0</truncated>
      <difficult>0</difficult>
      <bndbox>
         <xmin>199</xmin>
         <ymin>220</ymin>
         <xmax>246</xmax>
         <ymax>253</ymax>
      </bndbox>
   </object>
   <object>
      <name>leftiris</name>
      <pose>Unspecified</pose>
      <truncated>0</truncated>
      <difficult>0</difficult>
      <bndbox>
         <xmin>247.976840682039</xmin>
         <ymin>194.636328252948</ymin>
         <xmax>261.362284226111</xmax>
         <ymax>206.398583929859</ymax>
      </bndbox>
   </object>
   <object>
      <name>righteye</name>
      <pose>Unspecified</pose>
      <truncated>0</truncated>
      <difficult>0</difficult>
      <bndbox>
         <xmin>172</xmin>
         <ymin>193</ymin>
         <xmax>206</xmax>
         <ymax>209</ymax>
      </bndbox>
   </object>
   <object>
      <name>lefteye</name>
      <pose>Unspecified</pose>
      <truncated>0</truncated>
      <difficult>0</difficult>
      <bndbox>
         <xmin>240.287357226216</xmin>
         <ymin>192.637896300515</ymin>
         <xmax>273.63532994958</xmax>
         <ymax>208.630046788671</ymax>
      </bndbox>
   </object>
   <object>
      <name>rightiris</name>
      <pose>Unspecified</pose>
      <truncated>0</truncated>
      <difficult>0</difficult>
      <bndbox>
         <xmin>184.585339006158</xmin>
         <ymin>195.97528381175</ymin>
         <xmax>197.88956290878</xmax>
         <ymax>206.89446456515</ymax>
      </bndbox>
   </object>
</annotation>
