<annotation>
   <folder>416multip416</folder>
   <filename>0402.jpg</filename>
   <path>E:\416multip416\0402.jpg</path>
   <source>
      <database>Unknow</database>
   </source>
   <size>
      <width>416</width>
      <height>416</height>
      <depth>3</depth>
   </size>
   <segmented>0</segmented>
   <object>
      <name>head</name>
      <pose>Unspecified</pose>
      <truncated>0</truncated>
      <difficult>0</difficult>
      <bndbox>
         <xmin>269</xmin>
         <ymin>73</ymin>
         <xmax>401</xmax>
         <ymax>301</ymax>
      </bndbox>
   </object>
   <object>
      <name>nose</name>
      <pose>Unspecified</pose>
      <truncated>0</truncated>
      <difficult>0</difficult>
      <bndbox>
         <xmin>371</xmin>
         <ymin>257</ymin>
         <xmax>401</xmax>
         <ymax>292</ymax>
      </bndbox>
   </object>
   <object>
      <name>righteye</name>
      <pose>Unspecified</pose>
      <truncated>0</truncated>
      <difficult>0</difficult>
      <bndbox>
         <xmin>338</xmin>
         <ymin>227</ymin>
         <xmax>380</xmax>
         <ymax>242</ymax>
      </bndbox>
   </object>
   <object>
      <name>rightiris</name>
      <pose>Unspecified</pose>
      <truncated>0</truncated>
      <difficult>0</difficult>
      <bndbox>
         <xmin>354</xmin>
         <ymin>229</ymin>
         <xmax>370</xmax>
         <ymax>239</ymax>
      </bndbox>
   </object>
</annotation>
