<annotation>
   <folder>416multip416</folder>
   <filename>0404.jpg</filename>
   <path>E:\416multip416\0404.jpg</path>
   <source>
      <database>Unknow</database>
   </source>
   <size>
      <width>416</width>
      <height>416</height>
      <depth>3</depth>
   </size>
   <segmented>0</segmented>
   <object>
      <name>head</name>
      <pose>Unspecified</pose>
      <truncated>0</truncated>
      <difficult>0</difficult>
      <bndbox>
         <xmin>330</xmin>
         <ymin>76</ymin>
         <xmax>401</xmax>
         <ymax>301</ymax>
      </bndbox>
   </object>
   <object>
      <name>righteye</name>
      <pose>Unspecified</pose>
      <truncated>0</truncated>
      <difficult>0</difficult>
      <bndbox>
         <xmin>372</xmin>
         <ymin>204</ymin>
         <xmax>401</xmax>
         <ymax>227</ymax>
      </bndbox>
   </object>
   <object>
      <name>rightiris</name>
      <pose>Unspecified</pose>
      <truncated>0</truncated>
      <difficult>0</difficult>
      <bndbox>
         <xmin>387</xmin>
         <ymin>209</ymin>
         <xmax>401</xmax>
         <ymax>223</ymax>
      </bndbox>
   </object>
</annotation>
