<annotation>
   <folder>416multip416</folder>
   <filename>0405.jpg</filename>
   <path>E:\416multip416\0405.jpg</path>
   <source>
      <database>Unknow</database>
   </source>
   <size>
      <width>416</width>
      <height>416</height>
      <depth>3</depth>
   </size>
   <segmented>0</segmented>
   <object>
      <name>head</name>
      <pose>Unspecified</pose>
      <truncated>0</truncated>
      <difficult>0</difficult>
      <bndbox>
         <xmin>134</xmin>
         <ymin>10</ymin>
         <xmax>323</xmax>
         <ymax>244</ymax>
      </bndbox>
   </object>
   <object>
      <name>mouth</name>
      <pose>Unspecified</pose>
      <truncated>0</truncated>
      <difficult>0</difficult>
      <bndbox>
         <xmin>197</xmin>
         <ymin>187</ymin>
         <xmax>247</xmax>
         <ymax>210</ymax>
      </bndbox>
   </object>
   <object>
      <name>nose</name>
      <pose>Unspecified</pose>
      <truncated>0</truncated>
      <difficult>0</difficult>
      <bndbox>
         <xmin>199</xmin>
         <ymin>146</ymin>
         <xmax>243</xmax>
         <ymax>176</ymax>
      </bndbox>
   </object>
   <object>
      <name>leftiris</name>
      <pose>Unspecified</pose>
      <truncated>0</truncated>
      <difficult>0</difficult>
      <bndbox>
         <xmin>248.735667310339</xmin>
         <ymin>124.208218454033</ymin>
         <xmax>262.735667310339</xmax>
         <ymax>134.103806047023</ymax>
      </bndbox>
   </object>
   <object>
      <name>righteye</name>
      <pose>Unspecified</pose>
      <truncated>0</truncated>
      <difficult>0</difficult>
      <bndbox>
         <xmin>173</xmin>
         <ymin>120</ymin>
         <xmax>206</xmax>
         <ymax>133</ymax>
      </bndbox>
   </object>
   <object>
      <name>lefteye</name>
      <pose>Unspecified</pose>
      <truncated>0</truncated>
      <difficult>0</difficult>
      <bndbox>
         <xmin>241.424238789272</xmin>
         <ymin>122.365381633479</ymin>
         <xmax>273.269073336908</xmax>
         <ymax>136.428246524953</ymax>
      </bndbox>
   </object>
   <object>
      <name>rightiris</name>
      <pose>Unspecified</pose>
      <truncated>0</truncated>
      <difficult>0</difficult>
      <bndbox>
         <xmin>184.005210075656</xmin>
         <ymin>121.721557737139</ymin>
         <xmax>197.608535780299</xmax>
         <ymax>130.849589377922</ymax>
      </bndbox>
   </object>
</annotation>
