<annotation>
   <folder>416multip416</folder>
   <filename>0406.jpg</filename>
   <path>E:\416multip416\0406.jpg</path>
   <source>
      <database>Unknow</database>
   </source>
   <size>
      <width>416</width>
      <height>416</height>
      <depth>3</depth>
   </size>
   <segmented>0</segmented>
   <object>
      <name>head</name>
      <pose>Unspecified</pose>
      <truncated>0</truncated>
      <difficult>0</difficult>
      <bndbox>
         <xmin>303</xmin>
         <ymin>73</ymin>
         <xmax>401</xmax>
         <ymax>300</ymax>
      </bndbox>
   </object>
   <object>
      <name>righteye</name>
      <pose>Unspecified</pose>
      <truncated>0</truncated>
      <difficult>0</difficult>
      <bndbox>
         <xmin>378</xmin>
         <ymin>235</ymin>
         <xmax>401</xmax>
         <ymax>257</ymax>
      </bndbox>
   </object>
   <object>
      <name>rightiris</name>
      <pose>Unspecified</pose>
      <truncated>0</truncated>
      <difficult>0</difficult>
      <bndbox>
         <xmin>392</xmin>
         <ymin>240</ymin>
         <xmax>401</xmax>
         <ymax>251</ymax>
      </bndbox>
   </object>
</annotation>
