<annotation>
   <folder>416multip416</folder>
   <filename>0407.jpg</filename>
   <path>E:\416multip416\0407.jpg</path>
   <source>
      <database>Unknow</database>
   </source>
   <size>
      <width>416</width>
      <height>416</height>
      <depth>3</depth>
   </size>
   <segmented>0</segmented>
   <object>
      <name>head</name>
      <pose>Unspecified</pose>
      <truncated>0</truncated>
      <difficult>0</difficult>
      <bndbox>
         <xmin>287</xmin>
         <ymin>15</ymin>
         <xmax>401</xmax>
         <ymax>301</ymax>
      </bndbox>
   </object>
   <object>
      <name>mouth</name>
      <pose>Unspecified</pose>
      <truncated>0</truncated>
      <difficult>0</difficult>
      <bndbox>
         <xmin>370</xmin>
         <ymin>239</ymin>
         <xmax>401</xmax>
         <ymax>267</ymax>
      </bndbox>
   </object>
   <object>
      <name>nose</name>
      <pose>Unspecified</pose>
      <truncated>0</truncated>
      <difficult>0</difficult>
      <bndbox>
         <xmin>373</xmin>
         <ymin>193</ymin>
         <xmax>401</xmax>
         <ymax>231</ymax>
      </bndbox>
   </object>
   <object>
      <name>righteye</name>
      <pose>Unspecified</pose>
      <truncated>0</truncated>
      <difficult>0</difficult>
      <bndbox>
         <xmin>337</xmin>
         <ymin>161</ymin>
         <xmax>380</xmax>
         <ymax>181</ymax>
      </bndbox>
   </object>
   <object>
      <name>rightiris</name>
      <pose>Unspecified</pose>
      <truncated>0</truncated>
      <difficult>0</difficult>
      <bndbox>
         <xmin>354</xmin>
         <ymin>164</ymin>
         <xmax>370</xmax>
         <ymax>177</ymax>
      </bndbox>
   </object>
</annotation>
