<annotation>
   <folder>416multip416</folder>
   <filename>0408.jpg</filename>
   <path>E:\416multip416\0408.jpg</path>
   <source>
      <database>Unknow</database>
   </source>
   <size>
      <width>416</width>
      <height>416</height>
      <depth>3</depth>
   </size>
   <segmented>0</segmented>
   <object>
      <name>head</name>
      <pose>Unspecified</pose>
      <truncated>0</truncated>
      <difficult>0</difficult>
      <bndbox>
         <xmin>307</xmin>
         <ymin>69</ymin>
         <xmax>401</xmax>
         <ymax>301</ymax>
      </bndbox>
   </object>
   <object>
      <name>mouth</name>
      <pose>Unspecified</pose>
      <truncated>0</truncated>
      <difficult>0</difficult>
      <bndbox>
         <xmin>381</xmin>
         <ymin>282</ymin>
         <xmax>401</xmax>
         <ymax>298</ymax>
      </bndbox>
   </object>
   <object>
      <name>nose</name>
      <pose>Unspecified</pose>
      <truncated>0</truncated>
      <difficult>0</difficult>
      <bndbox>
         <xmin>388</xmin>
         <ymin>239</ymin>
         <xmax>401</xmax>
         <ymax>271</ymax>
      </bndbox>
   </object>
   <object>
      <name>righteye</name>
      <pose>Unspecified</pose>
      <truncated>0</truncated>
      <difficult>0</difficult>
      <bndbox>
         <xmin>355</xmin>
         <ymin>203</ymin>
         <xmax>392</xmax>
         <ymax>218</ymax>
      </bndbox>
   </object>
   <object>
      <name>rightiris</name>
      <pose>Unspecified</pose>
      <truncated>0</truncated>
      <difficult>0</difficult>
      <bndbox>
         <xmin>368</xmin>
         <ymin>205</ymin>
         <xmax>382</xmax>
         <ymax>216</ymax>
      </bndbox>
   </object>
</annotation>
