<annotation>
   <folder>416multip416</folder>
   <filename>0409.jpg</filename>
   <path>E:\416multip416\0409.jpg</path>
   <source>
      <database>Unknow</database>
   </source>
   <size>
      <width>416</width>
      <height>416</height>
      <depth>3</depth>
   </size>
   <segmented>0</segmented>
   <object>
      <name>head</name>
      <pose>Unspecified</pose>
      <truncated>0</truncated>
      <difficult>0</difficult>
      <bndbox>
         <xmin>278</xmin>
         <ymin>64</ymin>
         <xmax>401</xmax>
         <ymax>301</ymax>
      </bndbox>
   </object>
   <object>
      <name>mouth</name>
      <pose>Unspecified</pose>
      <truncated>0</truncated>
      <difficult>0</difficult>
      <bndbox>
         <xmin>368</xmin>
         <ymin>270</ymin>
         <xmax>401</xmax>
         <ymax>297</ymax>
      </bndbox>
   </object>
   <object>
      <name>nose</name>
      <pose>Unspecified</pose>
      <truncated>0</truncated>
      <difficult>0</difficult>
      <bndbox>
         <xmin>371</xmin>
         <ymin>228</ymin>
         <xmax>401</xmax>
         <ymax>265</ymax>
      </bndbox>
   </object>
   <object>
      <name>righteye</name>
      <pose>Unspecified</pose>
      <truncated>0</truncated>
      <difficult>0</difficult>
      <bndbox>
         <xmin>337</xmin>
         <ymin>201</ymin>
         <xmax>373</xmax>
         <ymax>215</ymax>
      </bndbox>
   </object>
   <object>
      <name>rightiris</name>
      <pose>Unspecified</pose>
      <truncated>0</truncated>
      <difficult>0</difficult>
      <bndbox>
         <xmin>351</xmin>
         <ymin>203</ymin>
         <xmax>366</xmax>
         <ymax>213</ymax>
      </bndbox>
   </object>
</annotation>
