<annotation>
   <folder>416multip416</folder>
   <filename>0411.jpg</filename>
   <path>E:\416multip416\0411.jpg</path>
   <source>
      <database>Unknow</database>
   </source>
   <size>
      <width>416</width>
      <height>416</height>
      <depth>3</depth>
   </size>
   <segmented>0</segmented>
   <object>
      <name>head</name>
      <pose>Unspecified</pose>
      <truncated>0</truncated>
      <difficult>0</difficult>
      <bndbox>
         <xmin>299</xmin>
         <ymin>109</ymin>
         <xmax>401</xmax>
         <ymax>301</ymax>
      </bndbox>
   </object>
   <object>
      <name>righteye</name>
      <pose>Unspecified</pose>
      <truncated>0</truncated>
      <difficult>0</difficult>
      <bndbox>
         <xmin>350</xmin>
         <ymin>255</ymin>
         <xmax>392</xmax>
         <ymax>274</ymax>
      </bndbox>
   </object>
   <object>
      <name>rightiris</name>
      <pose>Unspecified</pose>
      <truncated>0</truncated>
      <difficult>0</difficult>
      <bndbox>
         <xmin>367</xmin>
         <ymin>258</ymin>
         <xmax>382</xmax>
         <ymax>270</ymax>
      </bndbox>
   </object>
</annotation>
