<annotation>
   <folder>416multip416</folder>
   <filename>0412.jpg</filename>
   <path>E:\416multip416\0412.jpg</path>
   <source>
      <database>Unknow</database>
   </source>
   <size>
      <width>416</width>
      <height>416</height>
      <depth>3</depth>
   </size>
   <segmented>0</segmented>
   <object>
      <name>head</name>
      <pose>Unspecified</pose>
      <truncated>0</truncated>
      <difficult>0</difficult>
      <bndbox>
         <xmin>290</xmin>
         <ymin>28</ymin>
         <xmax>401</xmax>
         <ymax>301</ymax>
      </bndbox>
   </object>
   <object>
      <name>mouth</name>
      <pose>Unspecified</pose>
      <truncated>0</truncated>
      <difficult>0</difficult>
      <bndbox>
         <xmin>370</xmin>
         <ymin>238</ymin>
         <xmax>401</xmax>
         <ymax>270</ymax>
      </bndbox>
   </object>
   <object>
      <name>nose</name>
      <pose>Unspecified</pose>
      <truncated>0</truncated>
      <difficult>0</difficult>
      <bndbox>
         <xmin>378</xmin>
         <ymin>192</ymin>
         <xmax>401</xmax>
         <ymax>226</ymax>
      </bndbox>
   </object>
   <object>
      <name>righteye</name>
      <pose>Unspecified</pose>
      <truncated>0</truncated>
      <difficult>0</difficult>
      <bndbox>
         <xmin>350</xmin>
         <ymin>161</ymin>
         <xmax>389</xmax>
         <ymax>182</ymax>
      </bndbox>
   </object>
   <object>
      <name>rightiris</name>
      <pose>Unspecified</pose>
      <truncated>0</truncated>
      <difficult>0</difficult>
      <bndbox>
         <xmin>363</xmin>
         <ymin>165</ymin>
         <xmax>379</xmax>
         <ymax>179</ymax>
      </bndbox>
   </object>
</annotation>
