<annotation>
   <folder>416multip416</folder>
   <filename>0413.jpg</filename>
   <path>E:\416multip416\0413.jpg</path>
   <source>
      <database>Unknow</database>
   </source>
   <size>
      <width>416</width>
      <height>416</height>
      <depth>3</depth>
   </size>
   <segmented>0</segmented>
   <object>
      <name>head</name>
      <pose>Unspecified</pose>
      <truncated>0</truncated>
      <difficult>0</difficult>
      <bndbox>
         <xmin>286</xmin>
         <ymin>33</ymin>
         <xmax>401</xmax>
         <ymax>301</ymax>
      </bndbox>
   </object>
   <object>
      <name>mouth</name>
      <pose>Unspecified</pose>
      <truncated>0</truncated>
      <difficult>0</difficult>
      <bndbox>
         <xmin>379</xmin>
         <ymin>253</ymin>
         <xmax>401</xmax>
         <ymax>278</ymax>
      </bndbox>
   </object>
   <object>
      <name>nose</name>
      <pose>Unspecified</pose>
      <truncated>0</truncated>
      <difficult>0</difficult>
      <bndbox>
         <xmin>383</xmin>
         <ymin>213</ymin>
         <xmax>401</xmax>
         <ymax>244</ymax>
      </bndbox>
   </object>
   <object>
      <name>righteye</name>
      <pose>Unspecified</pose>
      <truncated>0</truncated>
      <difficult>0</difficult>
      <bndbox>
         <xmin>350</xmin>
         <ymin>174</ymin>
         <xmax>390</xmax>
         <ymax>191</ymax>
      </bndbox>
   </object>
   <object>
      <name>rightiris</name>
      <pose>Unspecified</pose>
      <truncated>0</truncated>
      <difficult>0</difficult>
      <bndbox>
         <xmin>365</xmin>
         <ymin>177</ymin>
         <xmax>381</xmax>
         <ymax>189</ymax>
      </bndbox>
   </object>
</annotation>
