<annotation>
   <folder>416multip416</folder>
   <filename>0414.jpg</filename>
   <path>E:\416multip416\0414.jpg</path>
   <source>
      <database>Unknow</database>
   </source>
   <size>
      <width>416</width>
      <height>416</height>
      <depth>3</depth>
   </size>
   <segmented>0</segmented>
   <object>
      <name>head</name>
      <pose>Unspecified</pose>
      <truncated>0</truncated>
      <difficult>0</difficult>
      <bndbox>
         <xmin>326</xmin>
         <ymin>122</ymin>
         <xmax>401</xmax>
         <ymax>301</ymax>
      </bndbox>
   </object>
   <object>
      <name>righteye</name>
      <pose>Unspecified</pose>
      <truncated>0</truncated>
      <difficult>0</difficult>
      <bndbox>
         <xmin>380</xmin>
         <ymin>251</ymin>
         <xmax>401</xmax>
         <ymax>267</ymax>
      </bndbox>
   </object>
   <object>
      <name>rightiris</name>
      <pose>Unspecified</pose>
      <truncated>0</truncated>
      <difficult>0</difficult>
      <bndbox>
         <xmin>392</xmin>
         <ymin>254</ymin>
         <xmax>401</xmax>
         <ymax>266</ymax>
      </bndbox>
   </object>
</annotation>
