<annotation>
   <folder>416multip416</folder>
   <filename>0415.jpg</filename>
   <path>E:\416multip416\0415.jpg</path>
   <source>
      <database>Unknow</database>
   </source>
   <size>
      <width>416</width>
      <height>416</height>
      <depth>3</depth>
   </size>
   <segmented>0</segmented>
   <object>
      <name>head</name>
      <pose>Unspecified</pose>
      <truncated>0</truncated>
      <difficult>0</difficult>
      <bndbox>
         <xmin>308</xmin>
         <ymin>46</ymin>
         <xmax>401</xmax>
         <ymax>301</ymax>
      </bndbox>
   </object>
   <object>
      <name>righteye</name>
      <pose>Unspecified</pose>
      <truncated>0</truncated>
      <difficult>0</difficult>
      <bndbox>
         <xmin>369</xmin>
         <ymin>182</ymin>
         <xmax>401</xmax>
         <ymax>198</ymax>
      </bndbox>
   </object>
   <object>
      <name>rightiris</name>
      <pose>Unspecified</pose>
      <truncated>0</truncated>
      <difficult>0</difficult>
      <bndbox>
         <xmin>381</xmin>
         <ymin>185</ymin>
         <xmax>396</xmax>
         <ymax>197</ymax>
      </bndbox>
   </object>
</annotation>
