<annotation>
   <folder>416multip416</folder>
   <filename>0416.jpg</filename>
   <path>E:\416multip416\0416.jpg</path>
   <source>
      <database>Unknow</database>
   </source>
   <size>
      <width>416</width>
      <height>416</height>
      <depth>3</depth>
   </size>
   <segmented>0</segmented>
   <object>
      <name>head</name>
      <pose>Unspecified</pose>
      <truncated>0</truncated>
      <difficult>0</difficult>
      <bndbox>
         <xmin>306</xmin>
         <ymin>74</ymin>
         <xmax>401</xmax>
         <ymax>300</ymax>
      </bndbox>
   </object>
   <object>
      <name>righteye</name>
      <pose>Unspecified</pose>
      <truncated>0</truncated>
      <difficult>0</difficult>
      <bndbox>
         <xmin>375</xmin>
         <ymin>219</ymin>
         <xmax>401</xmax>
         <ymax>235</ymax>
      </bndbox>
   </object>
   <object>
      <name>rightiris</name>
      <pose>Unspecified</pose>
      <truncated>0</truncated>
      <difficult>0</difficult>
      <bndbox>
         <xmin>388</xmin>
         <ymin>222</ymin>
         <xmax>401</xmax>
         <ymax>234</ymax>
      </bndbox>
   </object>
</annotation>
