<annotation>
   <folder>416multip416</folder>
   <filename>0417.jpg</filename>
   <path>E:\416multip416\0417.jpg</path>
   <source>
      <database>Unknow</database>
   </source>
   <size>
      <width>416</width>
      <height>416</height>
      <depth>3</depth>
   </size>
   <segmented>0</segmented>
   <object>
      <name>head</name>
      <pose>Unspecified</pose>
      <truncated>0</truncated>
      <difficult>0</difficult>
      <bndbox>
         <xmin>314</xmin>
         <ymin>85</ymin>
         <xmax>401</xmax>
         <ymax>301</ymax>
      </bndbox>
   </object>
   <object>
      <name>righteye</name>
      <pose>Unspecified</pose>
      <truncated>0</truncated>
      <difficult>0</difficult>
      <bndbox>
         <xmin>368</xmin>
         <ymin>231</ymin>
         <xmax>401</xmax>
         <ymax>249</ymax>
      </bndbox>
   </object>
   <object>
      <name>rightiris</name>
      <pose>Unspecified</pose>
      <truncated>0</truncated>
      <difficult>0</difficult>
      <bndbox>
         <xmin>383</xmin>
         <ymin>234</ymin>
         <xmax>398</xmax>
         <ymax>246</ymax>
      </bndbox>
   </object>
</annotation>
