<annotation>
   <folder>416multip416</folder>
   <filename>0418.jpg</filename>
   <path>E:\416multip416\0418.jpg</path>
   <source>
      <database>Unknow</database>
   </source>
   <size>
      <width>416</width>
      <height>416</height>
      <depth>3</depth>
   </size>
   <segmented>0</segmented>
   <object>
      <name>head</name>
      <pose>Unspecified</pose>
      <truncated>0</truncated>
      <difficult>0</difficult>
      <bndbox>
         <xmin>279</xmin>
         <ymin>92</ymin>
         <xmax>401</xmax>
         <ymax>301</ymax>
      </bndbox>
   </object>
   <object>
      <name>nose</name>
      <pose>Unspecified</pose>
      <truncated>0</truncated>
      <difficult>0</difficult>
      <bndbox>
         <xmin>347</xmin>
         <ymin>258</ymin>
         <xmax>401</xmax>
         <ymax>296</ymax>
      </bndbox>
   </object>
   <object>
      <name>righteye</name>
      <pose>Unspecified</pose>
      <truncated>0</truncated>
      <difficult>0</difficult>
      <bndbox>
         <xmin>315</xmin>
         <ymin>233</ymin>
         <xmax>357</xmax>
         <ymax>248</ymax>
      </bndbox>
   </object>
   <object>
      <name>rightiris</name>
      <pose>Unspecified</pose>
      <truncated>0</truncated>
      <difficult>0</difficult>
      <bndbox>
         <xmin>330</xmin>
         <ymin>236</ymin>
         <xmax>345</xmax>
         <ymax>246</ymax>
      </bndbox>
   </object>
</annotation>
