<annotation>
   <folder>416multip416</folder>
   <filename>0420.jpg</filename>
   <path>E:\416multip416\0420.jpg</path>
   <source>
      <database>Unknow</database>
   </source>
   <size>
      <width>416</width>
      <height>416</height>
      <depth>3</depth>
   </size>
   <segmented>0</segmented>
   <object>
      <name>head</name>
      <pose>Unspecified</pose>
      <truncated>0</truncated>
      <difficult>0</difficult>
      <bndbox>
         <xmin>328</xmin>
         <ymin>2</ymin>
         <xmax>401</xmax>
         <ymax>298</ymax>
      </bndbox>
   </object>
   <object>
      <name>righteye</name>
      <pose>Unspecified</pose>
      <truncated>0</truncated>
      <difficult>0</difficult>
      <bndbox>
         <xmin>378</xmin>
         <ymin>141</ymin>
         <xmax>401</xmax>
         <ymax>161</ymax>
      </bndbox>
   </object>
   <object>
      <name>rightiris</name>
      <pose>Unspecified</pose>
      <truncated>0</truncated>
      <difficult>0</difficult>
      <bndbox>
         <xmin>392</xmin>
         <ymin>145</ymin>
         <xmax>401</xmax>
         <ymax>159</ymax>
      </bndbox>
   </object>
</annotation>
