<annotation>
   <folder>416multip416</folder>
   <filename>0421.jpg</filename>
   <path>E:\416multip416\0421.jpg</path>
   <source>
      <database>Unknow</database>
   </source>
   <size>
      <width>416</width>
      <height>416</height>
      <depth>3</depth>
   </size>
   <segmented>0</segmented>
   <object>
      <name>head</name>
      <pose>Unspecified</pose>
      <truncated>0</truncated>
      <difficult>0</difficult>
      <bndbox>
         <xmin>323</xmin>
         <ymin>58</ymin>
         <xmax>401</xmax>
         <ymax>294</ymax>
      </bndbox>
   </object>
   <object>
      <name>righteye</name>
      <pose>Unspecified</pose>
      <truncated>0</truncated>
      <difficult>0</difficult>
      <bndbox>
         <xmin>385</xmin>
         <ymin>176</ymin>
         <xmax>401</xmax>
         <ymax>194</ymax>
      </bndbox>
   </object>
</annotation>
