<annotation>
   <folder>416multip416</folder>
   <filename>0422.jpg</filename>
   <path>E:\416multip416\0422.jpg</path>
   <source>
      <database>Unknow</database>
   </source>
   <size>
      <width>416</width>
      <height>416</height>
      <depth>3</depth>
   </size>
   <segmented>0</segmented>
   <object>
      <name>head</name>
      <pose>Unspecified</pose>
      <truncated>0</truncated>
      <difficult>0</difficult>
      <bndbox>
         <xmin>321</xmin>
         <ymin>63</ymin>
         <xmax>401</xmax>
         <ymax>301</ymax>
      </bndbox>
   </object>
   <object>
      <name>righteye</name>
      <pose>Unspecified</pose>
      <truncated>0</truncated>
      <difficult>0</difficult>
      <bndbox>
         <xmin>364</xmin>
         <ymin>210</ymin>
         <xmax>401</xmax>
         <ymax>230</ymax>
      </bndbox>
   </object>
   <object>
      <name>rightiris</name>
      <pose>Unspecified</pose>
      <truncated>0</truncated>
      <difficult>0</difficult>
      <bndbox>
         <xmin>382</xmin>
         <ymin>213</ymin>
         <xmax>400</xmax>
         <ymax>227</ymax>
      </bndbox>
   </object>
</annotation>
