<annotation>
   <folder>416multip416</folder>
   <filename>0425.jpg</filename>
   <path>E:\416multip416\0425.jpg</path>
   <source>
      <database>Unknow</database>
   </source>
   <size>
      <width>416</width>
      <height>416</height>
      <depth>3</depth>
   </size>
   <segmented>0</segmented>
   <object>
      <name>head</name>
      <pose>Unspecified</pose>
      <truncated>0</truncated>
      <difficult>0</difficult>
      <bndbox>
         <xmin>317</xmin>
         <ymin>21</ymin>
         <xmax>401</xmax>
         <ymax>301</ymax>
      </bndbox>
   </object>
   <object>
      <name>righteye</name>
      <pose>Unspecified</pose>
      <truncated>0</truncated>
      <difficult>0</difficult>
      <bndbox>
         <xmin>375</xmin>
         <ymin>172</ymin>
         <xmax>401</xmax>
         <ymax>190</ymax>
      </bndbox>
   </object>
   <object>
      <name>rightiris</name>
      <pose>Unspecified</pose>
      <truncated>0</truncated>
      <difficult>0</difficult>
      <bndbox>
         <xmin>384</xmin>
         <ymin>175</ymin>
         <xmax>400</xmax>
         <ymax>188</ymax>
      </bndbox>
   </object>
</annotation>
