<annotation>
   <folder>416multip416</folder>
   <filename>0426.jpg</filename>
   <path>E:\416multip416\0426.jpg</path>
   <source>
      <database>Unknow</database>
   </source>
   <size>
      <width>416</width>
      <height>416</height>
      <depth>3</depth>
   </size>
   <segmented>0</segmented>
   <object>
      <name>head</name>
      <pose>Unspecified</pose>
      <truncated>0</truncated>
      <difficult>0</difficult>
      <bndbox>
         <xmin>336</xmin>
         <ymin>103.887323943662</ymin>
         <xmax>401</xmax>
         <ymax>300.887323943662</ymax>
      </bndbox>
   </object>
   <object>
      <name>righteye</name>
      <pose>Unspecified</pose>
      <truncated>0</truncated>
      <difficult>0</difficult>
      <bndbox>
         <xmin>379</xmin>
         <ymin>230</ymin>
         <xmax>401</xmax>
         <ymax>248</ymax>
      </bndbox>
   </object>
   <object>
      <name>rightiris</name>
      <pose>Unspecified</pose>
      <truncated>0</truncated>
      <difficult>0</difficult>
      <bndbox>
         <xmin>393</xmin>
         <ymin>234</ymin>
         <xmax>401</xmax>
         <ymax>247</ymax>
      </bndbox>
   </object>
</annotation>
