<annotation>
   <folder>416multip416</folder>
   <filename>0427.jpg</filename>
   <path>E:\416multip416\0427.jpg</path>
   <source>
      <database>Unknow</database>
   </source>
   <size>
      <width>416</width>
      <height>416</height>
      <depth>3</depth>
   </size>
   <segmented>0</segmented>
   <object>
      <name>head</name>
      <pose>Unspecified</pose>
      <truncated>0</truncated>
      <difficult>0</difficult>
      <bndbox>
         <xmin>188</xmin>
         <ymin>111</ymin>
         <xmax>401</xmax>
         <ymax>301</ymax>
      </bndbox>
   </object>
   <object>
      <name>nose</name>
      <pose>Unspecified</pose>
      <truncated>0</truncated>
      <difficult>0</difficult>
      <bndbox>
         <xmin>272</xmin>
         <ymin>276</ymin>
         <xmax>323</xmax>
         <ymax>301</ymax>
      </bndbox>
   </object>
   <object>
      <name>leftiris</name>
      <pose>Unspecified</pose>
      <truncated>0</truncated>
      <difficult>0</difficult>
      <bndbox>
         <xmin>320.631558083323</xmin>
         <ymin>244.096883366867</ymin>
         <xmax>335.897935353079</xmax>
         <ymax>255.405872888289</ymax>
      </bndbox>
   </object>
   <object>
      <name>righteye</name>
      <pose>Unspecified</pose>
      <truncated>0</truncated>
      <difficult>0</difficult>
      <bndbox>
         <xmin>245</xmin>
         <ymin>246</ymin>
         <xmax>280</xmax>
         <ymax>260</ymax>
      </bndbox>
   </object>
   <object>
      <name>lefteye</name>
      <pose>Unspecified</pose>
      <truncated>0</truncated>
      <difficult>0</difficult>
      <bndbox>
         <xmin>312.036101071833</xmin>
         <ymin>241.895062610323</ymin>
         <xmax>347.556457125194</xmax>
         <ymax>258.238784720765</ymax>
      </bndbox>
   </object>
   <object>
      <name>rightiris</name>
      <pose>Unspecified</pose>
      <truncated>0</truncated>
      <difficult>0</difficult>
      <bndbox>
         <xmin>256.867177414107</xmin>
         <ymin>248.64644699158</ymin>
         <xmax>272.157419122353</xmax>
         <ymax>258.456701015571</ymax>
      </bndbox>
   </object>
</annotation>
