<annotation>
   <folder>416multip416</folder>
   <filename>0428.jpg</filename>
   <path>E:\416multip416\0428.jpg</path>
   <source>
      <database>Unknow</database>
   </source>
   <size>
      <width>416</width>
      <height>416</height>
      <depth>3</depth>
   </size>
   <segmented>0</segmented>
   <object>
      <name>head</name>
      <pose>Unspecified</pose>
      <truncated>0</truncated>
      <difficult>0</difficult>
      <bndbox>
         <xmin>174</xmin>
         <ymin>23</ymin>
         <xmax>388</xmax>
         <ymax>281</ymax>
      </bndbox>
   </object>
   <object>
      <name>mouth</name>
      <pose>Unspecified</pose>
      <truncated>0</truncated>
      <difficult>0</difficult>
      <bndbox>
         <xmin>257</xmin>
         <ymin>224</ymin>
         <xmax>316</xmax>
         <ymax>253</ymax>
      </bndbox>
   </object>
   <object>
      <name>nose</name>
      <pose>Unspecified</pose>
      <truncated>0</truncated>
      <difficult>0</difficult>
      <bndbox>
         <xmin>263</xmin>
         <ymin>192</ymin>
         <xmax>311</xmax>
         <ymax>218</ymax>
      </bndbox>
   </object>
   <object>
      <name>leftiris</name>
      <pose>Unspecified</pose>
      <truncated>0</truncated>
      <difficult>0</difficult>
      <bndbox>
         <xmin>309.831885388887</xmin>
         <ymin>163.256669641553</ymin>
         <xmax>323.06256076072</xmax>
         <ymax>172.359690663711</ymax>
      </bndbox>
   </object>
   <object>
      <name>righteye</name>
      <pose>Unspecified</pose>
      <truncated>0</truncated>
      <difficult>0</difficult>
      <bndbox>
         <xmin>238</xmin>
         <ymin>162</ymin>
         <xmax>270</xmax>
         <ymax>174</ymax>
      </bndbox>
   </object>
   <object>
      <name>lefteye</name>
      <pose>Unspecified</pose>
      <truncated>0</truncated>
      <difficult>0</difficult>
      <bndbox>
         <xmin>302.626119907305</xmin>
         <ymin>161.318598393545</ymin>
         <xmax>334.006066359355</xmax>
         <ymax>173.754354950469</ymax>
      </bndbox>
   </object>
   <object>
      <name>rightiris</name>
      <pose>Unspecified</pose>
      <truncated>0</truncated>
      <difficult>0</difficult>
      <bndbox>
         <xmin>248.234212723753</xmin>
         <ymin>164.486660716894</ymin>
         <xmax>261.251079400158</xmax>
         <ymax>173.173244830986</ymax>
      </bndbox>
   </object>
</annotation>
