<annotation>
   <folder>416multip416</folder>
   <filename>0429.jpg</filename>
   <path>E:\416multip416\0429.jpg</path>
   <source>
      <database>Unknow</database>
   </source>
   <size>
      <width>416</width>
      <height>416</height>
      <depth>3</depth>
   </size>
   <segmented>0</segmented>
   <object>
      <name>head</name>
      <pose>Unspecified</pose>
      <truncated>0</truncated>
      <difficult>0</difficult>
      <bndbox>
         <xmin>216</xmin>
         <ymin>73</ymin>
         <xmax>393</xmax>
         <ymax>301</ymax>
      </bndbox>
   </object>
   <object>
      <name>mouth</name>
      <pose>Unspecified</pose>
      <truncated>0</truncated>
      <difficult>0</difficult>
      <bndbox>
         <xmin>269</xmin>
         <ymin>267</ymin>
         <xmax>323</xmax>
         <ymax>289</ymax>
      </bndbox>
   </object>
   <object>
      <name>nose</name>
      <pose>Unspecified</pose>
      <truncated>0</truncated>
      <difficult>0</difficult>
      <bndbox>
         <xmin>272</xmin>
         <ymin>222</ymin>
         <xmax>323</xmax>
         <ymax>257</ymax>
      </bndbox>
   </object>
   <object>
      <name>leftiris</name>
      <pose>Unspecified</pose>
      <truncated>0</truncated>
      <difficult>0</difficult>
      <bndbox>
         <xmin>326.306377710943</xmin>
         <ymin>196.390632696352</ymin>
         <xmax>339.835184933521</xmax>
         <ymax>205.982066139859</ymax>
      </bndbox>
   </object>
   <object>
      <name>righteye</name>
      <pose>Unspecified</pose>
      <truncated>0</truncated>
      <difficult>0</difficult>
      <bndbox>
         <xmin>247</xmin>
         <ymin>190</ymin>
         <xmax>281</xmax>
         <ymax>206</ymax>
      </bndbox>
   </object>
   <object>
      <name>lefteye</name>
      <pose>Unspecified</pose>
      <truncated>0</truncated>
      <difficult>0</difficult>
      <bndbox>
         <xmin>317.690257718364</xmin>
         <ymin>194.274875319107</ymin>
         <xmax>351.260274770641</xmax>
         <ymax>209.649378927083</ymax>
      </bndbox>
   </object>
   <object>
      <name>rightiris</name>
      <pose>Unspecified</pose>
      <truncated>0</truncated>
      <difficult>0</difficult>
      <bndbox>
         <xmin>260.990308191646</xmin>
         <ymin>193.012646557286</ymin>
         <xmax>273.964605255313</xmax>
         <ymax>203.443157287166</ymax>
      </bndbox>
   </object>
</annotation>
