<annotation>
   <folder>416multip416</folder>
   <filename>0430.jpg</filename>
   <path>E:\416multip416\0430.jpg</path>
   <source>
      <database>Unknow</database>
   </source>
   <size>
      <width>416</width>
      <height>416</height>
      <depth>3</depth>
   </size>
   <segmented>0</segmented>
   <object>
      <name>head</name>
      <pose>Unspecified</pose>
      <truncated>0</truncated>
      <difficult>0</difficult>
      <bndbox>
         <xmin>192</xmin>
         <ymin>65</ymin>
         <xmax>382</xmax>
         <ymax>300</ymax>
      </bndbox>
   </object>
   <object>
      <name>mouth</name>
      <pose>Unspecified</pose>
      <truncated>0</truncated>
      <difficult>0</difficult>
      <bndbox>
         <xmin>254</xmin>
         <ymin>250</ymin>
         <xmax>313</xmax>
         <ymax>279</ymax>
      </bndbox>
   </object>
   <object>
      <name>nose</name>
      <pose>Unspecified</pose>
      <truncated>0</truncated>
      <difficult>0</difficult>
      <bndbox>
         <xmin>260</xmin>
         <ymin>211</ymin>
         <xmax>312</xmax>
         <ymax>245</ymax>
      </bndbox>
   </object>
   <object>
      <name>leftiris</name>
      <pose>Unspecified</pose>
      <truncated>0</truncated>
      <difficult>0</difficult>
      <bndbox>
         <xmin>313.106079387346</xmin>
         <ymin>190.85228850585</ymin>
         <xmax>326.1810570757</xmax>
         <ymax>200.207997842985</ymax>
      </bndbox>
   </object>
   <object>
      <name>righteye</name>
      <pose>Unspecified</pose>
      <truncated>0</truncated>
      <difficult>0</difficult>
      <bndbox>
         <xmin>235</xmin>
         <ymin>186</ymin>
         <xmax>268</xmax>
         <ymax>199</ymax>
      </bndbox>
   </object>
   <object>
      <name>lefteye</name>
      <pose>Unspecified</pose>
      <truncated>0</truncated>
      <difficult>0</difficult>
      <bndbox>
         <xmin>304.607343889916</xmin>
         <ymin>188.004685333855</ymin>
         <xmax>338.493327732234</xmax>
         <ymax>202.060286348835</ymax>
      </bndbox>
   </object>
   <object>
      <name>rightiris</name>
      <pose>Unspecified</pose>
      <truncated>0</truncated>
      <difficult>0</difficult>
      <bndbox>
         <xmin>246.18197707578</xmin>
         <ymin>188.871665179224</ymin>
         <xmax>259.825545307304</xmax>
         <ymax>197.701960452717</ymax>
      </bndbox>
   </object>
</annotation>
