<annotation>
   <folder>416multip416</folder>
   <filename>0431.jpg</filename>
   <path>E:\416multip416\0431.jpg</path>
   <source>
      <database>Unknow</database>
   </source>
   <size>
      <width>416</width>
      <height>416</height>
      <depth>3</depth>
   </size>
   <segmented>0</segmented>
   <object>
      <name>head</name>
      <pose>Unspecified</pose>
      <truncated>0</truncated>
      <difficult>0</difficult>
      <bndbox>
         <xmin>165</xmin>
         <ymin>86</ymin>
         <xmax>366</xmax>
         <ymax>301</ymax>
      </bndbox>
   </object>
   <object>
      <name>mouth</name>
      <pose>Unspecified</pose>
      <truncated>0</truncated>
      <difficult>0</difficult>
      <bndbox>
         <xmin>230</xmin>
         <ymin>291</ymin>
         <xmax>287</xmax>
         <ymax>301</ymax>
      </bndbox>
   </object>
   <object>
      <name>nose</name>
      <pose>Unspecified</pose>
      <truncated>0</truncated>
      <difficult>0</difficult>
      <bndbox>
         <xmin>237</xmin>
         <ymin>254</ymin>
         <xmax>287</xmax>
         <ymax>285</ymax>
      </bndbox>
   </object>
   <object>
      <name>leftiris</name>
      <pose>Unspecified</pose>
      <truncated>0</truncated>
      <difficult>0</difficult>
      <bndbox>
         <xmin>286.811547136942</xmin>
         <ymin>228.834810246255</ymin>
         <xmax>299.658958750087</xmax>
         <ymax>238.834810246255</ymax>
      </bndbox>
   </object>
   <object>
      <name>righteye</name>
      <pose>Unspecified</pose>
      <truncated>0</truncated>
      <difficult>0</difficult>
      <bndbox>
         <xmin>211</xmin>
         <ymin>222</ymin>
         <xmax>244</xmax>
         <ymax>237</ymax>
      </bndbox>
   </object>
   <object>
      <name>lefteye</name>
      <pose>Unspecified</pose>
      <truncated>0</truncated>
      <difficult>0</difficult>
      <bndbox>
         <xmin>278.765854649798</xmin>
         <ymin>226.346760431457</ymin>
         <xmax>310.634450144542</xmax>
         <ymax>240.760357563935</ymax>
      </bndbox>
   </object>
   <object>
      <name>rightiris</name>
      <pose>Unspecified</pose>
      <truncated>0</truncated>
      <difficult>0</difficult>
      <bndbox>
         <xmin>223.403490158713</xmin>
         <ymin>225.603295491767</ymin>
         <xmax>236.715176777067</xmax>
         <ymax>235.470964120824</ymax>
      </bndbox>
   </object>
</annotation>
