<annotation>
   <folder>416multip416</folder>
   <filename>0433.jpg</filename>
   <path>E:\416multip416\0433.jpg</path>
   <source>
      <database>Unknow</database>
   </source>
   <size>
      <width>416</width>
      <height>416</height>
      <depth>3</depth>
   </size>
   <segmented>0</segmented>
   <object>
      <name>head</name>
      <pose>Unspecified</pose>
      <truncated>0</truncated>
      <difficult>0</difficult>
      <bndbox>
         <xmin>170</xmin>
         <ymin>53</ymin>
         <xmax>359</xmax>
         <ymax>300</ymax>
      </bndbox>
   </object>
   <object>
      <name>mouth</name>
      <pose>Unspecified</pose>
      <truncated>0</truncated>
      <difficult>0</difficult>
      <bndbox>
         <xmin>235</xmin>
         <ymin>254</ymin>
         <xmax>295</xmax>
         <ymax>279</ymax>
      </bndbox>
   </object>
   <object>
      <name>nose</name>
      <pose>Unspecified</pose>
      <truncated>0</truncated>
      <difficult>0</difficult>
      <bndbox>
         <xmin>245</xmin>
         <ymin>218</ymin>
         <xmax>289</xmax>
         <ymax>248</ymax>
      </bndbox>
   </object>
   <object>
      <name>leftiris</name>
      <pose>Unspecified</pose>
      <truncated>0</truncated>
      <difficult>0</difficult>
      <bndbox>
         <xmin>291.885903284398</xmin>
         <ymin>192.545416803145</ymin>
         <xmax>306.384671771996</xmax>
         <ymax>203.33976927623</ymax>
      </bndbox>
   </object>
   <object>
      <name>righteye</name>
      <pose>Unspecified</pose>
      <truncated>0</truncated>
      <difficult>0</difficult>
      <bndbox>
         <xmin>216</xmin>
         <ymin>192</ymin>
         <xmax>251</xmax>
         <ymax>204</ymax>
      </bndbox>
   </object>
   <object>
      <name>lefteye</name>
      <pose>Unspecified</pose>
      <truncated>0</truncated>
      <difficult>0</difficult>
      <bndbox>
         <xmin>287.078385704641</xmin>
         <ymin>189.984050832375</ymin>
         <xmax>316.037814805673</xmax>
         <ymax>204.926587309164</ymax>
      </bndbox>
   </object>
   <object>
      <name>rightiris</name>
      <pose>Unspecified</pose>
      <truncated>0</truncated>
      <difficult>0</difficult>
      <bndbox>
         <xmin>229.667959830869</xmin>
         <ymin>193.776931557633</ymin>
         <xmax>245.159942667987</xmax>
         <ymax>202.943064767997</ymax>
      </bndbox>
   </object>
</annotation>
