<annotation>
   <folder>416multip416</folder>
   <filename>0434.jpg</filename>
   <path>E:\416multip416\0434.jpg</path>
   <source>
      <database>Unknow</database>
   </source>
   <size>
      <width>416</width>
      <height>416</height>
      <depth>3</depth>
   </size>
   <segmented>0</segmented>
   <object>
      <name>head</name>
      <pose>Unspecified</pose>
      <truncated>0</truncated>
      <difficult>0</difficult>
      <bndbox>
         <xmin>219</xmin>
         <ymin>66</ymin>
         <xmax>401</xmax>
         <ymax>301</ymax>
      </bndbox>
   </object>
   <object>
      <name>mouth</name>
      <pose>Unspecified</pose>
      <truncated>0</truncated>
      <difficult>0</difficult>
      <bndbox>
         <xmin>279</xmin>
         <ymin>261</ymin>
         <xmax>340</xmax>
         <ymax>287</ymax>
      </bndbox>
   </object>
   <object>
      <name>nose</name>
      <pose>Unspecified</pose>
      <truncated>0</truncated>
      <difficult>0</difficult>
      <bndbox>
         <xmin>284</xmin>
         <ymin>218</ymin>
         <xmax>334</xmax>
         <ymax>252</ymax>
      </bndbox>
   </object>
   <object>
      <name>leftiris</name>
      <pose>Unspecified</pose>
      <truncated>0</truncated>
      <difficult>0</difficult>
      <bndbox>
         <xmin>333.861109252633</xmin>
         <ymin>195.299957449647</ymin>
         <xmax>346.723246087324</xmax>
         <ymax>202.738166979022</ymax>
      </bndbox>
   </object>
   <object>
      <name>righteye</name>
      <pose>Unspecified</pose>
      <truncated>0</truncated>
      <difficult>0</difficult>
      <bndbox>
         <xmin>258</xmin>
         <ymin>192</ymin>
         <xmax>290</xmax>
         <ymax>205</ymax>
      </bndbox>
   </object>
   <object>
      <name>lefteye</name>
      <pose>Unspecified</pose>
      <truncated>0</truncated>
      <difficult>0</difficult>
      <bndbox>
         <xmin>327.011990834481</xmin>
         <ymin>193.520596823542</ymin>
         <xmax>358.500411175501</xmax>
         <ymax>204.34977904372</ymax>
      </bndbox>
   </object>
   <object>
      <name>rightiris</name>
      <pose>Unspecified</pose>
      <truncated>0</truncated>
      <difficult>0</difficult>
      <bndbox>
         <xmin>272.461368847335</xmin>
         <ymin>195.239701588229</ymin>
         <xmax>284.986106993514</xmax>
         <ymax>202.490226661376</ymax>
      </bndbox>
   </object>
</annotation>
