<annotation>
   <folder>416multip416</folder>
   <filename>0435.jpg</filename>
   <path>E:\416multip416\0435.jpg</path>
   <source>
      <database>Unknow</database>
   </source>
   <size>
      <width>416</width>
      <height>416</height>
      <depth>3</depth>
   </size>
   <segmented>0</segmented>
   <object>
      <name>head</name>
      <pose>Unspecified</pose>
      <truncated>0</truncated>
      <difficult>0</difficult>
      <bndbox>
         <xmin>194</xmin>
         <ymin>37</ymin>
         <xmax>378</xmax>
         <ymax>285</ymax>
      </bndbox>
   </object>
   <object>
      <name>mouth</name>
      <pose>Unspecified</pose>
      <truncated>0</truncated>
      <difficult>0</difficult>
      <bndbox>
         <xmin>252</xmin>
         <ymin>218</ymin>
         <xmax>303</xmax>
         <ymax>244</ymax>
      </bndbox>
   </object>
   <object>
      <name>nose</name>
      <pose>Unspecified</pose>
      <truncated>0</truncated>
      <difficult>0</difficult>
      <bndbox>
         <xmin>255</xmin>
         <ymin>184</ymin>
         <xmax>301</xmax>
         <ymax>213</ymax>
      </bndbox>
   </object>
   <object>
      <name>leftiris</name>
      <pose>Unspecified</pose>
      <truncated>0</truncated>
      <difficult>0</difficult>
      <bndbox>
         <xmin>305.022716194765</xmin>
         <ymin>154.1980820372</ymin>
         <xmax>319.436313327242</xmax>
         <ymax>166.0992172842</ymax>
      </bndbox>
   </object>
   <object>
      <name>righteye</name>
      <pose>Unspecified</pose>
      <truncated>0</truncated>
      <difficult>0</difficult>
      <bndbox>
         <xmin>225</xmin>
         <ymin>154</ymin>
         <xmax>261</xmax>
         <ymax>169</ymax>
      </bndbox>
   </object>
   <object>
      <name>lefteye</name>
      <pose>Unspecified</pose>
      <truncated>0</truncated>
      <difficult>0</difficult>
      <bndbox>
         <xmin>293.914989964232</xmin>
         <ymin>152.082324659956</ymin>
         <xmax>331.072978902086</xmax>
         <ymax>169.008383677911</ymax>
      </bndbox>
   </object>
   <object>
      <name>rightiris</name>
      <pose>Unspecified</pose>
      <truncated>0</truncated>
      <difficult>0</difficult>
      <bndbox>
         <xmin>238.111889139412</xmin>
         <ymin>155.305870901944</ymin>
         <xmax>252.789955944044</xmax>
         <ymax>167.2893308089</ymax>
      </bndbox>
   </object>
</annotation>
