<annotation>
   <folder>416multip416</folder>
   <filename>0436.jpg</filename>
   <path>E:\416multip416\0436.jpg</path>
   <source>
      <database>Unknow</database>
   </source>
   <size>
      <width>416</width>
      <height>416</height>
      <depth>3</depth>
   </size>
   <segmented>0</segmented>
   <object>
      <name>head</name>
      <pose>Unspecified</pose>
      <truncated>0</truncated>
      <difficult>0</difficult>
      <bndbox>
         <xmin>198</xmin>
         <ymin>22</ymin>
         <xmax>392</xmax>
         <ymax>276</ymax>
      </bndbox>
   </object>
   <object>
      <name>mouth</name>
      <pose>Unspecified</pose>
      <truncated>0</truncated>
      <difficult>0</difficult>
      <bndbox>
         <xmin>260</xmin>
         <ymin>215</ymin>
         <xmax>317</xmax>
         <ymax>235</ymax>
      </bndbox>
   </object>
   <object>
      <name>nose</name>
      <pose>Unspecified</pose>
      <truncated>0</truncated>
      <difficult>0</difficult>
      <bndbox>
         <xmin>267</xmin>
         <ymin>179</ymin>
         <xmax>311</xmax>
         <ymax>208</ymax>
      </bndbox>
   </object>
   <object>
      <name>leftiris</name>
      <pose>Unspecified</pose>
      <truncated>0</truncated>
      <difficult>0</difficult>
      <bndbox>
         <xmin>313.222985491167</xmin>
         <ymin>151.232444047793</ymin>
         <xmax>326.239852167573</xmax>
         <ymax>161.655401451222</ymax>
      </bndbox>
   </object>
   <object>
      <name>righteye</name>
      <pose>Unspecified</pose>
      <truncated>0</truncated>
      <difficult>0</difficult>
      <bndbox>
         <xmin>241</xmin>
         <ymin>148</ymin>
         <xmax>276</xmax>
         <ymax>162</ymax>
      </bndbox>
   </object>
   <object>
      <name>lefteye</name>
      <pose>Unspecified</pose>
      <truncated>0</truncated>
      <difficult>0</difficult>
      <bndbox>
         <xmin>305.319887866206</xmin>
         <ymin>149.684532989884</ymin>
         <xmax>337.280944437738</xmax>
         <ymax>164.096063953048</ymax>
      </bndbox>
   </object>
   <object>
      <name>rightiris</name>
      <pose>Unspecified</pose>
      <truncated>0</truncated>
      <difficult>0</difficult>
      <bndbox>
         <xmin>254.559641628928</xmin>
         <ymin>150.464888095586</ymin>
         <xmax>267.780174147643</xmax>
         <ymax>160.144515140568</ymax>
      </bndbox>
   </object>
</annotation>
