<annotation>
   <folder>416multip416</folder>
   <filename>0437.jpg</filename>
   <path>E:\416multip416\0437.jpg</path>
   <source>
      <database>Unknow</database>
   </source>
   <size>
      <width>416</width>
      <height>416</height>
      <depth>3</depth>
   </size>
   <segmented>0</segmented>
   <object>
      <name>head</name>
      <pose>Unspecified</pose>
      <truncated>0</truncated>
      <difficult>0</difficult>
      <bndbox>
         <xmin>200</xmin>
         <ymin>48</ymin>
         <xmax>401</xmax>
         <ymax>292</ymax>
      </bndbox>
   </object>
   <object>
      <name>mouth</name>
      <pose>Unspecified</pose>
      <truncated>0</truncated>
      <difficult>0</difficult>
      <bndbox>
         <xmin>277</xmin>
         <ymin>241</ymin>
         <xmax>327</xmax>
         <ymax>262</ymax>
      </bndbox>
   </object>
   <object>
      <name>nose</name>
      <pose>Unspecified</pose>
      <truncated>0</truncated>
      <difficult>0</difficult>
      <bndbox>
         <xmin>273</xmin>
         <ymin>203</ymin>
         <xmax>326</xmax>
         <ymax>232</ymax>
      </bndbox>
   </object>
   <object>
      <name>leftiris</name>
      <pose>Unspecified</pose>
      <truncated>0</truncated>
      <difficult>0</difficult>
      <bndbox>
         <xmin>325.478903074978</xmin>
         <ymin>178.252555345565</ymin>
         <xmax>338.478903074978</xmax>
         <ymax>186.686152397379</ymax>
      </bndbox>
   </object>
   <object>
      <name>righteye</name>
      <pose>Unspecified</pose>
      <truncated>0</truncated>
      <difficult>0</difficult>
      <bndbox>
         <xmin>252</xmin>
         <ymin>178</ymin>
         <xmax>281</xmax>
         <ymax>191</ymax>
      </bndbox>
   </object>
   <object>
      <name>lefteye</name>
      <pose>Unspecified</pose>
      <truncated>0</truncated>
      <difficult>0</difficult>
      <bndbox>
         <xmin>319.174787953877</xmin>
         <ymin>176.072321270891</ymin>
         <xmax>346.603185593446</xmax>
         <ymax>188.508077827814</ymax>
      </bndbox>
   </object>
   <object>
      <name>rightiris</name>
      <pose>Unspecified</pose>
      <truncated>0</truncated>
      <difficult>0</difficult>
      <bndbox>
         <xmin>261.586320195139</xmin>
         <ymin>180.486660716894</ymin>
         <xmax>275.4753069688</xmax>
         <ymax>188.9729659234</ymax>
      </bndbox>
   </object>
</annotation>
