<annotation>
   <folder>416multip416</folder>
   <filename>0438.jpg</filename>
   <path>E:\416multip416\0438.jpg</path>
   <source>
      <database>Unknow</database>
   </source>
   <size>
      <width>416</width>
      <height>416</height>
      <depth>3</depth>
   </size>
   <segmented>0</segmented>
   <object>
      <name>head</name>
      <pose>Unspecified</pose>
      <truncated>0</truncated>
      <difficult>0</difficult>
      <bndbox>
         <xmin>197</xmin>
         <ymin>42</ymin>
         <xmax>396</xmax>
         <ymax>289</ymax>
      </bndbox>
   </object>
   <object>
      <name>mouth</name>
      <pose>Unspecified</pose>
      <truncated>0</truncated>
      <difficult>0</difficult>
      <bndbox>
         <xmin>265</xmin>
         <ymin>233</ymin>
         <xmax>321</xmax>
         <ymax>260</ymax>
      </bndbox>
   </object>
   <object>
      <name>nose</name>
      <pose>Unspecified</pose>
      <truncated>0</truncated>
      <difficult>0</difficult>
      <bndbox>
         <xmin>273</xmin>
         <ymin>204</ymin>
         <xmax>314</xmax>
         <ymax>230</ymax>
      </bndbox>
   </object>
   <object>
      <name>leftiris</name>
      <pose>Unspecified</pose>
      <truncated>0</truncated>
      <difficult>0</difficult>
      <bndbox>
         <xmin>316.016562545652</xmin>
         <ymin>178.459644873646</ymin>
         <xmax>329.704148866167</xmax>
         <ymax>187.641184761468</ymax>
      </bndbox>
   </object>
   <object>
      <name>righteye</name>
      <pose>Unspecified</pose>
      <truncated>0</truncated>
      <difficult>0</difficult>
      <bndbox>
         <xmin>242</xmin>
         <ymin>178</ymin>
         <xmax>278</xmax>
         <ymax>191</ymax>
      </bndbox>
   </object>
   <object>
      <name>lefteye</name>
      <pose>Unspecified</pose>
      <truncated>0</truncated>
      <difficult>0</difficult>
      <bndbox>
         <xmin>308.203074445319</xmin>
         <ymin>176.716314515198</ymin>
         <xmax>339.466798873472</xmax>
         <ymax>188.803405000432</ymax>
      </bndbox>
   </object>
   <object>
      <name>rightiris</name>
      <pose>Unspecified</pose>
      <truncated>0</truncated>
      <difficult>0</difficult>
      <bndbox>
         <xmin>254.537869007619</xmin>
         <ymin>180.067770836377</ymin>
         <xmax>268.687586320515</xmax>
         <ymax>189.616959167708</ymax>
      </bndbox>
   </object>
</annotation>
