<annotation>
   <folder>416multip416</folder>
   <filename>0439.jpg</filename>
   <path>E:\416multip416\0439.jpg</path>
   <source>
      <database>Unknow</database>
   </source>
   <size>
      <width>416</width>
      <height>416</height>
      <depth>3</depth>
   </size>
   <segmented>0</segmented>
   <object>
      <name>head</name>
      <pose>Unspecified</pose>
      <truncated>0</truncated>
      <difficult>0</difficult>
      <bndbox>
         <xmin>191</xmin>
         <ymin>76</ymin>
         <xmax>382</xmax>
         <ymax>301</ymax>
      </bndbox>
   </object>
   <object>
      <name>mouth</name>
      <pose>Unspecified</pose>
      <truncated>0</truncated>
      <difficult>0</difficult>
      <bndbox>
         <xmin>267</xmin>
         <ymin>252</ymin>
         <xmax>321</xmax>
         <ymax>280</ymax>
      </bndbox>
   </object>
   <object>
      <name>nose</name>
      <pose>Unspecified</pose>
      <truncated>0</truncated>
      <difficult>0</difficult>
      <bndbox>
         <xmin>273</xmin>
         <ymin>218</ymin>
         <xmax>317</xmax>
         <ymax>247</ymax>
      </bndbox>
   </object>
   <object>
      <name>leftiris</name>
      <pose>Unspecified</pose>
      <truncated>0</truncated>
      <difficult>0</difficult>
      <bndbox>
         <xmin>315.574331428914</xmin>
         <ymin>188.271770042736</ymin>
         <xmax>329.696933560636</xmax>
         <ymax>201.101679480084</ymax>
      </bndbox>
   </object>
   <object>
      <name>righteye</name>
      <pose>Unspecified</pose>
      <truncated>0</truncated>
      <difficult>0</difficult>
      <bndbox>
         <xmin>242</xmin>
         <ymin>189</ymin>
         <xmax>278</xmax>
         <ymax>205</ymax>
      </bndbox>
   </object>
   <object>
      <name>lefteye</name>
      <pose>Unspecified</pose>
      <truncated>0</truncated>
      <difficult>0</difficult>
      <bndbox>
         <xmin>309.475935053852</xmin>
         <ymin>184.250847391097</ymin>
         <xmax>342.054210425892</xmax>
         <ymax>203.027488861682</ymax>
      </bndbox>
   </object>
   <object>
      <name>rightiris</name>
      <pose>Unspecified</pose>
      <truncated>0</truncated>
      <difficult>0</difficult>
      <bndbox>
         <xmin>255.632980279045</xmin>
         <ymin>190.49355522373</ymin>
         <xmax>269.033938040285</xmax>
         <ymax>202.706520631416</ymax>
      </bndbox>
   </object>
</annotation>
