<annotation>
   <folder>416multip416</folder>
   <filename>0440.jpg</filename>
   <path>E:\416multip416\0440.jpg</path>
   <source>
      <database>Unknow</database>
   </source>
   <size>
      <width>416</width>
      <height>416</height>
      <depth>3</depth>
   </size>
   <segmented>0</segmented>
   <object>
      <name>head</name>
      <pose>Unspecified</pose>
      <truncated>0</truncated>
      <difficult>0</difficult>
      <bndbox>
         <xmin>191</xmin>
         <ymin>7</ymin>
         <xmax>396</xmax>
         <ymax>272</ymax>
      </bndbox>
   </object>
   <object>
      <name>mouth</name>
      <pose>Unspecified</pose>
      <truncated>0</truncated>
      <difficult>0</difficult>
      <bndbox>
         <xmin>270</xmin>
         <ymin>212</ymin>
         <xmax>324</xmax>
         <ymax>240</ymax>
      </bndbox>
   </object>
   <object>
      <name>nose</name>
      <pose>Unspecified</pose>
      <truncated>0</truncated>
      <difficult>0</difficult>
      <bndbox>
         <xmin>271</xmin>
         <ymin>174</ymin>
         <xmax>317</xmax>
         <ymax>205</ymax>
      </bndbox>
   </object>
   <object>
      <name>leftiris</name>
      <pose>Unspecified</pose>
      <truncated>0</truncated>
      <difficult>0</difficult>
      <bndbox>
         <xmin>317.933812464638</xmin>
         <ymin>145.495461420626</ymin>
         <xmax>332.288816453735</xmax>
         <ymax>157.21761048554</ymax>
      </bndbox>
   </object>
   <object>
      <name>righteye</name>
      <pose>Unspecified</pose>
      <truncated>0</truncated>
      <difficult>0</difficult>
      <bndbox>
         <xmin>241</xmin>
         <ymin>145</ymin>
         <xmax>278</xmax>
         <ymax>160</ymax>
      </bndbox>
   </object>
   <object>
      <name>lefteye</name>
      <pose>Unspecified</pose>
      <truncated>0</truncated>
      <difficult>0</difficult>
      <bndbox>
         <xmin>309.118922331378</xmin>
         <ymin>142.172224691803</ymin>
         <xmax>343.4224019411</xmax>
         <ymax>160.076233786351</ymax>
      </bndbox>
   </object>
   <object>
      <name>rightiris</name>
      <pose>Unspecified</pose>
      <truncated>0</truncated>
      <difficult>0</difficult>
      <bndbox>
         <xmin>256.588880432231</xmin>
         <ymin>146.708169442873</ymin>
         <xmax>270.903642415285</xmax>
         <ymax>158.270787491102</ymax>
      </bndbox>
   </object>
</annotation>
