<annotation>
   <folder>416multip416</folder>
   <filename>0441.jpg</filename>
   <path>E:\416multip416\0441.jpg</path>
   <source>
      <database>Unknow</database>
   </source>
   <size>
      <width>416</width>
      <height>416</height>
      <depth>3</depth>
   </size>
   <segmented>0</segmented>
   <object>
      <name>head</name>
      <pose>Unspecified</pose>
      <truncated>0</truncated>
      <difficult>0</difficult>
      <bndbox>
         <xmin>174</xmin>
         <ymin>9</ymin>
         <xmax>393</xmax>
         <ymax>280</ymax>
      </bndbox>
   </object>
   <object>
      <name>mouth</name>
      <pose>Unspecified</pose>
      <truncated>0</truncated>
      <difficult>0</difficult>
      <bndbox>
         <xmin>260</xmin>
         <ymin>220</ymin>
         <xmax>322</xmax>
         <ymax>245</ymax>
      </bndbox>
   </object>
   <object>
      <name>nose</name>
      <pose>Unspecified</pose>
      <truncated>0</truncated>
      <difficult>0</difficult>
      <bndbox>
         <xmin>265</xmin>
         <ymin>180</ymin>
         <xmax>314</xmax>
         <ymax>210</ymax>
      </bndbox>
   </object>
   <object>
      <name>leftiris</name>
      <pose>Unspecified</pose>
      <truncated>0</truncated>
      <difficult>0</difficult>
      <bndbox>
         <xmin>309.886855004693</xmin>
         <ymin>151.014452824677</ymin>
         <xmax>324.682250852777</xmax>
         <ymax>161.412666219967</ymax>
      </bndbox>
   </object>
   <object>
      <name>righteye</name>
      <pose>Unspecified</pose>
      <truncated>0</truncated>
      <difficult>0</difficult>
      <bndbox>
         <xmin>237</xmin>
         <ymin>153</ymin>
         <xmax>270</xmax>
         <ymax>167</ymax>
      </bndbox>
   </object>
   <object>
      <name>lefteye</name>
      <pose>Unspecified</pose>
      <truncated>0</truncated>
      <difficult>0</difficult>
      <bndbox>
         <xmin>303.142878364726</xmin>
         <ymin>148.850356792579</ymin>
         <xmax>336.598291892403</xmax>
         <ymax>164.321832613678</ymax>
      </bndbox>
   </object>
   <object>
      <name>rightiris</name>
      <pose>Unspecified</pose>
      <truncated>0</truncated>
      <difficult>0</difficult>
      <bndbox>
         <xmin>248.593603683413</xmin>
         <ymin>155.686097951344</ymin>
         <xmax>262.811253361005</xmax>
         <ymax>164.850771957989</ymax>
      </bndbox>
   </object>
</annotation>
