<annotation>
   <folder>416multip416</folder>
   <filename>0442.jpg</filename>
   <path>E:\416multip416\0442.jpg</path>
   <source>
      <database>Unknow</database>
   </source>
   <size>
      <width>416</width>
      <height>416</height>
      <depth>3</depth>
   </size>
   <segmented>0</segmented>
   <object>
      <name>head</name>
      <pose>Unspecified</pose>
      <truncated>0</truncated>
      <difficult>0</difficult>
      <bndbox>
         <xmin>203</xmin>
         <ymin>13</ymin>
         <xmax>401</xmax>
         <ymax>273</ymax>
      </bndbox>
   </object>
   <object>
      <name>mouth</name>
      <pose>Unspecified</pose>
      <truncated>0</truncated>
      <difficult>0</difficult>
      <bndbox>
         <xmin>276</xmin>
         <ymin>210</ymin>
         <xmax>332</xmax>
         <ymax>235</ymax>
      </bndbox>
   </object>
   <object>
      <name>nose</name>
      <pose>Unspecified</pose>
      <truncated>0</truncated>
      <difficult>0</difficult>
      <bndbox>
         <xmin>281</xmin>
         <ymin>175</ymin>
         <xmax>330</xmax>
         <ymax>204</ymax>
      </bndbox>
   </object>
   <object>
      <name>leftiris</name>
      <pose>Unspecified</pose>
      <truncated>0</truncated>
      <difficult>0</difficult>
      <bndbox>
         <xmin>331.32400902242</xmin>
         <ymin>144.925643852544</ymin>
         <xmax>345.32400902242</xmax>
         <ymax>156.515339432187</ymax>
      </bndbox>
   </object>
   <object>
      <name>righteye</name>
      <pose>Unspecified</pose>
      <truncated>0</truncated>
      <difficult>0</difficult>
      <bndbox>
         <xmin>255</xmin>
         <ymin>141</ymin>
         <xmax>289</xmax>
         <ymax>158</ymax>
      </bndbox>
   </object>
   <object>
      <name>lefteye</name>
      <pose>Unspecified</pose>
      <truncated>0</truncated>
      <difficult>0</difficult>
      <bndbox>
         <xmin>323.478742520336</xmin>
         <ymin>142.630681644021</ymin>
         <xmax>356.934156048013</xmax>
         <ymax>160.085680006287</ymax>
      </bndbox>
   </object>
   <object>
      <name>rightiris</name>
      <pose>Unspecified</pose>
      <truncated>0</truncated>
      <difficult>0</difficult>
      <bndbox>
         <xmin>266.419967617547</xmin>
         <ymin>143.925643852544</ymin>
         <xmax>279.973481450749</xmax>
         <ymax>155.192991071409</ymax>
      </bndbox>
   </object>
</annotation>
