<annotation>
   <folder>416multip416</folder>
   <filename>0443.jpg</filename>
   <path>E:\416multip416\0443.jpg</path>
   <source>
      <database>Unknow</database>
   </source>
   <size>
      <width>416</width>
      <height>416</height>
      <depth>3</depth>
   </size>
   <segmented>0</segmented>
   <object>
      <name>head</name>
      <pose>Unspecified</pose>
      <truncated>0</truncated>
      <difficult>0</difficult>
      <bndbox>
         <xmin>198</xmin>
         <ymin>35</ymin>
         <xmax>383</xmax>
         <ymax>298</ymax>
      </bndbox>
   </object>
   <object>
      <name>mouth</name>
      <pose>Unspecified</pose>
      <truncated>0</truncated>
      <difficult>0</difficult>
      <bndbox>
         <xmin>266</xmin>
         <ymin>237</ymin>
         <xmax>322</xmax>
         <ymax>261</ymax>
      </bndbox>
   </object>
   <object>
      <name>nose</name>
      <pose>Unspecified</pose>
      <truncated>0</truncated>
      <difficult>0</difficult>
      <bndbox>
         <xmin>272</xmin>
         <ymin>201</ymin>
         <xmax>314</xmax>
         <ymax>231</ymax>
      </bndbox>
   </object>
   <object>
      <name>leftiris</name>
      <pose>Unspecified</pose>
      <truncated>0</truncated>
      <difficult>0</difficult>
      <bndbox>
         <xmin>319.613168934987</xmin>
         <ymin>172.876029841177</ymin>
         <xmax>333.613168934987</xmax>
         <ymax>184.213830469243</ymax>
      </bndbox>
   </object>
   <object>
      <name>righteye</name>
      <pose>Unspecified</pose>
      <truncated>0</truncated>
      <difficult>0</difficult>
      <bndbox>
         <xmin>247</xmin>
         <ymin>171</ymin>
         <xmax>280</xmax>
         <ymax>186</ymax>
      </bndbox>
   </object>
   <object>
      <name>lefteye</name>
      <pose>Unspecified</pose>
      <truncated>0</truncated>
      <difficult>0</difficult>
      <bndbox>
         <xmin>312.137558281122</xmin>
         <ymin>170.329172681076</ymin>
         <xmax>343.378038304496</xmax>
         <ymax>186.321323169232</ymax>
      </bndbox>
   </object>
   <object>
      <name>rightiris</name>
      <pose>Unspecified</pose>
      <truncated>0</truncated>
      <difficult>0</difficult>
      <bndbox>
         <xmin>258.334509351978</xmin>
         <ymin>172.10749269999</ymin>
         <xmax>272.219167140144</xmax>
         <ymax>184.213830469243</ymax>
      </bndbox>
   </object>
</annotation>
