<annotation>
   <folder>416multip416</folder>
   <filename>0444.jpg</filename>
   <path>E:\416multip416\0444.jpg</path>
   <source>
      <database>Unknow</database>
   </source>
   <size>
      <width>416</width>
      <height>416</height>
      <depth>3</depth>
   </size>
   <segmented>0</segmented>
   <object>
      <name>head</name>
      <pose>Unspecified</pose>
      <truncated>0</truncated>
      <difficult>0</difficult>
      <bndbox>
         <xmin>196</xmin>
         <ymin>2</ymin>
         <xmax>397</xmax>
         <ymax>223</ymax>
      </bndbox>
   </object>
   <object>
      <name>mouth</name>
      <pose>Unspecified</pose>
      <truncated>0</truncated>
      <difficult>0</difficult>
      <bndbox>
         <xmin>276</xmin>
         <ymin>158</ymin>
         <xmax>327</xmax>
         <ymax>178</ymax>
      </bndbox>
   </object>
   <object>
      <name>nose</name>
      <pose>Unspecified</pose>
      <truncated>0</truncated>
      <difficult>0</difficult>
      <bndbox>
         <xmin>283</xmin>
         <ymin>117</ymin>
         <xmax>325</xmax>
         <ymax>147</ymax>
      </bndbox>
   </object>
   <object>
      <name>leftiris</name>
      <pose>Unspecified</pose>
      <truncated>0</truncated>
      <difficult>0</difficult>
      <bndbox>
         <xmin>326.571639039813</xmin>
         <ymin>91.6295613070021</ymin>
         <xmax>340.634503931287</xmax>
         <ymax>103.153833267441</ymax>
      </bndbox>
   </object>
   <object>
      <name>righteye</name>
      <pose>Unspecified</pose>
      <truncated>0</truncated>
      <difficult>0</difficult>
      <bndbox>
         <xmin>254</xmin>
         <ymin>92</ymin>
         <xmax>285</xmax>
         <ymax>107</ymax>
      </bndbox>
   </object>
   <object>
      <name>lefteye</name>
      <pose>Unspecified</pose>
      <truncated>0</truncated>
      <difficult>0</difficult>
      <bndbox>
         <xmin>319.830761653817</xmin>
         <ymin>90.7180767105172</ymin>
         <xmax>351.908040249246</xmax>
         <ymax>105.594495769267</ymax>
      </bndbox>
   </object>
   <object>
      <name>rightiris</name>
      <pose>Unspecified</pose>
      <truncated>0</truncated>
      <difficult>0</difficult>
      <bndbox>
         <xmin>263.516096386311</xmin>
         <ymin>94.3704386929979</ymin>
         <xmax>277.758389003292</xmax>
         <ymax>105.594495769267</ymax>
      </bndbox>
   </object>
</annotation>
