<annotation>
   <folder>416multip416</folder>
   <filename>0445.jpg</filename>
   <path>E:\416multip416\0445.jpg</path>
   <source>
      <database>Unknow</database>
   </source>
   <size>
      <width>416</width>
      <height>416</height>
      <depth>3</depth>
   </size>
   <segmented>0</segmented>
   <object>
      <name>head</name>
      <pose>Unspecified</pose>
      <truncated>0</truncated>
      <difficult>0</difficult>
      <bndbox>
         <xmin>221</xmin>
         <ymin>17</ymin>
         <xmax>401</xmax>
         <ymax>283</ymax>
      </bndbox>
   </object>
   <object>
      <name>mouth</name>
      <pose>Unspecified</pose>
      <truncated>0</truncated>
      <difficult>0</difficult>
      <bndbox>
         <xmin>294</xmin>
         <ymin>228</ymin>
         <xmax>349</xmax>
         <ymax>253</ymax>
      </bndbox>
   </object>
   <object>
      <name>nose</name>
      <pose>Unspecified</pose>
      <truncated>0</truncated>
      <difficult>0</difficult>
      <bndbox>
         <xmin>301</xmin>
         <ymin>189</ymin>
         <xmax>344</xmax>
         <ymax>220</ymax>
      </bndbox>
   </object>
   <object>
      <name>leftiris</name>
      <pose>Unspecified</pose>
      <truncated>0</truncated>
      <difficult>0</difficult>
      <bndbox>
         <xmin>350.106570592053</xmin>
         <ymin>159.239701588229</ymin>
         <xmax>365.183587352602</xmax>
         <ymax>169.642437549426</ymax>
      </bndbox>
   </object>
   <object>
      <name>righteye</name>
      <pose>Unspecified</pose>
      <truncated>0</truncated>
      <difficult>0</difficult>
      <bndbox>
         <xmin>271</xmin>
         <ymin>156</ymin>
         <xmax>306</xmax>
         <ymax>170</ymax>
      </bndbox>
   </object>
   <object>
      <name>lefteye</name>
      <pose>Unspecified</pose>
      <truncated>0</truncated>
      <difficult>0</difficult>
      <bndbox>
         <xmin>341.676599792095</xmin>
         <ymin>157.617332143604</ymin>
         <xmax>376.140303944865</xmax>
         <ymax>171.130079455301</ymax>
      </bndbox>
   </object>
   <object>
      <name>rightiris</name>
      <pose>Unspecified</pose>
      <truncated>0</truncated>
      <difficult>0</difficult>
      <bndbox>
         <xmin>283.114174559117</xmin>
         <ymin>157.371910476469</ymin>
         <xmax>297.295282933493</xmax>
         <ymax>167.410974690614</ymax>
      </bndbox>
   </object>
</annotation>
