<annotation>
   <folder>416multip416</folder>
   <filename>0446.jpg</filename>
   <path>E:\416multip416\0446.jpg</path>
   <source>
      <database>Unknow</database>
   </source>
   <size>
      <width>416</width>
      <height>416</height>
      <depth>3</depth>
   </size>
   <segmented>0</segmented>
   <object>
      <name>head</name>
      <pose>Unspecified</pose>
      <truncated>0</truncated>
      <difficult>0</difficult>
      <bndbox>
         <xmin>223</xmin>
         <ymin>68</ymin>
         <xmax>401</xmax>
         <ymax>301</ymax>
      </bndbox>
   </object>
   <object>
      <name>mouth</name>
      <pose>Unspecified</pose>
      <truncated>0</truncated>
      <difficult>0</difficult>
      <bndbox>
         <xmin>283</xmin>
         <ymin>277</ymin>
         <xmax>341</xmax>
         <ymax>299</ymax>
      </bndbox>
   </object>
   <object>
      <name>nose</name>
      <pose>Unspecified</pose>
      <truncated>0</truncated>
      <difficult>0</difficult>
      <bndbox>
         <xmin>291</xmin>
         <ymin>235</ymin>
         <xmax>336</xmax>
         <ymax>267</ymax>
      </bndbox>
   </object>
   <object>
      <name>leftiris</name>
      <pose>Unspecified</pose>
      <truncated>0</truncated>
      <difficult>0</difficult>
      <bndbox>
         <xmin>340.033161938148</xmin>
         <ymin>205.444357036199</ymin>
         <xmax>354.488480297248</xmax>
         <ymax>218.816819430249</ymax>
      </bndbox>
   </object>
   <object>
      <name>righteye</name>
      <pose>Unspecified</pose>
      <truncated>0</truncated>
      <difficult>0</difficult>
      <bndbox>
         <xmin>264</xmin>
         <ymin>201</ymin>
         <xmax>297</xmax>
         <ymax>220</ymax>
      </bndbox>
   </object>
   <object>
      <name>lefteye</name>
      <pose>Unspecified</pose>
      <truncated>0</truncated>
      <difficult>0</difficult>
      <bndbox>
         <xmin>332.341672408866</xmin>
         <ymin>202.928892032062</ymin>
         <xmax>365.882852471706</xmax>
         <ymax>221.38456527238</ymax>
      </bndbox>
   </object>
   <object>
      <name>rightiris</name>
      <pose>Unspecified</pose>
      <truncated>0</truncated>
      <difficult>0</difficult>
      <bndbox>
         <xmin>276.028139127713</xmin>
         <ymin>203.249860262328</ymin>
         <xmax>290.9367707045</xmax>
         <ymax>216.89101004865</ymax>
      </bndbox>
   </object>
</annotation>
