<annotation>
   <folder>416multip416</folder>
   <filename>0447.jpg</filename>
   <path>E:\416multip416\0447.jpg</path>
   <source>
      <database>Unknow</database>
   </source>
   <size>
      <width>416</width>
      <height>416</height>
      <depth>3</depth>
   </size>
   <segmented>0</segmented>
   <object>
      <name>head</name>
      <pose>Unspecified</pose>
      <truncated>0</truncated>
      <difficult>0</difficult>
      <bndbox>
         <xmin>227</xmin>
         <ymin>14</ymin>
         <xmax>401</xmax>
         <ymax>264</ymax>
      </bndbox>
   </object>
   <object>
      <name>mouth</name>
      <pose>Unspecified</pose>
      <truncated>0</truncated>
      <difficult>0</difficult>
      <bndbox>
         <xmin>298</xmin>
         <ymin>212</ymin>
         <xmax>354</xmax>
         <ymax>241</ymax>
      </bndbox>
   </object>
   <object>
      <name>nose</name>
      <pose>Unspecified</pose>
      <truncated>0</truncated>
      <difficult>0</difficult>
      <bndbox>
         <xmin>305</xmin>
         <ymin>174</ymin>
         <xmax>348</xmax>
         <ymax>206</ymax>
      </bndbox>
   </object>
   <object>
      <name>leftiris</name>
      <pose>Unspecified</pose>
      <truncated>0</truncated>
      <difficult>0</difficult>
      <bndbox>
         <xmin>351.324034970258</xmin>
         <ymin>142.264417776479</ymin>
         <xmax>366.233608796201</xmax>
         <ymax>155.155303388717</ymax>
      </bndbox>
   </object>
   <object>
      <name>righteye</name>
      <pose>Unspecified</pose>
      <truncated>0</truncated>
      <difficult>0</difficult>
      <bndbox>
         <xmin>274</xmin>
         <ymin>141</ymin>
         <xmax>308</xmax>
         <ymax>157</ymax>
      </bndbox>
   </object>
   <object>
      <name>lefteye</name>
      <pose>Unspecified</pose>
      <truncated>0</truncated>
      <difficult>0</difficult>
      <bndbox>
         <xmin>343.423099572785</xmin>
         <ymin>140.526824647613</ymin>
         <xmax>377.142982772617</xmax>
         <ymax>156.518975135769</ymax>
      </bndbox>
   </object>
   <object>
      <name>rightiris</name>
      <pose>Unspecified</pose>
      <truncated>0</truncated>
      <difficult>0</difficult>
      <bndbox>
         <xmin>284.734025353231</xmin>
         <ymin>142.983522541167</ymin>
         <xmax>299.537663349474</xmax>
         <ymax>155.155303388717</ymax>
      </bndbox>
   </object>
</annotation>
