<annotation>
   <folder>416multip416</folder>
   <filename>0448.jpg</filename>
   <path>E:\416multip416\0448.jpg</path>
   <source>
      <database>Unknow</database>
   </source>
   <size>
      <width>416</width>
      <height>416</height>
      <depth>3</depth>
   </size>
   <segmented>0</segmented>
   <object>
      <name>head</name>
      <pose>Unspecified</pose>
      <truncated>0</truncated>
      <difficult>0</difficult>
      <bndbox>
         <xmin>209</xmin>
         <ymin>4</ymin>
         <xmax>401</xmax>
         <ymax>267</ymax>
      </bndbox>
   </object>
   <object>
      <name>mouth</name>
      <pose>Unspecified</pose>
      <truncated>0</truncated>
      <difficult>0</difficult>
      <bndbox>
         <xmin>277</xmin>
         <ymin>201</ymin>
         <xmax>336</xmax>
         <ymax>228</ymax>
      </bndbox>
   </object>
   <object>
      <name>nose</name>
      <pose>Unspecified</pose>
      <truncated>0</truncated>
      <difficult>0</difficult>
      <bndbox>
         <xmin>285</xmin>
         <ymin>162</ymin>
         <xmax>332</xmax>
         <ymax>196</ymax>
      </bndbox>
   </object>
   <object>
      <name>leftiris</name>
      <pose>Unspecified</pose>
      <truncated>0</truncated>
      <difficult>0</difficult>
      <bndbox>
         <xmin>333.868851051502</xmin>
         <ymin>138.634259771146</ymin>
         <xmax>346.969790713746</xmax>
         <ymax>148.876325627024</ymax>
      </bndbox>
   </object>
   <object>
      <name>righteye</name>
      <pose>Unspecified</pose>
      <truncated>0</truncated>
      <difficult>0</difficult>
      <bndbox>
         <xmin>260</xmin>
         <ymin>136</ymin>
         <xmax>293</xmax>
         <ymax>150</ymax>
      </bndbox>
   </object>
   <object>
      <name>lefteye</name>
      <pose>Unspecified</pose>
      <truncated>0</truncated>
      <difficult>0</difficult>
      <bndbox>
         <xmin>324.851286790947</xmin>
         <ymin>136.56405497049</ymin>
         <xmax>358.192479896249</xmax>
         <ymax>150.728614132874</ymax>
      </bndbox>
   </object>
   <object>
      <name>rightiris</name>
      <pose>Unspecified</pose>
      <truncated>0</truncated>
      <difficult>0</difficult>
      <bndbox>
         <xmin>270.995512234884</xmin>
         <ymin>137.544790737015</ymin>
         <xmax>283.99198151484</xmax>
         <ymax>147.895702300397</ymax>
      </bndbox>
   </object>
</annotation>
