<annotation>
   <folder>416multip416</folder>
   <filename>0449.jpg</filename>
   <path>E:\416multip416\0449.jpg</path>
   <source>
      <database>Unknow</database>
   </source>
   <size>
      <width>416</width>
      <height>416</height>
      <depth>3</depth>
   </size>
   <segmented>0</segmented>
   <object>
      <name>head</name>
      <pose>Unspecified</pose>
      <truncated>0</truncated>
      <difficult>0</difficult>
      <bndbox>
         <xmin>218</xmin>
         <ymin>73</ymin>
         <xmax>401</xmax>
         <ymax>301</ymax>
      </bndbox>
   </object>
   <object>
      <name>mouth</name>
      <pose>Unspecified</pose>
      <truncated>0</truncated>
      <difficult>0</difficult>
      <bndbox>
         <xmin>288</xmin>
         <ymin>267</ymin>
         <xmax>342</xmax>
         <ymax>292</ymax>
      </bndbox>
   </object>
   <object>
      <name>nose</name>
      <pose>Unspecified</pose>
      <truncated>0</truncated>
      <difficult>0</difficult>
      <bndbox>
         <xmin>292</xmin>
         <ymin>226</ymin>
         <xmax>339</xmax>
         <ymax>259</ymax>
      </bndbox>
   </object>
   <object>
      <name>leftiris</name>
      <pose>Unspecified</pose>
      <truncated>0</truncated>
      <difficult>0</difficult>
      <bndbox>
         <xmin>339.720713530653</xmin>
         <ymin>199.090833606289</ymin>
         <xmax>354.649755693241</xmax>
         <ymax>210.354216260471</ymax>
      </bndbox>
   </object>
   <object>
      <name>righteye</name>
      <pose>Unspecified</pose>
      <truncated>0</truncated>
      <difficult>0</difficult>
      <bndbox>
         <xmin>262</xmin>
         <ymin>199</ymin>
         <xmax>296</xmax>
         <ymax>213</ymax>
      </bndbox>
   </object>
   <object>
      <name>lefteye</name>
      <pose>Unspecified</pose>
      <truncated>0</truncated>
      <difficult>0</difficult>
      <bndbox>
         <xmin>333.227712248641</xmin>
         <ymin>194.882740439372</ymin>
         <xmax>366.154186432007</xmax>
         <ymax>212.337738801638</ymax>
      </bndbox>
   </object>
   <object>
      <name>rightiris</name>
      <pose>Unspecified</pose>
      <truncated>0</truncated>
      <difficult>0</difficult>
      <bndbox>
         <xmin>273.494323765002</xmin>
         <ymin>200.892688934878</ymin>
         <xmax>287.209989293576</xmax>
         <ymax>211.676564621249</ymax>
      </bndbox>
   </object>
</annotation>
