<annotation>
   <folder>416multip416</folder>
   <filename>0450.jpg</filename>
   <path>E:\416multip416\0450.jpg</path>
   <source>
      <database>Unknow</database>
   </source>
   <size>
      <width>416</width>
      <height>416</height>
      <depth>3</depth>
   </size>
   <segmented>0</segmented>
   <object>
      <name>head</name>
      <pose>Unspecified</pose>
      <truncated>0</truncated>
      <difficult>0</difficult>
      <bndbox>
         <xmin>207</xmin>
         <ymin>16</ymin>
         <xmax>401</xmax>
         <ymax>272</ymax>
      </bndbox>
   </object>
   <object>
      <name>mouth</name>
      <pose>Unspecified</pose>
      <truncated>0</truncated>
      <difficult>0</difficult>
      <bndbox>
         <xmin>282</xmin>
         <ymin>213</ymin>
         <xmax>341</xmax>
         <ymax>239</ymax>
      </bndbox>
   </object>
   <object>
      <name>nose</name>
      <pose>Unspecified</pose>
      <truncated>0</truncated>
      <difficult>0</difficult>
      <bndbox>
         <xmin>288</xmin>
         <ymin>178</ymin>
         <xmax>335</xmax>
         <ymax>209</ymax>
      </bndbox>
   </object>
   <object>
      <name>leftiris</name>
      <pose>Unspecified</pose>
      <truncated>0</truncated>
      <difficult>0</difficult>
      <bndbox>
         <xmin>338.827663740476</xmin>
         <ymin>150.743330358447</ymin>
         <xmax>353.595996549728</xmax>
         <ymax>160.959153853252</ymax>
      </bndbox>
   </object>
   <object>
      <name>righteye</name>
      <pose>Unspecified</pose>
      <truncated>0</truncated>
      <difficult>0</difficult>
      <bndbox>
         <xmin>260</xmin>
         <ymin>146</ymin>
         <xmax>294</xmax>
         <ymax>162</ymax>
      </bndbox>
   </object>
   <object>
      <name>lefteye</name>
      <pose>Unspecified</pose>
      <truncated>0</truncated>
      <difficult>0</difficult>
      <bndbox>
         <xmin>331.3975899855</xmin>
         <ymin>148.872063368018</ymin>
         <xmax>365.450642987169</xmax>
         <ymax>163.516038378974</ymax>
      </bndbox>
   </object>
   <object>
      <name>rightiris</name>
      <pose>Unspecified</pose>
      <truncated>0</truncated>
      <difficult>0</difficult>
      <bndbox>
         <xmin>271.983437454348</xmin>
         <ymin>148.162220238965</ymin>
         <xmax>286.419666737562</xmax>
         <ymax>160.02937766208</ymax>
      </bndbox>
   </object>
</annotation>
