<annotation>
   <folder>416multip416</folder>
   <filename>0451.jpg</filename>
   <path>E:\416multip416\0451.jpg</path>
   <source>
      <database>Unknow</database>
   </source>
   <size>
      <width>416</width>
      <height>416</height>
      <depth>3</depth>
   </size>
   <segmented>0</segmented>
   <object>
      <name>head</name>
      <pose>Unspecified</pose>
      <truncated>0</truncated>
      <difficult>0</difficult>
      <bndbox>
         <xmin>198</xmin>
         <ymin>60</ymin>
         <xmax>396</xmax>
         <ymax>298</ymax>
      </bndbox>
   </object>
   <object>
      <name>mouth</name>
      <pose>Unspecified</pose>
      <truncated>0</truncated>
      <difficult>0</difficult>
      <bndbox>
         <xmin>264</xmin>
         <ymin>249</ymin>
         <xmax>325</xmax>
         <ymax>274</ymax>
      </bndbox>
   </object>
   <object>
      <name>nose</name>
      <pose>Unspecified</pose>
      <truncated>0</truncated>
      <difficult>0</difficult>
      <bndbox>
         <xmin>272</xmin>
         <ymin>214</ymin>
         <xmax>317</xmax>
         <ymax>243</ymax>
      </bndbox>
   </object>
   <object>
      <name>leftiris</name>
      <pose>Unspecified</pose>
      <truncated>0</truncated>
      <difficult>0</difficult>
      <bndbox>
         <xmin>321.213296970428</xmin>
         <ymin>189.396704508233</ymin>
         <xmax>335.362424430749</xmax>
         <ymax>198.764543613522</ymax>
      </bndbox>
   </object>
   <object>
      <name>righteye</name>
      <pose>Unspecified</pose>
      <truncated>0</truncated>
      <difficult>0</difficult>
      <bndbox>
         <xmin>246</xmin>
         <ymin>186</ymin>
         <xmax>280</xmax>
         <ymax>199</ymax>
      </bndbox>
   </object>
   <object>
      <name>lefteye</name>
      <pose>Unspecified</pose>
      <truncated>0</truncated>
      <difficult>0</difficult>
      <bndbox>
         <xmin>313.94038098615</xmin>
         <ymin>187.789052219067</ymin>
         <xmax>347.660264185982</xmax>
         <ymax>200.748066154688</ymax>
      </bndbox>
   </object>
   <object>
      <name>rightiris</name>
      <pose>Unspecified</pose>
      <truncated>0</truncated>
      <difficult>0</difficult>
      <bndbox>
         <xmin>257.800194666947</xmin>
         <ymin>187.735530327844</ymin>
         <xmax>271.22852893303</xmax>
         <ymax>197.7066649249</ymax>
      </bndbox>
   </object>
</annotation>
