<annotation>
   <folder>416multip416</folder>
   <filename>0452.jpg</filename>
   <path>E:\416multip416\0452.jpg</path>
   <source>
      <database>Unknow</database>
   </source>
   <size>
      <width>416</width>
      <height>416</height>
      <depth>3</depth>
   </size>
   <segmented>0</segmented>
   <object>
      <name>head</name>
      <pose>Unspecified</pose>
      <truncated>0</truncated>
      <difficult>0</difficult>
      <bndbox>
         <xmin>200</xmin>
         <ymin>14</ymin>
         <xmax>391</xmax>
         <ymax>255</ymax>
      </bndbox>
   </object>
   <object>
      <name>mouth</name>
      <pose>Unspecified</pose>
      <truncated>0</truncated>
      <difficult>0</difficult>
      <bndbox>
         <xmin>262</xmin>
         <ymin>196</ymin>
         <xmax>322</xmax>
         <ymax>221</ymax>
      </bndbox>
   </object>
   <object>
      <name>nose</name>
      <pose>Unspecified</pose>
      <truncated>0</truncated>
      <difficult>0</difficult>
      <bndbox>
         <xmin>267</xmin>
         <ymin>161</ymin>
         <xmax>314</xmax>
         <ymax>189</ymax>
      </bndbox>
   </object>
   <object>
      <name>leftiris</name>
      <pose>Unspecified</pose>
      <truncated>0</truncated>
      <difficult>0</difficult>
      <bndbox>
         <xmin>316.317034859213</xmin>
         <ymin>130.358063539467</ymin>
         <xmax>330.317034859213</xmax>
         <ymax>142.358063539467</ymax>
      </bndbox>
   </object>
   <object>
      <name>righteye</name>
      <pose>Unspecified</pose>
      <truncated>0</truncated>
      <difficult>0</difficult>
      <bndbox>
         <xmin>237</xmin>
         <ymin>127</ymin>
         <xmax>273</xmax>
         <ymax>145</ymax>
      </bndbox>
   </object>
   <object>
      <name>lefteye</name>
      <pose>Unspecified</pose>
      <truncated>0</truncated>
      <difficult>0</difficult>
      <bndbox>
         <xmin>308.868616265723</xmin>
         <ymin>128.008716039615</ymin>
         <xmax>344.496089825294</xmax>
         <ymax>145.020032243735</ymax>
      </bndbox>
   </object>
   <object>
      <name>rightiris</name>
      <pose>Unspecified</pose>
      <truncated>0</truncated>
      <difficult>0</difficult>
      <bndbox>
         <xmin>251.38620266718</xmin>
         <ymin>130.407261726998</ymin>
         <xmax>264.895968719226</xmax>
         <ymax>142.452286401604</ymax>
      </bndbox>
   </object>
</annotation>
