<annotation>
   <folder>416multip416</folder>
   <filename>0453.jpg</filename>
   <path>E:\416multip416\0453.jpg</path>
   <source>
      <database>Unknow</database>
   </source>
   <size>
      <width>416</width>
      <height>416</height>
      <depth>3</depth>
   </size>
   <segmented>0</segmented>
   <object>
      <name>head</name>
      <pose>Unspecified</pose>
      <truncated>0</truncated>
      <difficult>0</difficult>
      <bndbox>
         <xmin>222</xmin>
         <ymin>43</ymin>
         <xmax>401</xmax>
         <ymax>289</ymax>
      </bndbox>
   </object>
   <object>
      <name>mouth</name>
      <pose>Unspecified</pose>
      <truncated>0</truncated>
      <difficult>0</difficult>
      <bndbox>
         <xmin>288</xmin>
         <ymin>231</ymin>
         <xmax>346</xmax>
         <ymax>258</ymax>
      </bndbox>
   </object>
   <object>
      <name>nose</name>
      <pose>Unspecified</pose>
      <truncated>0</truncated>
      <difficult>0</difficult>
      <bndbox>
         <xmin>297</xmin>
         <ymin>195</ymin>
         <xmax>338</xmax>
         <ymax>223</ymax>
      </bndbox>
   </object>
   <object>
      <name>leftiris</name>
      <pose>Unspecified</pose>
      <truncated>0</truncated>
      <difficult>0</difficult>
      <bndbox>
         <xmin>342.190620333698</xmin>
         <ymin>170.692605901796</ymin>
         <xmax>355.190620333698</xmax>
         <ymax>176.692605901796</ymax>
      </bndbox>
   </object>
   <object>
      <name>righteye</name>
      <pose>Unspecified</pose>
      <truncated>0</truncated>
      <difficult>0</difficult>
      <bndbox>
         <xmin>266</xmin>
         <ymin>167</ymin>
         <xmax>301</xmax>
         <ymax>177</ymax>
      </bndbox>
   </object>
   <object>
      <name>lefteye</name>
      <pose>Unspecified</pose>
      <truncated>0</truncated>
      <difficult>0</difficult>
      <bndbox>
         <xmin>336.198336401548</xmin>
         <ymin>167.977670407289</ymin>
         <xmax>366.665242633867</xmax>
         <ymax>179.825911719857</ymax>
      </bndbox>
   </object>
   <object>
      <name>rightiris</name>
      <pose>Unspecified</pose>
      <truncated>0</truncated>
      <difficult>0</difficult>
      <bndbox>
         <xmin>279.438752781667</xmin>
         <ymin>168.282100983633</ymin>
         <xmax>292.472683938498</xmax>
         <ymax>175.594396965369</ymax>
      </bndbox>
   </object>
</annotation>
