<annotation>
   <folder>416multip416</folder>
   <filename>0454.jpg</filename>
   <path>E:\416multip416\0454.jpg</path>
   <source>
      <database>Unknow</database>
   </source>
   <size>
      <width>416</width>
      <height>416</height>
      <depth>3</depth>
   </size>
   <segmented>0</segmented>
   <object>
      <name>head</name>
      <pose>Unspecified</pose>
      <truncated>0</truncated>
      <difficult>0</difficult>
      <bndbox>
         <xmin>214</xmin>
         <ymin>5</ymin>
         <xmax>401</xmax>
         <ymax>253</ymax>
      </bndbox>
   </object>
   <object>
      <name>mouth</name>
      <pose>Unspecified</pose>
      <truncated>0</truncated>
      <difficult>0</difficult>
      <bndbox>
         <xmin>281</xmin>
         <ymin>191</ymin>
         <xmax>342</xmax>
         <ymax>218</ymax>
      </bndbox>
   </object>
   <object>
      <name>nose</name>
      <pose>Unspecified</pose>
      <truncated>0</truncated>
      <difficult>0</difficult>
      <bndbox>
         <xmin>289</xmin>
         <ymin>163</ymin>
         <xmax>332</xmax>
         <ymax>188</ymax>
      </bndbox>
   </object>
   <object>
      <name>leftiris</name>
      <pose>Unspecified</pose>
      <truncated>0</truncated>
      <difficult>0</difficult>
      <bndbox>
         <xmin>333.341003023582</xmin>
         <ymin>129.629561307002</ymin>
         <xmax>347.678001680073</xmax>
         <ymax>141.058525551296</ymax>
      </bndbox>
   </object>
   <object>
      <name>righteye</name>
      <pose>Unspecified</pose>
      <truncated>0</truncated>
      <difficult>0</difficult>
      <bndbox>
         <xmin>257</xmin>
         <ymin>131</ymin>
         <xmax>293</xmax>
         <ymax>145</ymax>
      </bndbox>
   </object>
   <object>
      <name>lefteye</name>
      <pose>Unspecified</pose>
      <truncated>0</truncated>
      <difficult>0</difficult>
      <bndbox>
         <xmin>327.106703450396</xmin>
         <ymin>127.809214827097</ymin>
         <xmax>358.602871926342</xmax>
         <ymax>142.801855909743</ymax>
      </bndbox>
   </object>
   <object>
      <name>rightiris</name>
      <pose>Unspecified</pose>
      <truncated>0</truncated>
      <difficult>0</difficult>
      <bndbox>
         <xmin>269.818764242932</xmin>
         <ymin>132.416436908066</ymin>
         <xmax>283.523444489216</xmax>
         <ymax>143.266744005329</ymax>
      </bndbox>
   </object>
</annotation>
