<annotation>
   <folder>416multip416</folder>
   <filename>0455.jpg</filename>
   <path>E:\416multip416\0455.jpg</path>
   <source>
      <database>Unknow</database>
   </source>
   <size>
      <width>416</width>
      <height>416</height>
      <depth>3</depth>
   </size>
   <segmented>0</segmented>
   <object>
      <name>head</name>
      <pose>Unspecified</pose>
      <truncated>0</truncated>
      <difficult>0</difficult>
      <bndbox>
         <xmin>219</xmin>
         <ymin>44</ymin>
         <xmax>401</xmax>
         <ymax>301</ymax>
      </bndbox>
   </object>
   <object>
      <name>mouth</name>
      <pose>Unspecified</pose>
      <truncated>0</truncated>
      <difficult>0</difficult>
      <bndbox>
         <xmin>284</xmin>
         <ymin>254</ymin>
         <xmax>344</xmax>
         <ymax>281</ymax>
      </bndbox>
   </object>
   <object>
      <name>nose</name>
      <pose>Unspecified</pose>
      <truncated>0</truncated>
      <difficult>0</difficult>
      <bndbox>
         <xmin>290</xmin>
         <ymin>218</ymin>
         <xmax>332</xmax>
         <ymax>248</ymax>
      </bndbox>
   </object>
   <object>
      <name>leftiris</name>
      <pose>Unspecified</pose>
      <truncated>0</truncated>
      <difficult>0</difficult>
      <bndbox>
         <xmin>338.828154334966</xmin>
         <ymin>188.13220888824</ymin>
         <xmax>353.147467896864</xmax>
         <ymax>199.03214487356</ymax>
      </bndbox>
   </object>
   <object>
      <name>righteye</name>
      <pose>Unspecified</pose>
      <truncated>0</truncated>
      <difficult>0</difficult>
      <bndbox>
         <xmin>260</xmin>
         <ymin>187</ymin>
         <xmax>294</xmax>
         <ymax>201</ymax>
      </bndbox>
   </object>
   <object>
      <name>lefteye</name>
      <pose>Unspecified</pose>
      <truncated>0</truncated>
      <difficult>0</difficult>
      <bndbox>
         <xmin>331.824600579324</xmin>
         <ymin>186.387188673623</ymin>
         <xmax>364.056841873281</xmax>
         <ymax>201.511548050018</ymax>
      </bndbox>
   </object>
   <object>
      <name>rightiris</name>
      <pose>Unspecified</pose>
      <truncated>0</truncated>
      <difficult>0</difficult>
      <bndbox>
         <xmin>272.874472970888</xmin>
         <ymin>188.719104764687</ymin>
         <xmax>286.451522450138</xmax>
         <ymax>199.156115032383</ymax>
      </bndbox>
   </object>
</annotation>
