<annotation>
   <folder>416multip416</folder>
   <filename>0456.jpg</filename>
   <path>E:\416multip416\0456.jpg</path>
   <source>
      <database>Unknow</database>
   </source>
   <size>
      <width>416</width>
      <height>416</height>
      <depth>3</depth>
   </size>
   <segmented>0</segmented>
   <object>
      <name>head</name>
      <pose>Unspecified</pose>
      <truncated>0</truncated>
      <difficult>0</difficult>
      <bndbox>
         <xmin>213</xmin>
         <ymin>29</ymin>
         <xmax>401</xmax>
         <ymax>297</ymax>
      </bndbox>
   </object>
   <object>
      <name>mouth</name>
      <pose>Unspecified</pose>
      <truncated>0</truncated>
      <difficult>0</difficult>
      <bndbox>
         <xmin>274</xmin>
         <ymin>243</ymin>
         <xmax>331</xmax>
         <ymax>267</ymax>
      </bndbox>
   </object>
   <object>
      <name>nose</name>
      <pose>Unspecified</pose>
      <truncated>0</truncated>
      <difficult>0</difficult>
      <bndbox>
         <xmin>283</xmin>
         <ymin>200</ymin>
         <xmax>330</xmax>
         <ymax>233</ymax>
      </bndbox>
   </object>
   <object>
      <name>leftiris</name>
      <pose>Unspecified</pose>
      <truncated>0</truncated>
      <difficult>0</difficult>
      <bndbox>
         <xmin>334.646357383197</xmin>
         <ymin>174.553863115266</ymin>
         <xmax>348.983774210375</xmax>
         <ymax>187.314577108501</ymax>
      </bndbox>
   </object>
   <object>
      <name>righteye</name>
      <pose>Unspecified</pose>
      <truncated>0</truncated>
      <difficult>0</difficult>
      <bndbox>
         <xmin>257</xmin>
         <ymin>167</ymin>
         <xmax>293</xmax>
         <ymax>183</ymax>
      </bndbox>
   </object>
   <object>
      <name>lefteye</name>
      <pose>Unspecified</pose>
      <truncated>0</truncated>
      <difficult>0</difficult>
      <bndbox>
         <xmin>325.710443060687</xmin>
         <ymin>171.843101287402</ymin>
         <xmax>360.223735276986</xmax>
         <ymax>189.430334485746</ymax>
      </bndbox>
   </object>
   <object>
      <name>rightiris</name>
      <pose>Unspecified</pose>
      <truncated>0</truncated>
      <difficult>0</difficult>
      <bndbox>
         <xmin>268.742315978324</xmin>
         <ymin>168.561894261978</ymin>
         <xmax>282.601886499333</xmax>
         <ymax>180.967304976768</ymax>
      </bndbox>
   </object>
</annotation>
