<annotation>
   <folder>416multip416</folder>
   <filename>0458.jpg</filename>
   <path>E:\416multip416\0458.jpg</path>
   <source>
      <database>Unknow</database>
   </source>
   <size>
      <width>416</width>
      <height>416</height>
      <depth>3</depth>
   </size>
   <segmented>0</segmented>
   <object>
      <name>head</name>
      <pose>Unspecified</pose>
      <truncated>0</truncated>
      <difficult>0</difficult>
      <bndbox>
         <xmin>170</xmin>
         <ymin>30</ymin>
         <xmax>376</xmax>
         <ymax>300</ymax>
      </bndbox>
   </object>
   <object>
      <name>mouth</name>
      <pose>Unspecified</pose>
      <truncated>0</truncated>
      <difficult>0</difficult>
      <bndbox>
         <xmin>247</xmin>
         <ymin>235</ymin>
         <xmax>301</xmax>
         <ymax>263</ymax>
      </bndbox>
   </object>
   <object>
      <name>nose</name>
      <pose>Unspecified</pose>
      <truncated>0</truncated>
      <difficult>0</difficult>
      <bndbox>
         <xmin>250</xmin>
         <ymin>199</ymin>
         <xmax>296</xmax>
         <ymax>231</ymax>
      </bndbox>
   </object>
   <object>
      <name>leftiris</name>
      <pose>Unspecified</pose>
      <truncated>0</truncated>
      <difficult>0</difficult>
      <bndbox>
         <xmin>298.253769768116</xmin>
         <ymin>167.619850794115</ymin>
         <xmax>311.71242290556</xmax>
         <ymax>180.907385571757</ymax>
      </bndbox>
   </object>
   <object>
      <name>righteye</name>
      <pose>Unspecified</pose>
      <truncated>0</truncated>
      <difficult>0</difficult>
      <bndbox>
         <xmin>220</xmin>
         <ymin>163</ymin>
         <xmax>258</xmax>
         <ymax>181</ymax>
      </bndbox>
   </object>
   <object>
      <name>lefteye</name>
      <pose>Unspecified</pose>
      <truncated>0</truncated>
      <difficult>0</difficult>
      <bndbox>
         <xmin>287.964246585815</xmin>
         <ymin>165.039205242424</ymin>
         <xmax>324.287503120928</xmax>
         <ymax>183.634729065861</ymax>
      </bndbox>
   </object>
   <object>
      <name>rightiris</name>
      <pose>Unspecified</pose>
      <truncated>0</truncated>
      <difficult>0</difficult>
      <bndbox>
         <xmin>233.701070435564</xmin>
         <ymin>165.487641905875</ymin>
         <xmax>246.806153856608</xmax>
         <ymax>178.551952554122</ymax>
      </bndbox>
   </object>
</annotation>
