<annotation>
   <folder>416multip416</folder>
   <filename>0459.jpg</filename>
   <path>E:\416multip416\0459.jpg</path>
   <source>
      <database>Unknow</database>
   </source>
   <size>
      <width>416</width>
      <height>416</height>
      <depth>3</depth>
   </size>
   <segmented>0</segmented>
   <object>
      <name>head</name>
      <pose>Unspecified</pose>
      <truncated>0</truncated>
      <difficult>0</difficult>
      <bndbox>
         <xmin>165</xmin>
         <ymin>27</ymin>
         <xmax>372</xmax>
         <ymax>301</ymax>
      </bndbox>
   </object>
   <object>
      <name>mouth</name>
      <pose>Unspecified</pose>
      <truncated>0</truncated>
      <difficult>0</difficult>
      <bndbox>
         <xmin>242</xmin>
         <ymin>250</ymin>
         <xmax>296</xmax>
         <ymax>275</ymax>
      </bndbox>
   </object>
   <object>
      <name>nose</name>
      <pose>Unspecified</pose>
      <truncated>0</truncated>
      <difficult>0</difficult>
      <bndbox>
         <xmin>242</xmin>
         <ymin>208</ymin>
         <xmax>291</xmax>
         <ymax>240</ymax>
      </bndbox>
   </object>
   <object>
      <name>leftiris</name>
      <pose>Unspecified</pose>
      <truncated>0</truncated>
      <difficult>0</difficult>
      <bndbox>
         <xmin>289.249652874964</xmin>
         <ymin>170.6692053271</ymin>
         <xmax>304.387778134125</xmax>
         <ymax>181.030297633851</ymax>
      </bndbox>
   </object>
   <object>
      <name>righteye</name>
      <pose>Unspecified</pose>
      <truncated>0</truncated>
      <difficult>0</difficult>
      <bndbox>
         <xmin>210</xmin>
         <ymin>176</ymin>
         <xmax>246</xmax>
         <ymax>191</ymax>
      </bndbox>
   </object>
   <object>
      <name>lefteye</name>
      <pose>Unspecified</pose>
      <truncated>0</truncated>
      <difficult>0</difficult>
      <bndbox>
         <xmin>280.982212148359</xmin>
         <ymin>168.335753370385</ymin>
         <xmax>315.231034692502</xmax>
         <ymax>184.865107880107</ymax>
      </bndbox>
   </object>
   <object>
      <name>rightiris</name>
      <pose>Unspecified</pose>
      <truncated>0</truncated>
      <difficult>0</difficult>
      <bndbox>
         <xmin>222.552202453624</xmin>
         <ymin>178.653143033677</ymin>
         <xmax>237.212481406616</xmax>
         <ymax>188.699918126362</ymax>
      </bndbox>
   </object>
</annotation>
