<annotation>
   <folder>416multip416</folder>
   <filename>0460.jpg</filename>
   <path>E:\416multip416\0460.jpg</path>
   <source>
      <database>Unknow</database>
   </source>
   <size>
      <width>416</width>
      <height>416</height>
      <depth>3</depth>
   </size>
   <segmented>0</segmented>
   <object>
      <name>head</name>
      <pose>Unspecified</pose>
      <truncated>0</truncated>
      <difficult>0</difficult>
      <bndbox>
         <xmin>190</xmin>
         <ymin>46</ymin>
         <xmax>392</xmax>
         <ymax>301</ymax>
      </bndbox>
   </object>
   <object>
      <name>mouth</name>
      <pose>Unspecified</pose>
      <truncated>0</truncated>
      <difficult>0</difficult>
      <bndbox>
         <xmin>261</xmin>
         <ymin>252</ymin>
         <xmax>318</xmax>
         <ymax>281</ymax>
      </bndbox>
   </object>
   <object>
      <name>nose</name>
      <pose>Unspecified</pose>
      <truncated>0</truncated>
      <difficult>0</difficult>
      <bndbox>
         <xmin>266</xmin>
         <ymin>215</ymin>
         <xmax>314</xmax>
         <ymax>243</ymax>
      </bndbox>
   </object>
   <object>
      <name>leftiris</name>
      <pose>Unspecified</pose>
      <truncated>0</truncated>
      <difficult>0</difficult>
      <bndbox>
         <xmin>316.233175416131</xmin>
         <ymin>184.264469672156</ymin>
         <xmax>331.233175416131</xmax>
         <ymax>194.944552070124</ymax>
      </bndbox>
   </object>
   <object>
      <name>righteye</name>
      <pose>Unspecified</pose>
      <truncated>0</truncated>
      <difficult>0</difficult>
      <bndbox>
         <xmin>236</xmin>
         <ymin>181</ymin>
         <xmax>271</xmax>
         <ymax>197</ymax>
      </bndbox>
   </object>
   <object>
      <name>lefteye</name>
      <pose>Unspecified</pose>
      <truncated>0</truncated>
      <difficult>0</difficult>
      <bndbox>
         <xmin>310.707534747119</xmin>
         <ymin>181.721068462347</ymin>
         <xmax>342.70836507794</xmax>
         <ymax>197.060309447369</ymax>
      </bndbox>
   </object>
   <object>
      <name>rightiris</name>
      <pose>Unspecified</pose>
      <truncated>0</truncated>
      <difficult>0</difficult>
      <bndbox>
         <xmin>247.981861879524</xmin>
         <ymin>183.719052869011</ymin>
         <xmax>262.838524086965</xmax>
         <ymax>194.944552070124</ymax>
      </bndbox>
   </object>
</annotation>
