<annotation>
   <folder>416multip416</folder>
   <filename>0461.jpg</filename>
   <path>E:\416multip416\0461.jpg</path>
   <source>
      <database>Unknow</database>
   </source>
   <size>
      <width>416</width>
      <height>416</height>
      <depth>3</depth>
   </size>
   <segmented>0</segmented>
   <object>
      <name>head</name>
      <pose>Unspecified</pose>
      <truncated>0</truncated>
      <difficult>0</difficult>
      <bndbox>
         <xmin>171</xmin>
         <ymin>51</ymin>
         <xmax>401</xmax>
         <ymax>301</ymax>
      </bndbox>
   </object>
   <object>
      <name>mouth</name>
      <pose>Unspecified</pose>
      <truncated>0</truncated>
      <difficult>0</difficult>
      <bndbox>
         <xmin>251</xmin>
         <ymin>268</ymin>
         <xmax>301</xmax>
         <ymax>295</ymax>
      </bndbox>
   </object>
   <object>
      <name>nose</name>
      <pose>Unspecified</pose>
      <truncated>0</truncated>
      <difficult>0</difficult>
      <bndbox>
         <xmin>254</xmin>
         <ymin>224</ymin>
         <xmax>303</xmax>
         <ymax>256</ymax>
      </bndbox>
   </object>
   <object>
      <name>leftiris</name>
      <pose>Unspecified</pose>
      <truncated>0</truncated>
      <difficult>0</difficult>
      <bndbox>
         <xmin>306.973690498166</xmin>
         <ymin>190.244161311775</ymin>
         <xmax>321.973690498166</xmax>
         <ymax>202.244161311775</ymax>
      </bndbox>
   </object>
   <object>
      <name>righteye</name>
      <pose>Unspecified</pose>
      <truncated>0</truncated>
      <difficult>0</difficult>
      <bndbox>
         <xmin>225</xmin>
         <ymin>182.901408450704</ymin>
         <xmax>263</xmax>
         <ymax>201.901408450704</ymax>
      </bndbox>
   </object>
   <object>
      <name>lefteye</name>
      <pose>Unspecified</pose>
      <truncated>0</truncated>
      <difficult>0</difficult>
      <bndbox>
         <xmin>298.912514543126</xmin>
         <ymin>186.458870627846</ymin>
         <xmax>335.585642415362</xmax>
         <ymax>204.654384072147</ymax>
      </bndbox>
   </object>
   <object>
      <name>rightiris</name>
      <pose>Unspecified</pose>
      <truncated>0</truncated>
      <difficult>0</difficult>
      <bndbox>
         <xmin>238.335641961709</xmin>
         <ymin>186.740971611478</ymin>
         <xmax>252.930054211015</xmax>
         <ymax>199.435515874944</ymax>
      </bndbox>
   </object>
</annotation>
