<annotation>
   <folder>416multip416</folder>
   <filename>0463.jpg</filename>
   <path>E:\416multip416\0463.jpg</path>
   <source>
      <database>Unknow</database>
   </source>
   <size>
      <width>416</width>
      <height>416</height>
      <depth>3</depth>
   </size>
   <segmented>0</segmented>
   <object>
      <name>head</name>
      <pose>Unspecified</pose>
      <truncated>0</truncated>
      <difficult>0</difficult>
      <bndbox>
         <xmin>143</xmin>
         <ymin>5</ymin>
         <xmax>343</xmax>
         <ymax>244</ymax>
      </bndbox>
   </object>
   <object>
      <name>mouth</name>
      <pose>Unspecified</pose>
      <truncated>0</truncated>
      <difficult>0</difficult>
      <bndbox>
         <xmin>205</xmin>
         <ymin>185</ymin>
         <xmax>266</xmax>
         <ymax>206</ymax>
      </bndbox>
   </object>
   <object>
      <name>nose</name>
      <pose>Unspecified</pose>
      <truncated>0</truncated>
      <difficult>0</difficult>
      <bndbox>
         <xmin>215</xmin>
         <ymin>147</ymin>
         <xmax>257</xmax>
         <ymax>176</ymax>
      </bndbox>
   </object>
   <object>
      <name>leftiris</name>
      <pose>Unspecified</pose>
      <truncated>0</truncated>
      <difficult>0</difficult>
      <bndbox>
         <xmin>262.588478694575</xmin>
         <ymin>116.396704508233</ymin>
         <xmax>276.475713022219</xmax>
         <ymax>128.273962445477</ymax>
      </bndbox>
   </object>
   <object>
      <name>righteye</name>
      <pose>Unspecified</pose>
      <truncated>0</truncated>
      <difficult>0</difficult>
      <bndbox>
         <xmin>185</xmin>
         <ymin>113</ymin>
         <xmax>219</xmax>
         <ymax>130</ymax>
      </bndbox>
   </object>
   <object>
      <name>lefteye</name>
      <pose>Unspecified</pose>
      <truncated>0</truncated>
      <difficult>0</difficult>
      <bndbox>
         <xmin>253.995790888997</xmin>
         <ymin>114.389304657311</ymin>
         <xmax>285.864386383741</xmax>
         <ymax>130.654189494877</ymax>
      </bndbox>
   </object>
   <object>
      <name>rightiris</name>
      <pose>Unspecified</pose>
      <truncated>0</truncated>
      <difficult>0</difficult>
      <bndbox>
         <xmin>197.19689917518</xmin>
         <ymin>115.661174180389</ymin>
         <xmax>210.887234327644</xmax>
         <ymax>127.612788265088</ymax>
      </bndbox>
   </object>
</annotation>
