<annotation>
   <folder>416multip416</folder>
   <filename>0464.jpg</filename>
   <path>E:\416multip416\0464.jpg</path>
   <source>
      <database>Unknow</database>
   </source>
   <size>
      <width>416</width>
      <height>416</height>
      <depth>3</depth>
   </size>
   <segmented>0</segmented>
   <object>
      <name>head</name>
      <pose>Unspecified</pose>
      <truncated>0</truncated>
      <difficult>0</difficult>
      <bndbox>
         <xmin>175</xmin>
         <ymin>80</ymin>
         <xmax>358</xmax>
         <ymax>298</ymax>
      </bndbox>
   </object>
   <object>
      <name>mouth</name>
      <pose>Unspecified</pose>
      <truncated>0</truncated>
      <difficult>0</difficult>
      <bndbox>
         <xmin>238</xmin>
         <ymin>272</ymin>
         <xmax>294</xmax>
         <ymax>296</ymax>
      </bndbox>
   </object>
   <object>
      <name>nose</name>
      <pose>Unspecified</pose>
      <truncated>0</truncated>
      <difficult>0</difficult>
      <bndbox>
         <xmin>244</xmin>
         <ymin>233</ymin>
         <xmax>286</xmax>
         <ymax>264</ymax>
      </bndbox>
   </object>
   <object>
      <name>leftiris</name>
      <pose>Unspecified</pose>
      <truncated>0</truncated>
      <difficult>0</difficult>
      <bndbox>
         <xmin>287.946338736824</xmin>
         <ymin>208.605335713242</ymin>
         <xmax>301.946338736824</xmax>
         <ymax>219.05778716408</ymax>
      </bndbox>
   </object>
   <object>
      <name>righteye</name>
      <pose>Unspecified</pose>
      <truncated>0</truncated>
      <difficult>0</difficult>
      <bndbox>
         <xmin>215</xmin>
         <ymin>206</ymin>
         <xmax>248</xmax>
         <ymax>222</ymax>
      </bndbox>
   </object>
   <object>
      <name>lefteye</name>
      <pose>Unspecified</pose>
      <truncated>0</truncated>
      <difficult>0</difficult>
      <bndbox>
         <xmin>280.366886281205</xmin>
         <ymin>206.85447465495</ymin>
         <xmax>313.025274996116</xmax>
         <ymax>220.801117522527</ymax>
      </bndbox>
   </object>
   <object>
      <name>rightiris</name>
      <pose>Unspecified</pose>
      <truncated>0</truncated>
      <difficult>0</difficult>
      <bndbox>
         <xmin>225.654091031516</xmin>
         <ymin>208.789328573515</ymin>
         <xmax>240.386510060816</xmax>
         <ymax>220.568673474734</ymax>
      </bndbox>
   </object>
</annotation>
