<annotation>
   <folder>416multip416</folder>
   <filename>0465.jpg</filename>
   <path>E:\416multip416\0465.jpg</path>
   <source>
      <database>Unknow</database>
   </source>
   <size>
      <width>416</width>
      <height>416</height>
      <depth>3</depth>
   </size>
   <segmented>0</segmented>
   <object>
      <name>head</name>
      <pose>Unspecified</pose>
      <truncated>0</truncated>
      <difficult>0</difficult>
      <bndbox>
         <xmin>173</xmin>
         <ymin>33</ymin>
         <xmax>373</xmax>
         <ymax>294</ymax>
      </bndbox>
   </object>
   <object>
      <name>mouth</name>
      <pose>Unspecified</pose>
      <truncated>0</truncated>
      <difficult>0</difficult>
      <bndbox>
         <xmin>243</xmin>
         <ymin>240</ymin>
         <xmax>296</xmax>
         <ymax>261</ymax>
      </bndbox>
   </object>
   <object>
      <name>nose</name>
      <pose>Unspecified</pose>
      <truncated>0</truncated>
      <difficult>0</difficult>
      <bndbox>
         <xmin>249</xmin>
         <ymin>203</ymin>
         <xmax>292</xmax>
         <ymax>232</ymax>
      </bndbox>
   </object>
   <object>
      <name>leftiris</name>
      <pose>Unspecified</pose>
      <truncated>0</truncated>
      <difficult>0</difficult>
      <bndbox>
         <xmin>294.332273699675</xmin>
         <ymin>170.512358094125</ymin>
         <xmax>308.332273699675</xmax>
         <ymax>180.440125691521</ymax>
      </bndbox>
   </object>
   <object>
      <name>righteye</name>
      <pose>Unspecified</pose>
      <truncated>0</truncated>
      <difficult>0</difficult>
      <bndbox>
         <xmin>220</xmin>
         <ymin>170</ymin>
         <xmax>251</xmax>
         <ymax>184</ymax>
      </bndbox>
   </object>
   <object>
      <name>lefteye</name>
      <pose>Unspecified</pose>
      <truncated>0</truncated>
      <difficult>0</difficult>
      <bndbox>
         <xmin>287.135225025824</xmin>
         <ymin>168.91090092099</ymin>
         <xmax>319.491436478604</xmax>
         <ymax>183.043499026802</ymax>
      </bndbox>
   </object>
   <object>
      <name>rightiris</name>
      <pose>Unspecified</pose>
      <truncated>0</truncated>
      <difficult>0</difficult>
      <bndbox>
         <xmin>229.593577735575</xmin>
         <ymin>171.719104764687</ymin>
         <xmax>243.249788802513</xmax>
         <ymax>181.67982727975</ymax>
      </bndbox>
   </object>
</annotation>
