<annotation>
   <folder>416multip416</folder>
   <filename>0466.jpg</filename>
   <path>E:\416multip416\0466.jpg</path>
   <source>
      <database>Unknow</database>
   </source>
   <size>
      <width>416</width>
      <height>416</height>
      <depth>3</depth>
   </size>
   <segmented>0</segmented>
   <object>
      <name>head</name>
      <pose>Unspecified</pose>
      <truncated>0</truncated>
      <difficult>0</difficult>
      <bndbox>
         <xmin>153</xmin>
         <ymin>8</ymin>
         <xmax>359</xmax>
         <ymax>275</ymax>
      </bndbox>
   </object>
   <object>
      <name>mouth</name>
      <pose>Unspecified</pose>
      <truncated>0</truncated>
      <difficult>0</difficult>
      <bndbox>
         <xmin>219</xmin>
         <ymin>203</ymin>
         <xmax>279</xmax>
         <ymax>226</ymax>
      </bndbox>
   </object>
   <object>
      <name>nose</name>
      <pose>Unspecified</pose>
      <truncated>0</truncated>
      <difficult>0</difficult>
      <bndbox>
         <xmin>226</xmin>
         <ymin>163</ymin>
         <xmax>277</xmax>
         <ymax>193</ymax>
      </bndbox>
   </object>
   <object>
      <name>leftiris</name>
      <pose>Unspecified</pose>
      <truncated>0</truncated>
      <difficult>0</difficult>
      <bndbox>
         <xmin>278.447428202759</xmin>
         <ymin>134.93676721357</ymin>
         <xmax>292.544291105827</xmax>
         <ymax>145.93676721357</ymax>
      </bndbox>
   </object>
   <object>
      <name>righteye</name>
      <pose>Unspecified</pose>
      <truncated>0</truncated>
      <difficult>0</difficult>
      <bndbox>
         <xmin>197</xmin>
         <ymin>128</ymin>
         <xmax>234</xmax>
         <ymax>144</ymax>
      </bndbox>
   </object>
   <object>
      <name>lefteye</name>
      <pose>Unspecified</pose>
      <truncated>0</truncated>
      <difficult>0</difficult>
      <bndbox>
         <xmin>273.220373726995</xmin>
         <ymin>132.507857220772</ymin>
         <xmax>305.37988586111</xmax>
         <ymax>148.728663779646</ymax>
      </bndbox>
   </object>
   <object>
      <name>rightiris</name>
      <pose>Unspecified</pose>
      <truncated>0</truncated>
      <difficult>0</difficult>
      <bndbox>
         <xmin>213.04089442079</xmin>
         <ymin>130.32004065549</ymin>
         <xmax>227.378963886701</xmax>
         <ymax>141.394038205198</ymax>
      </bndbox>
   </object>
</annotation>
