<annotation>
   <folder>416multip416</folder>
   <filename>0470.jpg</filename>
   <path>E:\416multip416\0470.jpg</path>
   <source>
      <database>Unknow</database>
   </source>
   <size>
      <width>416</width>
      <height>416</height>
      <depth>3</depth>
   </size>
   <segmented>0</segmented>
   <object>
      <name>head</name>
      <pose>Unspecified</pose>
      <truncated>0</truncated>
      <difficult>0</difficult>
      <bndbox>
         <xmin>144</xmin>
         <ymin>44</ymin>
         <xmax>337</xmax>
         <ymax>300</ymax>
      </bndbox>
   </object>
   <object>
      <name>mouth</name>
      <pose>Unspecified</pose>
      <truncated>0</truncated>
      <difficult>0</difficult>
      <bndbox>
         <xmin>211</xmin>
         <ymin>246</ymin>
         <xmax>265</xmax>
         <ymax>269</ymax>
      </bndbox>
   </object>
   <object>
      <name>nose</name>
      <pose>Unspecified</pose>
      <truncated>0</truncated>
      <difficult>0</difficult>
      <bndbox>
         <xmin>213</xmin>
         <ymin>207</ymin>
         <xmax>260</xmax>
         <ymax>238</ymax>
      </bndbox>
   </object>
   <object>
      <name>leftiris</name>
      <pose>Unspecified</pose>
      <truncated>0</truncated>
      <difficult>0</difficult>
      <bndbox>
         <xmin>263.883759324274</xmin>
         <ymin>172.619850794115</ymin>
         <xmax>276.776655841857</xmax>
         <ymax>182.414889653453</ymax>
      </bndbox>
   </object>
   <object>
      <name>righteye</name>
      <pose>Unspecified</pose>
      <truncated>0</truncated>
      <difficult>0</difficult>
      <bndbox>
         <xmin>186</xmin>
         <ymin>168</ymin>
         <xmax>220</xmax>
         <ymax>185</ymax>
      </bndbox>
   </object>
   <object>
      <name>lefteye</name>
      <pose>Unspecified</pose>
      <truncated>0</truncated>
      <difficult>0</difficult>
      <bndbox>
         <xmin>256.817460271368</xmin>
         <ymin>171.009635041745</ymin>
         <xmax>288.553820930034</xmax>
         <ymax>184.522382353443</ymax>
      </bndbox>
   </object>
   <object>
      <name>rightiris</name>
      <pose>Unspecified</pose>
      <truncated>0</truncated>
      <difficult>0</difficult>
      <bndbox>
         <xmin>198.610055194408</xmin>
         <ymin>170.991761270583</ymin>
         <xmax>211.816292618651</xmax>
         <ymax>182.786800129922</ymax>
      </bndbox>
   </object>
</annotation>
