<annotation>
   <folder>416multip416</folder>
   <filename>0471.jpg</filename>
   <path>E:\416multip416\0471.jpg</path>
   <source>
      <database>Unknow</database>
   </source>
   <size>
      <width>416</width>
      <height>416</height>
      <depth>3</depth>
   </size>
   <segmented>0</segmented>
   <object>
      <name>head</name>
      <pose>Unspecified</pose>
      <truncated>0</truncated>
      <difficult>0</difficult>
      <bndbox>
         <xmin>186</xmin>
         <ymin>2</ymin>
         <xmax>377</xmax>
         <ymax>260</ymax>
      </bndbox>
   </object>
   <object>
      <name>mouth</name>
      <pose>Unspecified</pose>
      <truncated>0</truncated>
      <difficult>0</difficult>
      <bndbox>
         <xmin>252</xmin>
         <ymin>202</ymin>
         <xmax>311</xmax>
         <ymax>229</ymax>
      </bndbox>
   </object>
   <object>
      <name>nose</name>
      <pose>Unspecified</pose>
      <truncated>0</truncated>
      <difficult>0</difficult>
      <bndbox>
         <xmin>259</xmin>
         <ymin>166</ymin>
         <xmax>303</xmax>
         <ymax>197</ymax>
      </bndbox>
   </object>
   <object>
      <name>leftiris</name>
      <pose>Unspecified</pose>
      <truncated>0</truncated>
      <difficult>0</difficult>
      <bndbox>
         <xmin>303.600583123469</xmin>
         <ymin>135.358063539467</ymin>
         <xmax>317.786384326283</xmax>
         <ymax>145.358063539467</ymax>
      </bndbox>
   </object>
   <object>
      <name>righteye</name>
      <pose>Unspecified</pose>
      <truncated>0</truncated>
      <difficult>0</difficult>
      <bndbox>
         <xmin>231</xmin>
         <ymin>133</ymin>
         <xmax>264</xmax>
         <ymax>148</ymax>
      </bndbox>
   </object>
   <object>
      <name>lefteye</name>
      <pose>Unspecified</pose>
      <truncated>0</truncated>
      <difficult>0</difficult>
      <bndbox>
         <xmin>297.662670863541</xmin>
         <ymin>133.484148641672</ymin>
         <xmax>330.401430350714</xmax>
         <ymax>147.606750773394</ymax>
      </bndbox>
   </object>
   <object>
      <name>rightiris</name>
      <pose>Unspecified</pose>
      <truncated>0</truncated>
      <difficult>0</difficult>
      <bndbox>
         <xmin>242.595884969844</xmin>
         <ymin>135.407261726998</ymin>
         <xmax>256.418253274308</xmax>
         <ymax>145.841425506929</ymax>
      </bndbox>
   </object>
</annotation>
