<annotation>
   <folder>416multip416</folder>
   <filename>0472.jpg</filename>
   <path>E:\416multip416\0472.jpg</path>
   <source>
      <database>Unknow</database>
   </source>
   <size>
      <width>416</width>
      <height>416</height>
      <depth>3</depth>
   </size>
   <segmented>0</segmented>
   <object>
      <name>head</name>
      <pose>Unspecified</pose>
      <truncated>0</truncated>
      <difficult>0</difficult>
      <bndbox>
         <xmin>161</xmin>
         <ymin>1</ymin>
         <xmax>374</xmax>
         <ymax>248</ymax>
      </bndbox>
   </object>
   <object>
      <name>mouth</name>
      <pose>Unspecified</pose>
      <truncated>0</truncated>
      <difficult>0</difficult>
      <bndbox>
         <xmin>228</xmin>
         <ymin>186</ymin>
         <xmax>287</xmax>
         <ymax>214</ymax>
      </bndbox>
   </object>
   <object>
      <name>nose</name>
      <pose>Unspecified</pose>
      <truncated>0</truncated>
      <difficult>0</difficult>
      <bndbox>
         <xmin>236</xmin>
         <ymin>150</ymin>
         <xmax>281</xmax>
         <ymax>180</ymax>
      </bndbox>
   </object>
   <object>
      <name>leftiris</name>
      <pose>Unspecified</pose>
      <truncated>0</truncated>
      <difficult>0</difficult>
      <bndbox>
         <xmin>287.127387547269</xmin>
         <ymin>125.423151475449</ymin>
         <xmax>301.127387547269</xmax>
         <ymax>134.423151475449</ymax>
      </bndbox>
   </object>
   <object>
      <name>righteye</name>
      <pose>Unspecified</pose>
      <truncated>0</truncated>
      <difficult>0</difficult>
      <bndbox>
         <xmin>205</xmin>
         <ymin>123</ymin>
         <xmax>242</xmax>
         <ymax>136</ymax>
      </bndbox>
   </object>
   <object>
      <name>lefteye</name>
      <pose>Unspecified</pose>
      <truncated>0</truncated>
      <difficult>0</difficult>
      <bndbox>
         <xmin>276.301528248333</xmin>
         <ymin>123.731753708285</ymin>
         <xmax>315.654615465079</xmax>
         <ymax>136.8494494472</ymax>
      </bndbox>
   </object>
   <object>
      <name>rightiris</name>
      <pose>Unspecified</pose>
      <truncated>0</truncated>
      <difficult>0</difficult>
      <bndbox>
         <xmin>218.899843928974</xmin>
         <ymin>124.705252459081</ymin>
         <xmax>232.857976768916</xmax>
         <ymax>134.592641578139</ymax>
      </bndbox>
   </object>
</annotation>
