<annotation>
   <folder>416multip416</folder>
   <filename>0473.jpg</filename>
   <path>E:\416multip416\0473.jpg</path>
   <source>
      <database>Unknow</database>
   </source>
   <size>
      <width>416</width>
      <height>416</height>
      <depth>3</depth>
   </size>
   <segmented>0</segmented>
   <object>
      <name>head</name>
      <pose>Unspecified</pose>
      <truncated>0</truncated>
      <difficult>0</difficult>
      <bndbox>
         <xmin>199</xmin>
         <ymin>65</ymin>
         <xmax>385</xmax>
         <ymax>301</ymax>
      </bndbox>
   </object>
   <object>
      <name>mouth</name>
      <pose>Unspecified</pose>
      <truncated>0</truncated>
      <difficult>0</difficult>
      <bndbox>
         <xmin>276</xmin>
         <ymin>260</ymin>
         <xmax>332</xmax>
         <ymax>283</ymax>
      </bndbox>
   </object>
   <object>
      <name>nose</name>
      <pose>Unspecified</pose>
      <truncated>0</truncated>
      <difficult>0</difficult>
      <bndbox>
         <xmin>279</xmin>
         <ymin>217</ymin>
         <xmax>325</xmax>
         <ymax>251</ymax>
      </bndbox>
   </object>
   <object>
      <name>leftiris</name>
      <pose>Unspecified</pose>
      <truncated>0</truncated>
      <difficult>0</difficult>
      <bndbox>
         <xmin>328.267258072108</xmin>
         <ymin>190.592738273002</ymin>
         <xmax>342.005143787694</xmax>
         <ymax>201.594779451291</ymax>
      </bndbox>
   </object>
   <object>
      <name>righteye</name>
      <pose>Unspecified</pose>
      <truncated>0</truncated>
      <difficult>0</difficult>
      <bndbox>
         <xmin>250</xmin>
         <ymin>191</ymin>
         <xmax>282</xmax>
         <ymax>205</ymax>
      </bndbox>
   </object>
   <object>
      <name>lefteye</name>
      <pose>Unspecified</pose>
      <truncated>0</truncated>
      <difficult>0</difficult>
      <bndbox>
         <xmin>321.7977421808</xmin>
         <ymin>189.257563100426</ymin>
         <xmax>352.339875342088</xmax>
         <ymax>202.79841031479</ymax>
      </bndbox>
   </object>
   <object>
      <name>rightiris</name>
      <pose>Unspecified</pose>
      <truncated>0</truncated>
      <difficult>0</difficult>
      <bndbox>
         <xmin>260.464372103613</xmin>
         <ymin>192.664069596059</ymin>
         <xmax>273.802961498777</xmax>
         <ymax>202.647956456853</ymax>
      </bndbox>
   </object>
</annotation>
