<annotation>
   <folder>416multip416</folder>
   <filename>0474.jpg</filename>
   <path>E:\416multip416\0474.jpg</path>
   <source>
      <database>Unknow</database>
   </source>
   <size>
      <width>416</width>
      <height>416</height>
      <depth>3</depth>
   </size>
   <segmented>0</segmented>
   <object>
      <name>head</name>
      <pose>Unspecified</pose>
      <truncated>0</truncated>
      <difficult>0</difficult>
      <bndbox>
         <xmin>149</xmin>
         <ymin>97</ymin>
         <xmax>346</xmax>
         <ymax>301</ymax>
      </bndbox>
   </object>
   <object>
      <name>mouth</name>
      <pose>Unspecified</pose>
      <truncated>0</truncated>
      <difficult>0</difficult>
      <bndbox>
         <xmin>215</xmin>
         <ymin>291</ymin>
         <xmax>271</xmax>
         <ymax>301</ymax>
      </bndbox>
   </object>
   <object>
      <name>nose</name>
      <pose>Unspecified</pose>
      <truncated>0</truncated>
      <difficult>0</difficult>
      <bndbox>
         <xmin>217</xmin>
         <ymin>258</ymin>
         <xmax>260</xmax>
         <ymax>288</ymax>
      </bndbox>
   </object>
   <object>
      <name>leftiris</name>
      <pose>Unspecified</pose>
      <truncated>0</truncated>
      <difficult>0</difficult>
      <bndbox>
         <xmin>262.125527029112</xmin>
         <ymin>234.760298411771</ymin>
         <xmax>275.125527029112</xmax>
         <ymax>245.729371773041</ymax>
      </bndbox>
   </object>
   <object>
      <name>righteye</name>
      <pose>Unspecified</pose>
      <truncated>0</truncated>
      <difficult>0</difficult>
      <bndbox>
         <xmin>192</xmin>
         <ymin>233</ymin>
         <xmax>224</xmax>
         <ymax>247</ymax>
      </bndbox>
   </object>
   <object>
      <name>lefteye</name>
      <pose>Unspecified</pose>
      <truncated>0</truncated>
      <difficult>0</difficult>
      <bndbox>
         <xmin>253.232788347376</xmin>
         <ymin>231.844713984875</ymin>
         <xmax>286.828701388385</xmax>
         <ymax>247.217013678916</ymax>
      </bndbox>
   </object>
   <object>
      <name>rightiris</name>
      <pose>Unspecified</pose>
      <truncated>0</truncated>
      <difficult>0</difficult>
      <bndbox>
         <xmin>202.048264723783</xmin>
         <ymin>235.347194288219</ymin>
         <xmax>215.297919747565</xmax>
         <ymax>245.729371773041</ymax>
      </bndbox>
   </object>
</annotation>
