<annotation>
   <folder>416multip416</folder>
   <filename>0475.jpg</filename>
   <path>E:\416multip416\0475.jpg</path>
   <source>
      <database>Unknow</database>
   </source>
   <size>
      <width>416</width>
      <height>416</height>
      <depth>3</depth>
   </size>
   <segmented>0</segmented>
   <object>
      <name>head</name>
      <pose>Unspecified</pose>
      <truncated>0</truncated>
      <difficult>0</difficult>
      <bndbox>
         <xmin>159</xmin>
         <ymin>2</ymin>
         <xmax>360</xmax>
         <ymax>249</ymax>
      </bndbox>
   </object>
   <object>
      <name>mouth</name>
      <pose>Unspecified</pose>
      <truncated>0</truncated>
      <difficult>0</difficult>
      <bndbox>
         <xmin>231</xmin>
         <ymin>185</ymin>
         <xmax>286</xmax>
         <ymax>210</ymax>
      </bndbox>
   </object>
   <object>
      <name>nose</name>
      <pose>Unspecified</pose>
      <truncated>0</truncated>
      <difficult>0</difficult>
      <bndbox>
         <xmin>235</xmin>
         <ymin>150</ymin>
         <xmax>280</xmax>
         <ymax>180</ymax>
      </bndbox>
   </object>
   <object>
      <name>leftiris</name>
      <pose>Unspecified</pose>
      <truncated>0</truncated>
      <difficult>0</difficult>
      <bndbox>
         <xmin>283.103758007696</xmin>
         <ymin>119.206874428022</ymin>
         <xmax>297.103758007696</xmax>
         <ymax>131.150074218045</ymax>
      </bndbox>
   </object>
   <object>
      <name>righteye</name>
      <pose>Unspecified</pose>
      <truncated>0</truncated>
      <difficult>0</difficult>
      <bndbox>
         <xmin>203</xmin>
         <ymin>121</ymin>
         <xmax>240</xmax>
         <ymax>135</ymax>
      </bndbox>
   </object>
   <object>
      <name>lefteye</name>
      <pose>Unspecified</pose>
      <truncated>0</truncated>
      <difficult>0</difficult>
      <bndbox>
         <xmin>272.359910032285</xmin>
         <ymin>117.62661278282</ymin>
         <xmax>308.479534878264</xmax>
         <ymax>132.861904779466</ymax>
      </bndbox>
   </object>
   <object>
      <name>rightiris</name>
      <pose>Unspecified</pose>
      <truncated>0</truncated>
      <difficult>0</difficult>
      <bndbox>
         <xmin>216.536689809965</xmin>
         <ymin>122.820223908831</ymin>
         <xmax>229.906512109048</xmax>
         <ymax>133.717820060176</ymax>
      </bndbox>
   </object>
</annotation>
