<annotation>
   <folder>416multip416</folder>
   <filename>0476.jpg</filename>
   <path>E:\416multip416\0476.jpg</path>
   <source>
      <database>Unknow</database>
   </source>
   <size>
      <width>416</width>
      <height>416</height>
      <depth>3</depth>
   </size>
   <segmented>0</segmented>
   <object>
      <name>head</name>
      <pose>Unspecified</pose>
      <truncated>0</truncated>
      <difficult>0</difficult>
      <bndbox>
         <xmin>131</xmin>
         <ymin>18</ymin>
         <xmax>317</xmax>
         <ymax>290</ymax>
      </bndbox>
   </object>
   <object>
      <name>mouth</name>
      <pose>Unspecified</pose>
      <truncated>0</truncated>
      <difficult>0</difficult>
      <bndbox>
         <xmin>204</xmin>
         <ymin>228</ymin>
         <xmax>259</xmax>
         <ymax>248</ymax>
      </bndbox>
   </object>
   <object>
      <name>nose</name>
      <pose>Unspecified</pose>
      <truncated>0</truncated>
      <difficult>0</difficult>
      <bndbox>
         <xmin>204</xmin>
         <ymin>189</ymin>
         <xmax>251</xmax>
         <ymax>218</ymax>
      </bndbox>
   </object>
   <object>
      <name>leftiris</name>
      <pose>Unspecified</pose>
      <truncated>0</truncated>
      <difficult>0</difficult>
      <bndbox>
         <xmin>249.364045678432</xmin>
         <ymin>155.404865394136</ymin>
         <xmax>263.241258458519</xmax>
         <ymax>167.979957526696</ymax>
      </bndbox>
   </object>
   <object>
      <name>righteye</name>
      <pose>Unspecified</pose>
      <truncated>0</truncated>
      <difficult>0</difficult>
      <bndbox>
         <xmin>177</xmin>
         <ymin>156</ymin>
         <xmax>210</xmax>
         <ymax>173</ymax>
      </bndbox>
   </object>
   <object>
      <name>lefteye</name>
      <pose>Unspecified</pose>
      <truncated>0</truncated>
      <difficult>0</difficult>
      <bndbox>
         <xmin>242.04980630788</xmin>
         <ymin>153.103538467947</ymin>
         <xmax>276.141599984181</xmax>
         <ymax>171.699062291384</ymax>
      </bndbox>
   </object>
   <object>
      <name>rightiris</name>
      <pose>Unspecified</pose>
      <truncated>0</truncated>
      <difficult>0</difficult>
      <bndbox>
         <xmin>187.750876743444</xmin>
         <ymin>158.322478099969</ymin>
         <xmax>202.007445008079</xmax>
         <ymax>171.079211497269</ymax>
      </bndbox>
   </object>
</annotation>
