<annotation>
   <folder>416multip416</folder>
   <filename>0477.jpg</filename>
   <path>E:\416multip416\0477.jpg</path>
   <source>
      <database>Unknow</database>
   </source>
   <size>
      <width>416</width>
      <height>416</height>
      <depth>3</depth>
   </size>
   <segmented>0</segmented>
   <object>
      <name>head</name>
      <pose>Unspecified</pose>
      <truncated>0</truncated>
      <difficult>0</difficult>
      <bndbox>
         <xmin>154</xmin>
         <ymin>2</ymin>
         <xmax>354</xmax>
         <ymax>234</ymax>
      </bndbox>
   </object>
   <object>
      <name>mouth</name>
      <pose>Unspecified</pose>
      <truncated>0</truncated>
      <difficult>0</difficult>
      <bndbox>
         <xmin>225</xmin>
         <ymin>168</ymin>
         <xmax>280</xmax>
         <ymax>192</ymax>
      </bndbox>
   </object>
   <object>
      <name>nose</name>
      <pose>Unspecified</pose>
      <truncated>0</truncated>
      <difficult>0</difficult>
      <bndbox>
         <xmin>232</xmin>
         <ymin>137</ymin>
         <xmax>276</xmax>
         <ymax>163</ymax>
      </bndbox>
   </object>
   <object>
      <name>leftiris</name>
      <pose>Unspecified</pose>
      <truncated>0</truncated>
      <difficult>0</difficult>
      <bndbox>
         <xmin>276.429273885264</xmin>
         <ymin>112.60181543175</ymin>
         <xmax>289.429273885264</xmax>
         <ymax>124.541492263529</ymax>
      </bndbox>
   </object>
   <object>
      <name>righteye</name>
      <pose>Unspecified</pose>
      <truncated>0</truncated>
      <difficult>0</difficult>
      <bndbox>
         <xmin>205</xmin>
         <ymin>109</ymin>
         <xmax>239</xmax>
         <ymax>125</ymax>
      </bndbox>
   </object>
   <object>
      <name>lefteye</name>
      <pose>Unspecified</pose>
      <truncated>0</truncated>
      <difficult>0</difficult>
      <bndbox>
         <xmin>267.359391502698</xmin>
         <ymin>110.248375759478</ymin>
         <xmax>300.308786390984</xmax>
         <ymax>127.099207848464</ymax>
      </bndbox>
   </object>
   <object>
      <name>rightiris</name>
      <pose>Unspecified</pose>
      <truncated>0</truncated>
      <difficult>0</difficult>
      <bndbox>
         <xmin>217.243872869542</xmin>
         <ymin>111.300907715875</ymin>
         <xmax>230.498196308041</xmax>
         <ymax>123.33786140003</ymax>
      </bndbox>
   </object>
</annotation>
