<annotation>
   <folder>416multip416</folder>
   <filename>0478.jpg</filename>
   <path>E:\416multip416\0478.jpg</path>
   <source>
      <database>Unknow</database>
   </source>
   <size>
      <width>416</width>
      <height>416</height>
      <depth>3</depth>
   </size>
   <segmented>0</segmented>
   <object>
      <name>head</name>
      <pose>Unspecified</pose>
      <truncated>0</truncated>
      <difficult>0</difficult>
      <bndbox>
         <xmin>134</xmin>
         <ymin>7</ymin>
         <xmax>345</xmax>
         <ymax>282</ymax>
      </bndbox>
   </object>
   <object>
      <name>mouth</name>
      <pose>Unspecified</pose>
      <truncated>0</truncated>
      <difficult>0</difficult>
      <bndbox>
         <xmin>205</xmin>
         <ymin>219</ymin>
         <xmax>266</xmax>
         <ymax>248</ymax>
      </bndbox>
   </object>
   <object>
      <name>nose</name>
      <pose>Unspecified</pose>
      <truncated>0</truncated>
      <difficult>0</difficult>
      <bndbox>
         <xmin>212</xmin>
         <ymin>182</ymin>
         <xmax>260</xmax>
         <ymax>215</ymax>
      </bndbox>
   </object>
   <object>
      <name>leftiris</name>
      <pose>Unspecified</pose>
      <truncated>0</truncated>
      <difficult>0</difficult>
      <bndbox>
         <xmin>261.498014431903</xmin>
         <ymin>153.833656393612</ymin>
         <xmax>275.498014431903</xmax>
         <ymax>163.833656393612</ymax>
      </bndbox>
   </object>
   <object>
      <name>righteye</name>
      <pose>Unspecified</pose>
      <truncated>0</truncated>
      <difficult>0</difficult>
      <bndbox>
         <xmin>188</xmin>
         <ymin>150</ymin>
         <xmax>222</xmax>
         <ymax>165</ymax>
      </bndbox>
   </object>
   <object>
      <name>lefteye</name>
      <pose>Unspecified</pose>
      <truncated>0</truncated>
      <difficult>0</difficult>
      <bndbox>
         <xmin>255.277503431905</xmin>
         <ymin>151.072390716091</ymin>
         <xmax>286.167561139672</xmax>
         <ymax>166.023742848618</ymax>
      </bndbox>
   </object>
   <object>
      <name>rightiris</name>
      <pose>Unspecified</pose>
      <truncated>0</truncated>
      <difficult>0</difficult>
      <bndbox>
         <xmin>200.267811623551</xmin>
         <ymin>151.846302950898</ymin>
         <xmax>214.513911296996</xmax>
         <ymax>162.92063202866</ymax>
      </bndbox>
   </object>
</annotation>
