<annotation>
   <folder>416multip416</folder>
   <filename>0479.jpg</filename>
   <path>E:\416multip416\0479.jpg</path>
   <source>
      <database>Unknow</database>
   </source>
   <size>
      <width>416</width>
      <height>416</height>
      <depth>3</depth>
   </size>
   <segmented>0</segmented>
   <object>
      <name>head</name>
      <pose>Unspecified</pose>
      <truncated>0</truncated>
      <difficult>0</difficult>
      <bndbox>
         <xmin>175</xmin>
         <ymin>70</ymin>
         <xmax>382</xmax>
         <ymax>301</ymax>
      </bndbox>
   </object>
   <object>
      <name>mouth</name>
      <pose>Unspecified</pose>
      <truncated>0</truncated>
      <difficult>0</difficult>
      <bndbox>
         <xmin>250</xmin>
         <ymin>271</ymin>
         <xmax>304</xmax>
         <ymax>297</ymax>
      </bndbox>
   </object>
   <object>
      <name>nose</name>
      <pose>Unspecified</pose>
      <truncated>0</truncated>
      <difficult>0</difficult>
      <bndbox>
         <xmin>260</xmin>
         <ymin>232</ymin>
         <xmax>300</xmax>
         <ymax>259</ymax>
      </bndbox>
   </object>
   <object>
      <name>leftiris</name>
      <pose>Unspecified</pose>
      <truncated>0</truncated>
      <difficult>0</difficult>
      <bndbox>
         <xmin>304.257735917352</xmin>
         <ymin>205.727343494104</ymin>
         <xmax>318.07770664139</xmax>
         <ymax>215.339854656213</ymax>
      </bndbox>
   </object>
   <object>
      <name>righteye</name>
      <pose>Unspecified</pose>
      <truncated>0</truncated>
      <difficult>0</difficult>
      <bndbox>
         <xmin>234</xmin>
         <ymin>199</ymin>
         <xmax>267</xmax>
         <ymax>215</ymax>
      </bndbox>
   </object>
   <object>
      <name>lefteye</name>
      <pose>Unspecified</pose>
      <truncated>0</truncated>
      <difficult>0</difficult>
      <bndbox>
         <xmin>297.126749800318</xmin>
         <ymin>203.810629885682</ymin>
         <xmax>328.491199982515</xmax>
         <ymax>216.95146672091</ymax>
      </bndbox>
   </object>
   <object>
      <name>rightiris</name>
      <pose>Unspecified</pose>
      <truncated>0</truncated>
      <difficult>0</difficult>
      <bndbox>
         <xmin>244.932533294377</xmin>
         <ymin>201.636328252948</ymin>
         <xmax>258.819970724038</xmax>
         <ymax>212.612511162108</ymax>
      </bndbox>
   </object>
</annotation>
