<annotation>
   <folder>416multip416</folder>
   <filename>0480.jpg</filename>
   <path>E:\416multip416\0480.jpg</path>
   <source>
      <database>Unknow</database>
   </source>
   <size>
      <width>416</width>
      <height>416</height>
      <depth>3</depth>
   </size>
   <segmented>0</segmented>
   <object>
      <name>head</name>
      <pose>Unspecified</pose>
      <truncated>0</truncated>
      <difficult>0</difficult>
      <bndbox>
         <xmin>133</xmin>
         <ymin>60</ymin>
         <xmax>324</xmax>
         <ymax>300</ymax>
      </bndbox>
   </object>
   <object>
      <name>mouth</name>
      <pose>Unspecified</pose>
      <truncated>0</truncated>
      <difficult>0</difficult>
      <bndbox>
         <xmin>195</xmin>
         <ymin>248</ymin>
         <xmax>253</xmax>
         <ymax>271</ymax>
      </bndbox>
   </object>
   <object>
      <name>nose</name>
      <pose>Unspecified</pose>
      <truncated>0</truncated>
      <difficult>0</difficult>
      <bndbox>
         <xmin>198</xmin>
         <ymin>206</ymin>
         <xmax>249</xmax>
         <ymax>237</ymax>
      </bndbox>
   </object>
   <object>
      <name>leftiris</name>
      <pose>Unspecified</pose>
      <truncated>0</truncated>
      <difficult>0</difficult>
      <bndbox>
         <xmin>247.91351254213</xmin>
         <ymin>182.209716059233</ymin>
         <xmax>261.91351254213</xmax>
         <ymax>189.209716059233</ymax>
      </bndbox>
   </object>
   <object>
      <name>righteye</name>
      <pose>Unspecified</pose>
      <truncated>0</truncated>
      <difficult>0</difficult>
      <bndbox>
         <xmin>170</xmin>
         <ymin>180</ymin>
         <xmax>206</xmax>
         <ymax>192</ymax>
      </bndbox>
   </object>
   <object>
      <name>lefteye</name>
      <pose>Unspecified</pose>
      <truncated>0</truncated>
      <difficult>0</difficult>
      <bndbox>
         <xmin>242.014660567636</xmin>
         <ymin>179.49467233225</ymin>
         <xmax>273.999835479088</xmax>
         <ymax>191.752463915082</ymax>
      </bndbox>
   </object>
   <object>
      <name>rightiris</name>
      <pose>Unspecified</pose>
      <truncated>0</truncated>
      <difficult>0</difficult>
      <bndbox>
         <xmin>185.167430314621</xmin>
         <ymin>181.905550597412</ymin>
         <xmax>198.63637734179</xmax>
         <ymax>190.728739908397</ymax>
      </bndbox>
   </object>
</annotation>
