<annotation>
   <folder>416multip416</folder>
   <filename>0481.jpg</filename>
   <path>E:\416multip416\0481.jpg</path>
   <source>
      <database>Unknow</database>
   </source>
   <size>
      <width>416</width>
      <height>416</height>
      <depth>3</depth>
   </size>
   <segmented>0</segmented>
   <object>
      <name>head</name>
      <pose>Unspecified</pose>
      <truncated>0</truncated>
      <difficult>0</difficult>
      <bndbox>
         <xmin>133</xmin>
         <ymin>59</ymin>
         <xmax>315</xmax>
         <ymax>299</ymax>
      </bndbox>
   </object>
   <object>
      <name>mouth</name>
      <pose>Unspecified</pose>
      <truncated>0</truncated>
      <difficult>0</difficult>
      <bndbox>
         <xmin>186</xmin>
         <ymin>254</ymin>
         <xmax>243</xmax>
         <ymax>280</ymax>
      </bndbox>
   </object>
   <object>
      <name>nose</name>
      <pose>Unspecified</pose>
      <truncated>0</truncated>
      <difficult>0</difficult>
      <bndbox>
         <xmin>195</xmin>
         <ymin>217</ymin>
         <xmax>239</xmax>
         <ymax>247</ymax>
      </bndbox>
   </object>
   <object>
      <name>leftiris</name>
      <pose>Unspecified</pose>
      <truncated>0</truncated>
      <difficult>0</difficult>
      <bndbox>
         <xmin>244.870579678208</xmin>
         <ymin>192.846302950898</ymin>
         <xmax>257.870579678208</xmax>
         <ymax>201.846302950898</ymax>
      </bndbox>
   </object>
   <object>
      <name>righteye</name>
      <pose>Unspecified</pose>
      <truncated>0</truncated>
      <difficult>0</difficult>
      <bndbox>
         <xmin>169</xmin>
         <ymin>190</ymin>
         <xmax>201</xmax>
         <ymax>203</ymax>
      </bndbox>
   </object>
   <object>
      <name>lefteye</name>
      <pose>Unspecified</pose>
      <truncated>0</truncated>
      <difficult>0</difficult>
      <bndbox>
         <xmin>235.267516064676</xmin>
         <ymin>190.799384104702</ymin>
         <xmax>271.427676928867</xmax>
         <ymax>204.481281810882</ymax>
      </bndbox>
   </object>
   <object>
      <name>rightiris</name>
      <pose>Unspecified</pose>
      <truncated>0</truncated>
      <difficult>0</difficult>
      <bndbox>
         <xmin>178.733500322586</xmin>
         <ymin>192.692605901796</ymin>
         <xmax>191.734149052663</xmax>
         <ymax>201.660271974557</ymax>
      </bndbox>
   </object>
</annotation>
