<annotation>
   <folder>416multip416</folder>
   <filename>0482.jpg</filename>
   <path>E:\416multip416\0482.jpg</path>
   <source>
      <database>Unknow</database>
   </source>
   <size>
      <width>416</width>
      <height>416</height>
      <depth>3</depth>
   </size>
   <segmented>0</segmented>
   <object>
      <name>head</name>
      <pose>Unspecified</pose>
      <truncated>0</truncated>
      <difficult>0</difficult>
      <bndbox>
         <xmin>140</xmin>
         <ymin>92</ymin>
         <xmax>329</xmax>
         <ymax>300</ymax>
      </bndbox>
   </object>
   <object>
      <name>mouth</name>
      <pose>Unspecified</pose>
      <truncated>0</truncated>
      <difficult>0</difficult>
      <bndbox>
         <xmin>204</xmin>
         <ymin>284</ymin>
         <xmax>258</xmax>
         <ymax>300</ymax>
      </bndbox>
   </object>
   <object>
      <name>nose</name>
      <pose>Unspecified</pose>
      <truncated>0</truncated>
      <difficult>0</difficult>
      <bndbox>
         <xmin>206</xmin>
         <ymin>242</ymin>
         <xmax>255</xmax>
         <ymax>274</ymax>
      </bndbox>
   </object>
   <object>
      <name>leftiris</name>
      <pose>Unspecified</pose>
      <truncated>0</truncated>
      <difficult>0</difficult>
      <bndbox>
         <xmin>256.600907780279</xmin>
         <ymin>216.160484115133</ymin>
         <xmax>270.600907780279</xmax>
         <ymax>227.160484115133</ymax>
      </bndbox>
   </object>
   <object>
      <name>righteye</name>
      <pose>Unspecified</pose>
      <truncated>0</truncated>
      <difficult>0</difficult>
      <bndbox>
         <xmin>177</xmin>
         <ymin>212</ymin>
         <xmax>212</xmax>
         <ymax>230</ymax>
      </bndbox>
   </object>
   <object>
      <name>lefteye</name>
      <pose>Unspecified</pose>
      <truncated>0</truncated>
      <difficult>0</difficult>
      <bndbox>
         <xmin>249.673415879384</xmin>
         <ymin>213.865580131244</ymin>
         <xmax>283.696048287623</xmax>
         <ymax>230.234959874831</ymax>
      </bndbox>
   </object>
   <object>
      <name>rightiris</name>
      <pose>Unspecified</pose>
      <truncated>0</truncated>
      <difficult>0</difficult>
      <bndbox>
         <xmin>189.781361515848</xmin>
         <ymin>215.246777611865</ymin>
         <xmax>204.095927181555</xmax>
         <ymax>226.383341111634</ymax>
      </bndbox>
   </object>
</annotation>
