<annotation>
   <folder>416multip416</folder>
   <filename>0483.jpg</filename>
   <path>E:\416multip416\0483.jpg</path>
   <source>
      <database>Unknow</database>
   </source>
   <size>
      <width>416</width>
      <height>416</height>
      <depth>3</depth>
   </size>
   <segmented>0</segmented>
   <object>
      <name>head</name>
      <pose>Unspecified</pose>
      <truncated>0</truncated>
      <difficult>0</difficult>
      <bndbox>
         <xmin>130</xmin>
         <ymin>50</ymin>
         <xmax>317</xmax>
         <ymax>291</ymax>
      </bndbox>
   </object>
   <object>
      <name>mouth</name>
      <pose>Unspecified</pose>
      <truncated>0</truncated>
      <difficult>0</difficult>
      <bndbox>
         <xmin>186</xmin>
         <ymin>245</ymin>
         <xmax>241</xmax>
         <ymax>269</ymax>
      </bndbox>
   </object>
   <object>
      <name>nose</name>
      <pose>Unspecified</pose>
      <truncated>0</truncated>
      <difficult>0</difficult>
      <bndbox>
         <xmin>194</xmin>
         <ymin>209</ymin>
         <xmax>235</xmax>
         <ymax>239</ymax>
      </bndbox>
   </object>
   <object>
      <name>leftiris</name>
      <pose>Unspecified</pose>
      <truncated>0</truncated>
      <difficult>0</difficult>
      <bndbox>
         <xmin>237.677004595577</xmin>
         <ymin>180.269454426347</ymin>
         <xmax>251.677004595577</xmax>
         <ymax>189.29545641884</ymax>
      </bndbox>
   </object>
   <object>
      <name>righteye</name>
      <pose>Unspecified</pose>
      <truncated>0</truncated>
      <difficult>0</difficult>
      <bndbox>
         <xmin>167</xmin>
         <ymin>175</ymin>
         <xmax>200</xmax>
         <ymax>191</ymax>
      </bndbox>
   </object>
   <object>
      <name>lefteye</name>
      <pose>Unspecified</pose>
      <truncated>0</truncated>
      <difficult>0</difficult>
      <bndbox>
         <xmin>230.570206890534</xmin>
         <ymin>177.729316089904</ymin>
         <xmax>262.588668532832</xmax>
         <ymax>191.834365271534</ymax>
      </bndbox>
   </object>
   <object>
      <name>rightiris</name>
      <pose>Unspecified</pose>
      <truncated>0</truncated>
      <difficult>0</difficult>
      <bndbox>
         <xmin>179.509928853037</xmin>
         <ymin>178.011417073537</ymin>
         <xmax>193.332877051033</xmax>
         <ymax>188.449153467943</ymax>
      </bndbox>
   </object>
</annotation>
