<annotation>
   <folder>416multip416</folder>
   <filename>0484.jpg</filename>
   <path>E:\416multip416\0484.jpg</path>
   <source>
      <database>Unknow</database>
   </source>
   <size>
      <width>416</width>
      <height>416</height>
      <depth>3</depth>
   </size>
   <segmented>0</segmented>
   <object>
      <name>head</name>
      <pose>Unspecified</pose>
      <truncated>0</truncated>
      <difficult>0</difficult>
      <bndbox>
         <xmin>120</xmin>
         <ymin>21</ymin>
         <xmax>305</xmax>
         <ymax>276</ymax>
      </bndbox>
   </object>
   <object>
      <name>mouth</name>
      <pose>Unspecified</pose>
      <truncated>0</truncated>
      <difficult>0</difficult>
      <bndbox>
         <xmin>189</xmin>
         <ymin>216</ymin>
         <xmax>242</xmax>
         <ymax>241</ymax>
      </bndbox>
   </object>
   <object>
      <name>nose</name>
      <pose>Unspecified</pose>
      <truncated>0</truncated>
      <difficult>0</difficult>
      <bndbox>
         <xmin>189</xmin>
         <ymin>177</ymin>
         <xmax>238</xmax>
         <ymax>208</ymax>
      </bndbox>
   </object>
   <object>
      <name>leftiris</name>
      <pose>Unspecified</pose>
      <truncated>0</truncated>
      <difficult>0</difficult>
      <bndbox>
         <xmin>237.193646053281</xmin>
         <ymin>151.666928891404</ymin>
         <xmax>250.193646053281</xmax>
         <ymax>163.262266592681</ymax>
      </bndbox>
   </object>
   <object>
      <name>righteye</name>
      <pose>Unspecified</pose>
      <truncated>0</truncated>
      <difficult>0</difficult>
      <bndbox>
         <xmin>161</xmin>
         <ymin>153</ymin>
         <xmax>195</xmax>
         <ymax>168</ymax>
      </bndbox>
   </object>
   <object>
      <name>lefteye</name>
      <pose>Unspecified</pose>
      <truncated>0</truncated>
      <difficult>0</difficult>
      <bndbox>
         <xmin>230.776694691446</xmin>
         <ymin>150.263053266891</ymin>
         <xmax>262.07109714242</xmax>
         <ymax>165.830012434812</ymax>
      </bndbox>
   </object>
   <object>
      <name>rightiris</name>
      <pose>Unspecified</pose>
      <truncated>0</truncated>
      <difficult>0</difficult>
      <bndbox>
         <xmin>172.546686782313</xmin>
         <ymin>155.456459914529</ymin>
         <xmax>186.001626569282</xmax>
         <ymax>165.348560089412</ymax>
      </bndbox>
   </object>
</annotation>
