<annotation>
   <folder>416multip416</folder>
   <filename>0485.jpg</filename>
   <path>E:\416multip416\0485.jpg</path>
   <source>
      <database>Unknow</database>
   </source>
   <size>
      <width>416</width>
      <height>416</height>
      <depth>3</depth>
   </size>
   <segmented>0</segmented>
   <object>
      <name>head</name>
      <pose>Unspecified</pose>
      <truncated>0</truncated>
      <difficult>0</difficult>
      <bndbox>
         <xmin>141</xmin>
         <ymin>35</ymin>
         <xmax>344</xmax>
         <ymax>285</ymax>
      </bndbox>
   </object>
   <object>
      <name>mouth</name>
      <pose>Unspecified</pose>
      <truncated>0</truncated>
      <difficult>0</difficult>
      <bndbox>
         <xmin>217</xmin>
         <ymin>226</ymin>
         <xmax>274</xmax>
         <ymax>249</ymax>
      </bndbox>
   </object>
   <object>
      <name>nose</name>
      <pose>Unspecified</pose>
      <truncated>0</truncated>
      <difficult>0</difficult>
      <bndbox>
         <xmin>224</xmin>
         <ymin>191</ymin>
         <xmax>267</xmax>
         <ymax>219</ymax>
      </bndbox>
   </object>
   <object>
      <name>leftiris</name>
      <pose>Unspecified</pose>
      <truncated>0</truncated>
      <difficult>0</difficult>
      <bndbox>
         <xmin>268.84561277101</xmin>
         <ymin>161.946822994438</ymin>
         <xmax>281.84561277101</xmax>
         <ymax>173.104218277169</ymax>
      </bndbox>
   </object>
   <object>
      <name>righteye</name>
      <pose>Unspecified</pose>
      <truncated>0</truncated>
      <difficult>0</difficult>
      <bndbox>
         <xmin>192</xmin>
         <ymin>160</ymin>
         <xmax>227</xmax>
         <ymax>175</ymax>
      </bndbox>
   </object>
   <object>
      <name>lefteye</name>
      <pose>Unspecified</pose>
      <truncated>0</truncated>
      <difficult>0</difficult>
      <bndbox>
         <xmin>261.215315872508</xmin>
         <ymin>160.315640352492</ymin>
         <xmax>293.412441471106</xmax>
         <ymax>174.458302998605</ymax>
      </bndbox>
   </object>
   <object>
      <name>rightiris</name>
      <pose>Unspecified</pose>
      <truncated>0</truncated>
      <difficult>0</difficult>
      <bndbox>
         <xmin>203.774356978235</xmin>
         <ymin>162.955900153186</ymin>
         <xmax>217.583697070668</xmax>
         <ymax>172.351948987482</ymax>
      </bndbox>
   </object>
</annotation>
