<annotation>
   <folder>416multip416</folder>
   <filename>0486.jpg</filename>
   <path>E:\416multip416\0486.jpg</path>
   <source>
      <database>Unknow</database>
   </source>
   <size>
      <width>416</width>
      <height>416</height>
      <depth>3</depth>
   </size>
   <segmented>0</segmented>
   <object>
      <name>head</name>
      <pose>Unspecified</pose>
      <truncated>0</truncated>
      <difficult>0</difficult>
      <bndbox>
         <xmin>170</xmin>
         <ymin>28</ymin>
         <xmax>366</xmax>
         <ymax>288</ymax>
      </bndbox>
   </object>
   <object>
      <name>mouth</name>
      <pose>Unspecified</pose>
      <truncated>0</truncated>
      <difficult>0</difficult>
      <bndbox>
         <xmin>225</xmin>
         <ymin>226</ymin>
         <xmax>286</xmax>
         <ymax>252</ymax>
      </bndbox>
   </object>
   <object>
      <name>nose</name>
      <pose>Unspecified</pose>
      <truncated>0</truncated>
      <difficult>0</difficult>
      <bndbox>
         <xmin>231</xmin>
         <ymin>187</ymin>
         <xmax>279</xmax>
         <ymax>221</ymax>
      </bndbox>
   </object>
   <object>
      <name>leftiris</name>
      <pose>Unspecified</pose>
      <truncated>0</truncated>
      <difficult>0</difficult>
      <bndbox>
         <xmin>282.233019729102</xmin>
         <ymin>163.148686347073</ymin>
         <xmax>295.203372188215</xmax>
         <ymax>173.145711627939</ymax>
      </bndbox>
   </object>
   <object>
      <name>righteye</name>
      <pose>Unspecified</pose>
      <truncated>0</truncated>
      <difficult>0</difficult>
      <bndbox>
         <xmin>206</xmin>
         <ymin>164</ymin>
         <xmax>239</xmax>
         <ymax>177</ymax>
      </bndbox>
   </object>
   <object>
      <name>lefteye</name>
      <pose>Unspecified</pose>
      <truncated>0</truncated>
      <difficult>0</difficult>
      <bndbox>
         <xmin>274.748295982434</xmin>
         <ymin>160.996636063293</ymin>
         <xmax>307.600388070506</xmax>
         <ymax>175.253204327928</ymax>
      </bndbox>
   </object>
   <object>
      <name>rightiris</name>
      <pose>Unspecified</pose>
      <truncated>0</truncated>
      <difficult>0</difficult>
      <bndbox>
         <xmin>220.21342852969</xmin>
         <ymin>165.710866035271</ymin>
         <xmax>232.474471823821</xmax>
         <ymax>174.137472898522</ymax>
      </bndbox>
   </object>
</annotation>
