<annotation>
   <folder>416multip416</folder>
   <filename>0487.jpg</filename>
   <path>E:\416multip416\0487.jpg</path>
   <source>
      <database>Unknow</database>
   </source>
   <size>
      <width>416</width>
      <height>416</height>
      <depth>3</depth>
   </size>
   <segmented>0</segmented>
   <object>
      <name>head</name>
      <pose>Unspecified</pose>
      <truncated>0</truncated>
      <difficult>0</difficult>
      <bndbox>
         <xmin>142</xmin>
         <ymin>32</ymin>
         <xmax>330</xmax>
         <ymax>288</ymax>
      </bndbox>
   </object>
   <object>
      <name>mouth</name>
      <pose>Unspecified</pose>
      <truncated>0</truncated>
      <difficult>0</difficult>
      <bndbox>
         <xmin>201</xmin>
         <ymin>225</ymin>
         <xmax>267</xmax>
         <ymax>252</ymax>
      </bndbox>
   </object>
   <object>
      <name>nose</name>
      <pose>Unspecified</pose>
      <truncated>0</truncated>
      <difficult>0</difficult>
      <bndbox>
         <xmin>208</xmin>
         <ymin>183</ymin>
         <xmax>259</xmax>
         <ymax>215</ymax>
      </bndbox>
   </object>
   <object>
      <name>leftiris</name>
      <pose>Unspecified</pose>
      <truncated>0</truncated>
      <difficult>0</difficult>
      <bndbox>
         <xmin>262.872844247252</xmin>
         <ymin>155.150453857937</ymin>
         <xmax>277.821385906946</xmax>
         <ymax>168.53153547284</ymax>
      </bndbox>
   </object>
   <object>
      <name>righteye</name>
      <pose>Unspecified</pose>
      <truncated>0</truncated>
      <difficult>0</difficult>
      <bndbox>
         <xmin>178</xmin>
         <ymin>153</ymin>
         <xmax>214</xmax>
         <ymax>170</ymax>
      </bndbox>
   </object>
   <object>
      <name>lefteye</name>
      <pose>Unspecified</pose>
      <truncated>0</truncated>
      <difficult>0</difficult>
      <bndbox>
         <xmin>254.501037926653</xmin>
         <ymin>152.733880389415</ymin>
         <xmax>289.105425252249</xmax>
         <ymax>170.336981768089</ymax>
      </bndbox>
   </object>
   <object>
      <name>rightiris</name>
      <pose>Unspecified</pose>
      <truncated>0</truncated>
      <difficult>0</difficult>
      <bndbox>
         <xmin>188.75620266074</xmin>
         <ymin>155.106354011123</ymin>
         <xmax>203.196272370007</xmax>
         <ymax>166.876543035529</ymax>
      </bndbox>
   </object>
</annotation>
