<annotation>
   <folder>416multip416</folder>
   <filename>0488.jpg</filename>
   <path>E:\416multip416\0488.jpg</path>
   <source>
      <database>Unknow</database>
   </source>
   <size>
      <width>416</width>
      <height>416</height>
      <depth>3</depth>
   </size>
   <segmented>0</segmented>
   <object>
      <name>head</name>
      <pose>Unspecified</pose>
      <truncated>0</truncated>
      <difficult>0</difficult>
      <bndbox>
         <xmin>139</xmin>
         <ymin>13</ymin>
         <xmax>343</xmax>
         <ymax>262</ymax>
      </bndbox>
   </object>
   <object>
      <name>mouth</name>
      <pose>Unspecified</pose>
      <truncated>0</truncated>
      <difficult>0</difficult>
      <bndbox>
         <xmin>197</xmin>
         <ymin>198</ymin>
         <xmax>254</xmax>
         <ymax>226</ymax>
      </bndbox>
   </object>
   <object>
      <name>nose</name>
      <pose>Unspecified</pose>
      <truncated>0</truncated>
      <difficult>0</difficult>
      <bndbox>
         <xmin>202</xmin>
         <ymin>161</ymin>
         <xmax>249</xmax>
         <ymax>194</ymax>
      </bndbox>
   </object>
   <object>
      <name>leftiris</name>
      <pose>Unspecified</pose>
      <truncated>0</truncated>
      <difficult>0</difficult>
      <bndbox>
         <xmin>252.845286563636</xmin>
         <ymin>136.974706885428</ymin>
         <xmax>266.845286563636</xmax>
         <ymax>147.155270141625</ymax>
      </bndbox>
   </object>
   <object>
      <name>righteye</name>
      <pose>Unspecified</pose>
      <truncated>0</truncated>
      <difficult>0</difficult>
      <bndbox>
         <xmin>174</xmin>
         <ymin>132</ymin>
         <xmax>208</xmax>
         <ymax>147</ymax>
      </bndbox>
   </object>
   <object>
      <name>lefteye</name>
      <pose>Unspecified</pose>
      <truncated>0</truncated>
      <difficult>0</difficult>
      <bndbox>
         <xmin>242.735385292808</xmin>
         <ymin>135.024927845424</ymin>
         <xmax>280.536917099574</xmax>
         <ymax>150.258380961584</ymax>
      </bndbox>
   </object>
   <object>
      <name>rightiris</name>
      <pose>Unspecified</pose>
      <truncated>0</truncated>
      <difficult>0</difficult>
      <bndbox>
         <xmin>184.746146879872</xmin>
         <ymin>134.435798032735</ymin>
         <xmax>198.868682337941</xmax>
         <ymax>144.475310797116</ymax>
      </bndbox>
   </object>
</annotation>
