<annotation>
   <folder>416multip416</folder>
   <filename>0489.jpg</filename>
   <path>E:\416multip416\0489.jpg</path>
   <source>
      <database>Unknow</database>
   </source>
   <size>
      <width>416</width>
      <height>416</height>
      <depth>3</depth>
   </size>
   <segmented>0</segmented>
   <object>
      <name>head</name>
      <pose>Unspecified</pose>
      <truncated>0</truncated>
      <difficult>0</difficult>
      <bndbox>
         <xmin>134</xmin>
         <ymin>30</ymin>
         <xmax>344</xmax>
         <ymax>274</ymax>
      </bndbox>
   </object>
   <object>
      <name>mouth</name>
      <pose>Unspecified</pose>
      <truncated>0</truncated>
      <difficult>0</difficult>
      <bndbox>
         <xmin>216</xmin>
         <ymin>223</ymin>
         <xmax>273</xmax>
         <ymax>244</ymax>
      </bndbox>
   </object>
   <object>
      <name>nose</name>
      <pose>Unspecified</pose>
      <truncated>0</truncated>
      <difficult>0</difficult>
      <bndbox>
         <xmin>220</xmin>
         <ymin>183</ymin>
         <xmax>263</xmax>
         <ymax>213</ymax>
      </bndbox>
   </object>
   <object>
      <name>leftiris</name>
      <pose>Unspecified</pose>
      <truncated>0</truncated>
      <difficult>0</difficult>
      <bndbox>
         <xmin>266.646357383198</xmin>
         <ymin>153.561894261978</ymin>
         <xmax>279.646357383198</xmax>
         <ymax>165.561894261978</ymax>
      </bndbox>
   </object>
   <object>
      <name>righteye</name>
      <pose>Unspecified</pose>
      <truncated>0</truncated>
      <difficult>0</difficult>
      <bndbox>
         <xmin>189</xmin>
         <ymin>155</ymin>
         <xmax>224</xmax>
         <ymax>171</ymax>
      </bndbox>
   </object>
   <object>
      <name>lefteye</name>
      <pose>Unspecified</pose>
      <truncated>0</truncated>
      <difficult>0</difficult>
      <bndbox>
         <xmin>257.248094120488</xmin>
         <ymin>152.092123202375</ymin>
         <xmax>291.893621172865</xmax>
         <ymax>167.82806869563</ymax>
      </bndbox>
   </object>
   <object>
      <name>rightiris</name>
      <pose>Unspecified</pose>
      <truncated>0</truncated>
      <difficult>0</difficult>
      <bndbox>
         <xmin>199.948906961858</xmin>
         <ymin>156.363749590566</ymin>
         <xmax>214.007302723056</xmax>
         <ymax>169.150417056407</ymax>
      </bndbox>
   </object>
</annotation>
