<annotation>
   <folder>416multip416</folder>
   <filename>0490.jpg</filename>
   <path>E:\416multip416\0490.jpg</path>
   <source>
      <database>Unknow</database>
   </source>
   <size>
      <width>416</width>
      <height>416</height>
      <depth>3</depth>
   </size>
   <segmented>0</segmented>
   <object>
      <name>head</name>
      <pose>Unspecified</pose>
      <truncated>0</truncated>
      <difficult>0</difficult>
      <bndbox>
         <xmin>171</xmin>
         <ymin>58</ymin>
         <xmax>363</xmax>
         <ymax>301</ymax>
      </bndbox>
   </object>
   <object>
      <name>mouth</name>
      <pose>Unspecified</pose>
      <truncated>0</truncated>
      <difficult>0</difficult>
      <bndbox>
         <xmin>237</xmin>
         <ymin>239</ymin>
         <xmax>298</xmax>
         <ymax>266</ymax>
      </bndbox>
   </object>
   <object>
      <name>nose</name>
      <pose>Unspecified</pose>
      <truncated>0</truncated>
      <difficult>0</difficult>
      <bndbox>
         <xmin>242</xmin>
         <ymin>204</ymin>
         <xmax>292</xmax>
         <ymax>234</ymax>
      </bndbox>
   </object>
   <object>
      <name>leftiris</name>
      <pose>Unspecified</pose>
      <truncated>0</truncated>
      <difficult>0</difficult>
      <bndbox>
         <xmin>291.542764462676</xmin>
         <ymin>174.032954917667</ymin>
         <xmax>303.952124493789</xmax>
         <ymax>182.907409257147</ymax>
      </bndbox>
   </object>
   <object>
      <name>righteye</name>
      <pose>Unspecified</pose>
      <truncated>0</truncated>
      <difficult>0</difficult>
      <bndbox>
         <xmin>215</xmin>
         <ymin>174</ymin>
         <xmax>248</xmax>
         <ymax>190</ymax>
      </bndbox>
   </object>
   <object>
      <name>lefteye</name>
      <pose>Unspecified</pose>
      <truncated>0</truncated>
      <difficult>0</difficult>
      <bndbox>
         <xmin>283.980584774478</xmin>
         <ymin>171.998035280731</ymin>
         <xmax>313.361512415509</xmax>
         <ymax>184.519021321845</ymax>
      </bndbox>
   </object>
   <object>
      <name>rightiris</name>
      <pose>Unspecified</pose>
      <truncated>0</truncated>
      <difficult>0</difficult>
      <bndbox>
         <xmin>224.849756782638</xmin>
         <ymin>177.206746670562</ymin>
         <xmax>238.235596168824</xmax>
         <ymax>186.750484180657</ymax>
      </bndbox>
   </object>
</annotation>
