<annotation>
   <folder>416multip416</folder>
   <filename>0491.jpg</filename>
   <path>E:\416multip416\0491.jpg</path>
   <source>
      <database>Unknow</database>
   </source>
   <size>
      <width>416</width>
      <height>416</height>
      <depth>3</depth>
   </size>
   <segmented>0</segmented>
   <object>
      <name>head</name>
      <pose>Unspecified</pose>
      <truncated>0</truncated>
      <difficult>0</difficult>
      <bndbox>
         <xmin>152</xmin>
         <ymin>54</ymin>
         <xmax>343</xmax>
         <ymax>298</ymax>
      </bndbox>
   </object>
   <object>
      <name>mouth</name>
      <pose>Unspecified</pose>
      <truncated>0</truncated>
      <difficult>0</difficult>
      <bndbox>
         <xmin>225</xmin>
         <ymin>240</ymin>
         <xmax>279</xmax>
         <ymax>267</ymax>
      </bndbox>
   </object>
   <object>
      <name>nose</name>
      <pose>Unspecified</pose>
      <truncated>0</truncated>
      <difficult>0</difficult>
      <bndbox>
         <xmin>230</xmin>
         <ymin>204</ymin>
         <xmax>280</xmax>
         <ymax>232</ymax>
      </bndbox>
   </object>
   <object>
      <name>leftiris</name>
      <pose>Unspecified</pose>
      <truncated>0</truncated>
      <difficult>0</difficult>
      <bndbox>
         <xmin>278.097319833564</xmin>
         <ymin>177.474585936359</ymin>
         <xmax>291.499171964126</xmax>
         <ymax>187.576740357943</ymax>
      </bndbox>
   </object>
   <object>
      <name>righteye</name>
      <pose>Unspecified</pose>
      <truncated>0</truncated>
      <difficult>0</difficult>
      <bndbox>
         <xmin>207</xmin>
         <ymin>176</ymin>
         <xmax>238</xmax>
         <ymax>190</ymax>
      </bndbox>
   </object>
   <object>
      <name>lefteye</name>
      <pose>Unspecified</pose>
      <truncated>0</truncated>
      <difficult>0</difficult>
      <bndbox>
         <xmin>272.213579873804</xmin>
         <ymin>175.809260438425</ymin>
         <xmax>301.850195967407</xmax>
         <ymax>189.102154421585</ymax>
      </bndbox>
   </object>
   <object>
      <name>rightiris</name>
      <pose>Unspecified</pose>
      <truncated>0</truncated>
      <difficult>0</difficult>
      <bndbox>
         <xmin>216.322386677092</xmin>
         <ymin>178.614995537671</ymin>
         <xmax>229.93781868146</xmax>
         <ymax>188.666321831973</ymax>
      </bndbox>
   </object>
</annotation>
