<annotation>
   <folder>416multip416</folder>
   <filename>0492.jpg</filename>
   <path>E:\416multip416\0492.jpg</path>
   <source>
      <database>Unknow</database>
   </source>
   <size>
      <width>416</width>
      <height>416</height>
      <depth>3</depth>
   </size>
   <segmented>0</segmented>
   <object>
      <name>head</name>
      <pose>Unspecified</pose>
      <truncated>0</truncated>
      <difficult>0</difficult>
      <bndbox>
         <xmin>158</xmin>
         <ymin>41</ymin>
         <xmax>353</xmax>
         <ymax>294</ymax>
      </bndbox>
   </object>
   <object>
      <name>mouth</name>
      <pose>Unspecified</pose>
      <truncated>0</truncated>
      <difficult>0</difficult>
      <bndbox>
         <xmin>222</xmin>
         <ymin>230</ymin>
         <xmax>278</xmax>
         <ymax>253</ymax>
      </bndbox>
   </object>
   <object>
      <name>nose</name>
      <pose>Unspecified</pose>
      <truncated>0</truncated>
      <difficult>0</difficult>
      <bndbox>
         <xmin>228</xmin>
         <ymin>193</ymin>
         <xmax>273</xmax>
         <ymax>223</ymax>
      </bndbox>
   </object>
   <object>
      <name>leftiris</name>
      <pose>Unspecified</pose>
      <truncated>0</truncated>
      <difficult>0</difficult>
      <bndbox>
         <xmin>275.228560005556</xmin>
         <ymin>162</ymin>
         <xmax>289.389052704795</xmax>
         <ymax>173.875428550692</ymax>
      </bndbox>
   </object>
   <object>
      <name>righteye</name>
      <pose>Unspecified</pose>
      <truncated>0</truncated>
      <difficult>0</difficult>
      <bndbox>
         <xmin>201</xmin>
         <ymin>160</ymin>
         <xmax>235</xmax>
         <ymax>175</ymax>
      </bndbox>
   </object>
   <object>
      <name>lefteye</name>
      <pose>Unspecified</pose>
      <truncated>0</truncated>
      <difficult>0</difficult>
      <bndbox>
         <xmin>269.924084834147</xmin>
         <ymin>159.770379369063</ymin>
         <xmax>299.121536640119</xmax>
         <ymax>175.991185927936</ymax>
      </bndbox>
   </object>
   <object>
      <name>rightiris</name>
      <pose>Unspecified</pose>
      <truncated>0</truncated>
      <difficult>0</difficult>
      <bndbox>
         <xmin>214.695560650728</xmin>
         <ymin>161.269454426347</ymin>
         <xmax>228.878391715606</xmax>
         <ymax>173.311226583426</ymax>
      </bndbox>
   </object>
</annotation>
