<annotation>
   <folder>416multip416</folder>
   <filename>0493.jpg</filename>
   <path>E:\416multip416\0493.jpg</path>
   <source>
      <database>Unknow</database>
   </source>
   <size>
      <width>416</width>
      <height>416</height>
      <depth>3</depth>
   </size>
   <segmented>0</segmented>
   <object>
      <name>head</name>
      <pose>Unspecified</pose>
      <truncated>0</truncated>
      <difficult>0</difficult>
      <bndbox>
         <xmin>167</xmin>
         <ymin>4</ymin>
         <xmax>356</xmax>
         <ymax>247</ymax>
      </bndbox>
   </object>
   <object>
      <name>mouth</name>
      <pose>Unspecified</pose>
      <truncated>0</truncated>
      <difficult>0</difficult>
      <bndbox>
         <xmin>236</xmin>
         <ymin>181</ymin>
         <xmax>290</xmax>
         <ymax>205</ymax>
      </bndbox>
   </object>
   <object>
      <name>nose</name>
      <pose>Unspecified</pose>
      <truncated>0</truncated>
      <difficult>0</difficult>
      <bndbox>
         <xmin>240</xmin>
         <ymin>147</ymin>
         <xmax>283</xmax>
         <ymax>174</ymax>
      </bndbox>
   </object>
   <object>
      <name>leftiris</name>
      <pose>Unspecified</pose>
      <truncated>0</truncated>
      <difficult>0</difficult>
      <bndbox>
         <xmin>287.084333382029</xmin>
         <ymin>120.816007139727</ymin>
         <xmax>300.852869085921</xmax>
         <ymax>132.118314730661</ymax>
      </bndbox>
   </object>
   <object>
      <name>righteye</name>
      <pose>Unspecified</pose>
      <truncated>0</truncated>
      <difficult>0</difficult>
      <bndbox>
         <xmin>208</xmin>
         <ymin>122</ymin>
         <xmax>243</xmax>
         <ymax>137</ymax>
      </bndbox>
   </object>
   <object>
      <name>lefteye</name>
      <pose>Unspecified</pose>
      <truncated>0</truncated>
      <difficult>0</difficult>
      <bndbox>
         <xmin>278.538240497797</xmin>
         <ymin>118.636559958669</ymin>
         <xmax>313.288625642845</xmax>
         <ymax>134.907643304176</ymax>
      </bndbox>
   </object>
   <object>
      <name>rightiris</name>
      <pose>Unspecified</pose>
      <truncated>0</truncated>
      <difficult>0</difficult>
      <bndbox>
         <xmin>222.167430314621</xmin>
         <ymin>123.997547027549</ymin>
         <xmax>235.18742558441</xmax>
         <ymax>135.140087351969</ymax>
      </bndbox>
   </object>
</annotation>
