<annotation>
   <folder>416multip416</folder>
   <filename>0494.jpg</filename>
   <path>E:\416multip416\0494.jpg</path>
   <source>
      <database>Unknow</database>
   </source>
   <size>
      <width>416</width>
      <height>416</height>
      <depth>3</depth>
   </size>
   <segmented>0</segmented>
   <object>
      <name>head</name>
      <pose>Unspecified</pose>
      <truncated>0</truncated>
      <difficult>0</difficult>
      <bndbox>
         <xmin>143</xmin>
         <ymin>52</ymin>
         <xmax>349</xmax>
         <ymax>301</ymax>
      </bndbox>
   </object>
   <object>
      <name>mouth</name>
      <pose>Unspecified</pose>
      <truncated>0</truncated>
      <difficult>0</difficult>
      <bndbox>
         <xmin>220</xmin>
         <ymin>250</ymin>
         <xmax>274</xmax>
         <ymax>274</ymax>
      </bndbox>
   </object>
   <object>
      <name>nose</name>
      <pose>Unspecified</pose>
      <truncated>0</truncated>
      <difficult>0</difficult>
      <bndbox>
         <xmin>227</xmin>
         <ymin>210</ymin>
         <xmax>271</xmax>
         <ymax>244</ymax>
      </bndbox>
   </object>
   <object>
      <name>leftiris</name>
      <pose>Unspecified</pose>
      <truncated>0</truncated>
      <difficult>0</difficult>
      <bndbox>
         <xmin>273.84757133685</xmin>
         <ymin>188.370438692998</ymin>
         <xmax>286.748215989359</xmax>
         <ymax>198.870828936392</ymax>
      </bndbox>
   </object>
   <object>
      <name>righteye</name>
      <pose>Unspecified</pose>
      <truncated>0</truncated>
      <difficult>0</difficult>
      <bndbox>
         <xmin>202</xmin>
         <ymin>178</ymin>
         <xmax>237</xmax>
         <ymax>199</ymax>
      </bndbox>
   </object>
   <object>
      <name>lefteye</name>
      <pose>Unspecified</pose>
      <truncated>0</truncated>
      <difficult>0</difficult>
      <bndbox>
         <xmin>266.409361807475</xmin>
         <ymin>185.156630116607</ymin>
         <xmax>298.835306474593</xmax>
         <ymax>201.427713462115</ymax>
      </bndbox>
   </object>
   <object>
      <name>rightiris</name>
      <pose>Unspecified</pose>
      <truncated>0</truncated>
      <difficult>0</difficult>
      <bndbox>
         <xmin>215.675863652824</xmin>
         <ymin>183.837779761035</ymin>
         <xmax>229.218314160602</xmax>
         <ymax>195.500390243394</ymax>
      </bndbox>
   </object>
</annotation>
