<annotation>
   <folder>416multip416</folder>
   <filename>0495.jpg</filename>
   <path>E:\416multip416\0495.jpg</path>
   <source>
      <database>Unknow</database>
   </source>
   <size>
      <width>416</width>
      <height>416</height>
      <depth>3</depth>
   </size>
   <segmented>0</segmented>
   <object>
      <name>head</name>
      <pose>Unspecified</pose>
      <truncated>0</truncated>
      <difficult>0</difficult>
      <bndbox>
         <xmin>153</xmin>
         <ymin>39</ymin>
         <xmax>348</xmax>
         <ymax>294</ymax>
      </bndbox>
   </object>
   <object>
      <name>mouth</name>
      <pose>Unspecified</pose>
      <truncated>0</truncated>
      <difficult>0</difficult>
      <bndbox>
         <xmin>221</xmin>
         <ymin>243</ymin>
         <xmax>277</xmax>
         <ymax>268</ymax>
      </bndbox>
   </object>
   <object>
      <name>nose</name>
      <pose>Unspecified</pose>
      <truncated>0</truncated>
      <difficult>0</difficult>
      <bndbox>
         <xmin>225</xmin>
         <ymin>204</ymin>
         <xmax>272</xmax>
         <ymax>237</ymax>
      </bndbox>
   </object>
   <object>
      <name>leftiris</name>
      <pose>Unspecified</pose>
      <truncated>0</truncated>
      <difficult>0</difficult>
      <bndbox>
         <xmin>273.177973776412</xmin>
         <ymin>177.858949508184</ymin>
         <xmax>287.177973776412</xmax>
         <ymax>186.858949508184</ymax>
      </bndbox>
   </object>
   <object>
      <name>righteye</name>
      <pose>Unspecified</pose>
      <truncated>0</truncated>
      <difficult>0</difficult>
      <bndbox>
         <xmin>196</xmin>
         <ymin>176</ymin>
         <xmax>231</xmax>
         <ymax>190</ymax>
      </bndbox>
   </object>
   <object>
      <name>lefteye</name>
      <pose>Unspecified</pose>
      <truncated>0</truncated>
      <difficult>0</difficult>
      <bndbox>
         <xmin>265.559178848595</xmin>
         <ymin>176.19993228296</ymin>
         <xmax>299.129195900873</xmax>
         <ymax>190.446031956405</ymax>
      </bndbox>
   </object>
   <object>
      <name>rightiris</name>
      <pose>Unspecified</pose>
      <truncated>0</truncated>
      <difficult>0</difficult>
      <bndbox>
         <xmin>209.285055732565</xmin>
         <ymin>176.987353442714</ymin>
         <xmax>223.102980811892</xmax>
         <ymax>187.907123103712</ymax>
      </bndbox>
   </object>
</annotation>
