<annotation>
   <folder>416multip416</folder>
   <filename>0496.jpg</filename>
   <path>E:\416multip416\0496.jpg</path>
   <source>
      <database>Unknow</database>
   </source>
   <size>
      <width>416</width>
      <height>416</height>
      <depth>3</depth>
   </size>
   <segmented>0</segmented>
   <object>
      <name>head</name>
      <pose>Unspecified</pose>
      <truncated>0</truncated>
      <difficult>0</difficult>
      <bndbox>
         <xmin>143</xmin>
         <ymin>36</ymin>
         <xmax>337</xmax>
         <ymax>284</ymax>
      </bndbox>
   </object>
   <object>
      <name>mouth</name>
      <pose>Unspecified</pose>
      <truncated>0</truncated>
      <difficult>0</difficult>
      <bndbox>
         <xmin>209</xmin>
         <ymin>216</ymin>
         <xmax>267</xmax>
         <ymax>240</ymax>
      </bndbox>
   </object>
   <object>
      <name>nose</name>
      <pose>Unspecified</pose>
      <truncated>0</truncated>
      <difficult>0</difficult>
      <bndbox>
         <xmin>217</xmin>
         <ymin>180</ymin>
         <xmax>261</xmax>
         <ymax>210</ymax>
      </bndbox>
   </object>
   <object>
      <name>leftiris</name>
      <pose>Unspecified</pose>
      <truncated>0</truncated>
      <difficult>0</difficult>
      <bndbox>
         <xmin>263.132784569549</xmin>
         <ymin>154.489113689346</ymin>
         <xmax>277.132784569549</xmax>
         <ymax>164.151628733133</ymax>
      </bndbox>
   </object>
   <object>
      <name>righteye</name>
      <pose>Unspecified</pose>
      <truncated>0</truncated>
      <difficult>0</difficult>
      <bndbox>
         <xmin>190</xmin>
         <ymin>154</ymin>
         <xmax>226</xmax>
         <ymax>168</ymax>
      </bndbox>
   </object>
   <object>
      <name>lefteye</name>
      <pose>Unspecified</pose>
      <truncated>0</truncated>
      <difficult>0</difficult>
      <bndbox>
         <xmin>254.778060019003</xmin>
         <ymin>151.715872176209</ymin>
         <xmax>289.644667187947</xmax>
         <ymax>166.476069211062</ymax>
      </bndbox>
   </object>
   <object>
      <name>rightiris</name>
      <pose>Unspecified</pose>
      <truncated>0</truncated>
      <difficult>0</difficult>
      <bndbox>
         <xmin>202.629865437756</xmin>
         <ymin>155.673106549619</ymin>
         <xmax>215.030127846406</xmax>
         <ymax>165.430070995994</ymax>
      </bndbox>
   </object>
</annotation>
