<annotation>
   <folder>416multip416</folder>
   <filename>0497.jpg</filename>
   <path>E:\416multip416\0497.jpg</path>
   <source>
      <database>Unknow</database>
   </source>
   <size>
      <width>416</width>
      <height>416</height>
      <depth>3</depth>
   </size>
   <segmented>0</segmented>
   <object>
      <name>head</name>
      <pose>Unspecified</pose>
      <truncated>0</truncated>
      <difficult>0</difficult>
      <bndbox>
         <xmin>154</xmin>
         <ymin>48</ymin>
         <xmax>349</xmax>
         <ymax>293</ymax>
      </bndbox>
   </object>
   <object>
      <name>mouth</name>
      <pose>Unspecified</pose>
      <truncated>0</truncated>
      <difficult>0</difficult>
      <bndbox>
         <xmin>218</xmin>
         <ymin>236</ymin>
         <xmax>278</xmax>
         <ymax>261</ymax>
      </bndbox>
   </object>
   <object>
      <name>nose</name>
      <pose>Unspecified</pose>
      <truncated>0</truncated>
      <difficult>0</difficult>
      <bndbox>
         <xmin>224</xmin>
         <ymin>198</ymin>
         <xmax>270</xmax>
         <ymax>230</ymax>
      </bndbox>
   </object>
   <object>
      <name>leftiris</name>
      <pose>Unspecified</pose>
      <truncated>0</truncated>
      <difficult>0</difficult>
      <bndbox>
         <xmin>272.994255397162</xmin>
         <ymin>175.086374368125</ymin>
         <xmax>284.994255397162</xmax>
         <ymax>183.664650001552</ymax>
      </bndbox>
   </object>
   <object>
      <name>righteye</name>
      <pose>Unspecified</pose>
      <truncated>0</truncated>
      <difficult>0</difficult>
      <bndbox>
         <xmin>196</xmin>
         <ymin>172</ymin>
         <xmax>231</xmax>
         <ymax>186</ymax>
      </bndbox>
   </object>
   <object>
      <name>lefteye</name>
      <pose>Unspecified</pose>
      <truncated>0</truncated>
      <difficult>0</difficult>
      <bndbox>
         <xmin>265.761115493338</xmin>
         <ymin>173.220834770076</ymin>
         <xmax>293.971213856596</xmax>
         <ymax>185.069076082645</ymax>
      </bndbox>
   </object>
   <object>
      <name>rightiris</name>
      <pose>Unspecified</pose>
      <truncated>0</truncated>
      <difficult>0</difficult>
      <bndbox>
         <xmin>210.131358683463</xmin>
         <ymin>174.269454426347</ymin>
         <xmax>222.881765981185</xmax>
         <ymax>183.658571164482</ymax>
      </bndbox>
   </object>
</annotation>
