<annotation>
   <folder>416multip416</folder>
   <filename>0498.jpg</filename>
   <path>E:\416multip416\0498.jpg</path>
   <source>
      <database>Unknow</database>
   </source>
   <size>
      <width>416</width>
      <height>416</height>
      <depth>3</depth>
   </size>
   <segmented>0</segmented>
   <object>
      <name>head</name>
      <pose>Unspecified</pose>
      <truncated>0</truncated>
      <difficult>0</difficult>
      <bndbox>
         <xmin>151</xmin>
         <ymin>42</ymin>
         <xmax>337</xmax>
         <ymax>297</ymax>
      </bndbox>
   </object>
   <object>
      <name>mouth</name>
      <pose>Unspecified</pose>
      <truncated>0</truncated>
      <difficult>0</difficult>
      <bndbox>
         <xmin>215</xmin>
         <ymin>239</ymin>
         <xmax>269</xmax>
         <ymax>265</ymax>
      </bndbox>
   </object>
   <object>
      <name>nose</name>
      <pose>Unspecified</pose>
      <truncated>0</truncated>
      <difficult>0</difficult>
      <bndbox>
         <xmin>214</xmin>
         <ymin>197</ymin>
         <xmax>267</xmax>
         <ymax>230</ymax>
      </bndbox>
   </object>
   <object>
      <name>leftiris</name>
      <pose>Unspecified</pose>
      <truncated>0</truncated>
      <difficult>0</difficult>
      <bndbox>
         <xmin>269.500605208321</xmin>
         <ymin>173.194553704751</ymin>
         <xmax>284.13747495223</xmax>
         <ymax>184.030128136686</ymax>
      </bndbox>
   </object>
   <object>
      <name>righteye</name>
      <pose>Unspecified</pose>
      <truncated>0</truncated>
      <difficult>0</difficult>
      <bndbox>
         <xmin>194</xmin>
         <ymin>171</ymin>
         <xmax>225</xmax>
         <ymax>186</ymax>
      </bndbox>
   </object>
   <object>
      <name>lefteye</name>
      <pose>Unspecified</pose>
      <truncated>0</truncated>
      <difficult>0</difficult>
      <bndbox>
         <xmin>262.32166555131</xmin>
         <ymin>171.993819501696</ymin>
         <xmax>294.518791149909</xmax>
         <ymax>185.835574431935</ymax>
      </bndbox>
   </object>
   <object>
      <name>rightiris</name>
      <pose>Unspecified</pose>
      <truncated>0</truncated>
      <difficult>0</difficult>
      <bndbox>
         <xmin>203.322995404423</xmin>
         <ymin>174.46043873256</ymin>
         <xmax>217.486415885971</xmax>
         <ymax>184.481489710499</ymax>
      </bndbox>
   </object>
</annotation>
