<annotation>
   <folder>416multip416</folder>
   <filename>0499.jpg</filename>
   <path>E:\416multip416\0499.jpg</path>
   <source>
      <database>Unknow</database>
   </source>
   <size>
      <width>416</width>
      <height>416</height>
      <depth>3</depth>
   </size>
   <segmented>0</segmented>
   <object>
      <name>head</name>
      <pose>Unspecified</pose>
      <truncated>0</truncated>
      <difficult>0</difficult>
      <bndbox>
         <xmin>175</xmin>
         <ymin>16</ymin>
         <xmax>371</xmax>
         <ymax>271</ymax>
      </bndbox>
   </object>
   <object>
      <name>mouth</name>
      <pose>Unspecified</pose>
      <truncated>0</truncated>
      <difficult>0</difficult>
      <bndbox>
         <xmin>246</xmin>
         <ymin>198</ymin>
         <xmax>296</xmax>
         <ymax>223</ymax>
      </bndbox>
   </object>
   <object>
      <name>nose</name>
      <pose>Unspecified</pose>
      <truncated>0</truncated>
      <difficult>0</difficult>
      <bndbox>
         <xmin>251</xmin>
         <ymin>160</ymin>
         <xmax>291</xmax>
         <ymax>192</ymax>
      </bndbox>
   </object>
   <object>
      <name>leftiris</name>
      <pose>Unspecified</pose>
      <truncated>0</truncated>
      <difficult>0</difficult>
      <bndbox>
         <xmin>300.574026759538</xmin>
         <ymin>131.298536201615</ymin>
         <xmax>314.05578153153</xmax>
         <ymax>142.21959282978</ymax>
      </bndbox>
   </object>
   <object>
      <name>righteye</name>
      <pose>Unspecified</pose>
      <truncated>0</truncated>
      <difficult>0</difficult>
      <bndbox>
         <xmin>224</xmin>
         <ymin>128</ymin>
         <xmax>255</xmax>
         <ymax>143</ymax>
      </bndbox>
   </object>
   <object>
      <name>lefteye</name>
      <pose>Unspecified</pose>
      <truncated>0</truncated>
      <difficult>0</difficult>
      <bndbox>
         <xmin>292.976089239924</xmin>
         <ymin>129.067271602098</ymin>
         <xmax>324.473771570068</xmax>
         <ymax>145.158478879454</ymax>
      </bndbox>
   </object>
   <object>
      <name>rightiris</name>
      <pose>Unspecified</pose>
      <truncated>0</truncated>
      <difficult>0</difficult>
      <bndbox>
         <xmin>235.167225360829</xmin>
         <ymin>131.054196673705</ymin>
         <xmax>247.954945474557</xmax>
         <ymax>140.536536363618</ymax>
      </bndbox>
   </object>
</annotation>
