<annotation>
   <folder>416multip416</folder>
   <filename>0500.jpg</filename>
   <path>E:\416multip416\0500.jpg</path>
   <source>
      <database>Unknow</database>
   </source>
   <size>
      <width>416</width>
      <height>416</height>
      <depth>3</depth>
   </size>
   <segmented>0</segmented>
   <object>
      <name>head</name>
      <pose>Unspecified</pose>
      <truncated>0</truncated>
      <difficult>0</difficult>
      <bndbox>
         <xmin>107</xmin>
         <ymin>43</ymin>
         <xmax>319</xmax>
         <ymax>296</ymax>
      </bndbox>
   </object>
   <object>
      <name>mouth</name>
      <pose>Unspecified</pose>
      <truncated>0</truncated>
      <difficult>0</difficult>
      <bndbox>
         <xmin>182</xmin>
         <ymin>229</ymin>
         <xmax>240</xmax>
         <ymax>256</ymax>
      </bndbox>
   </object>
   <object>
      <name>nose</name>
      <pose>Unspecified</pose>
      <truncated>0</truncated>
      <difficult>0</difficult>
      <bndbox>
         <xmin>184</xmin>
         <ymin>191</ymin>
         <xmax>232</xmax>
         <ymax>219</ymax>
      </bndbox>
   </object>
   <object>
      <name>leftiris</name>
      <pose>Unspecified</pose>
      <truncated>0</truncated>
      <difficult>0</difficult>
      <bndbox>
         <xmin>233.416170965351</xmin>
         <ymin>163.459352494721</ymin>
         <xmax>247.966730737428</xmax>
         <ymax>176.24239426295</ymax>
      </bndbox>
   </object>
   <object>
      <name>righteye</name>
      <pose>Unspecified</pose>
      <truncated>0</truncated>
      <difficult>0</difficult>
      <bndbox>
         <xmin>152</xmin>
         <ymin>162</ymin>
         <xmax>190</xmax>
         <ymax>178</ymax>
      </bndbox>
   </object>
   <object>
      <name>lefteye</name>
      <pose>Unspecified</pose>
      <truncated>0</truncated>
      <difficult>0</difficult>
      <bndbox>
         <xmin>226.740031775809</xmin>
         <ymin>161.178285322447</ymin>
         <xmax>258.580080218237</xmax>
         <ymax>178.296590936655</ymax>
      </bndbox>
   </object>
   <object>
      <name>rightiris</name>
      <pose>Unspecified</pose>
      <truncated>0</truncated>
      <difficult>0</difficult>
      <bndbox>
         <xmin>166.941845630982</xmin>
         <ymin>165.10839334741</ymin>
         <xmax>181.205338842015</xmax>
         <ymax>177.440675655944</ymax>
      </bndbox>
   </object>
</annotation>
